solid OpenSCAD_Model
  facet normal 0 0 -1
    outer loop
      vertex 2 0.5358983848622456 0
      vertex 1.5649542839651174 0.8265866388350593 0
      vertex 1.1715728752538097 1.1715728752538097 0
    endloop
  endfacet
  facet normal 0 0 -1
    outer loop
      vertex 2 0.5358983848622456 0
      vertex 1.1715728752538097 1.1715728752538097 0
      vertex 0.5358983848622456 2 0
    endloop
  endfacet
  facet normal 0 0 -1
    outer loop
      vertex 1.1715728752538097 1.1715728752538097 0
      vertex 0.8265866388350593 1.5649542839651174 0
      vertex 0.5358983848622456 2 0
    endloop
  endfacet
  facet normal 0 0 -1
    outer loop
      vertex 0.5358983848622456 2 0
      vertex 0.30448186995485305 2.4692662705396407 0
      vertex 0.13629669484372675 2.964723819589917 0
    endloop
  endfacet
  facet normal 0 0 -1
    outer loop
      vertex 2 0.5358983848622456 0
      vertex 0.5358983848622456 2 0
      vertex 0 4 0
    endloop
  endfacet
  facet normal 0 0 -1
    outer loop
      vertex 2 0.5358983848622456 0
      vertex 2.964723819589917 0.13629669484372675 0
      vertex 2.4692662705396407 0.30448186995485305 0
    endloop
  endfacet
  facet normal 0 0 -1
    outer loop
      vertex 2 0.5358983848622456 0
      vertex 4 0 0
      vertex 2.964723819589917 0.13629669484372675 0
    endloop
  endfacet
  facet normal 0 0 -1
    outer loop
      vertex 2.964723819589917 0.13629669484372675 0
      vertex 4 0 0
      vertex 3.4778952311197937 0.03422055450475847 0
    endloop
  endfacet
  facet normal 0 0 -1
    outer loop
      vertex 2 0.5358983848622456 0
      vertex 3.823618689896259 3.823618689896259 0
      vertex 4.1471748985613095 3.539867510441837 0
    endloop
  endfacet
  facet normal 0 0 -1
    outer loop
      vertex 2 0.5358983848622456 0
      vertex 4.505 3.3007764215491977 0
      vertex 4.890971507518855 3.110436338037867 0
    endloop
  endfacet
  facet normal 0 0 -1
    outer loop
      vertex 2 0.5358983848622456 0
      vertex 4.1471748985613095 3.539867510441837 0
      vertex 4.505 3.3007764215491977 0
    endloop
  endfacet
  facet normal 0 0 -1
    outer loop
      vertex 2 0.5358983848622456 0
      vertex 4.890971507518855 3.110436338037867 0
      vertex 5.298485341612707 2.972104031508966 0
    endloop
  endfacet
  facet normal 0 0 -1
    outer loop
      vertex 2 0.5358983848622456 0
      vertex 5.298485341612707 2.972104031508966 0
      vertex 5.720568827596031 2.888146406080164 0
    endloop
  endfacet
  facet normal -0.6593458151000686 -0.7518398074789777 0
    outer loop
      vertex 1.5649542839651174 0.8265866388350593 0
      vertex 1.5649542839651174 0.8265866388350593 2.4
      vertex 1.1715728752538097 1.1715728752538097 0
    endloop
  endfacet
  facet normal -0.555570233019602 -0.8314696123025455 9.687354497959671e-18
    outer loop
      vertex 2 0.5358983848622456 0
      vertex 1.5649542839651174 0.8265866388350593 2.4
      vertex 1.5649542839651174 0.8265866388350593 0
    endloop
  endfacet
  facet normal -0.8314696123025455 -0.555570233019602 9.687354497959671e-18
    outer loop
      vertex 0.5358983848622456 2 0
      vertex 0.8265866388350593 1.5649542839651174 0
      vertex 0.8265866388350593 1.5649542839651174 2.4
    endloop
  endfacet
  facet normal -0.7518398074789777 -0.6593458151000686 1.6899847216549063e-18
    outer loop
      vertex 1.1715728752538097 1.1715728752538097 0
      vertex 0.8265866388350593 1.5649542839651174 2.4
      vertex 0.8265866388350593 1.5649542839651174 0
    endloop
  endfacet
  facet normal -0.896872741532688 -0.44228869021900163 -4.277414292149873e-18
    outer loop
      vertex 0.5358983848622456 2 0
      vertex 0.30448186995485305 2.4692662705396407 2.4
      vertex 0.30448186995485305 2.4692662705396407 0
    endloop
  endfacet
  facet normal -0.9469301294951056 -0.3214394653031617 0
    outer loop
      vertex 0.30448186995485305 2.4692662705396407 0
      vertex 0.30448186995485305 2.4692662705396407 2.4
      vertex 0.13629669484372675 2.964723819589917 0
    endloop
  endfacet
  facet normal -0.3214394653031617 -0.9469301294951056 0
    outer loop
      vertex 2.4692662705396407 0.30448186995485305 0
      vertex 2.964723819589917 0.13629669484372675 0
      vertex 2.4692662705396407 0.30448186995485305 2.4
    endloop
  endfacet
  facet normal -0.44228869021900163 -0.896872741532688 -4.277414292149873e-18
    outer loop
      vertex 2 0.5358983848622456 0
      vertex 2.4692662705396407 0.30448186995485305 0
      vertex 2.4692662705396407 0.30448186995485305 2.4
    endloop
  endfacet
  facet normal -0.1950903220161279 -0.9807852804032304 -3.7342659726372787e-19
    outer loop
      vertex 2.964723819589917 0.13629669484372675 0
      vertex 3.4778952311197937 0.03422055450475847 0
      vertex 3.4778952311197937 0.03422055450475847 2.4
    endloop
  endfacet
  facet normal -0.0654031292301433 -0.9978589232386035 0
    outer loop
      vertex 3.4778952311197937 0.03422055450475847 0
      vertex 4 0 0
      vertex 3.4778952311197937 0.03422055450475847 2.4
    endloop
  endfacet
  facet normal 0 0 -1
    outer loop
      vertex 0.5358983848622456 2 0
      vertex 0.13629669484372675 2.964723819589917 0
      vertex 0 4 0
    endloop
  endfacet
  facet normal 0 0 -1
    outer loop
      vertex 0.13629669484372675 2.964723819589917 0
      vertex 0.03422055450475847 3.4778952311197937 0
      vertex 0 4 0
    endloop
  endfacet
  facet normal 0 0 -1
    outer loop
      vertex 2 0.5358983848622456 0
      vertex 3.110436338037867 4.890971507518855 0
      vertex 3.3007764215491977 4.505 0
    endloop
  endfacet
  facet normal 0 0 -1
    outer loop
      vertex 2 0.5358983848622456 0
      vertex 3.3007764215491977 4.505 0
      vertex 3.539867510441837 4.1471748985613095 0
    endloop
  endfacet
  facet normal 0 0 -1
    outer loop
      vertex 2 0.5358983848622456 0
      vertex 3.539867510441837 4.1471748985613095 0
      vertex 3.823618689896259 3.823618689896259 0
    endloop
  endfacet
  facet normal 0 0 -1
    outer loop
      vertex 2 0.5358983848622456 0
      vertex 2.972104031508966 5.298485341612707 0
      vertex 3.110436338037867 4.890971507518855 0
    endloop
  endfacet
  facet normal 0 0 -1
    outer loop
      vertex 2 0.5358983848622456 0
      vertex 2.888146406080164 5.720568827596031 0
      vertex 2.972104031508966 5.298485341612707 0
    endloop
  endfacet
  facet normal 0 0 -1
    outer loop
      vertex 2 0.5358983848622456 0
      vertex 2.8600000000000003 6.15 0
      vertex 2.888146406080164 5.720568827596031 0
    endloop
  endfacet
  facet normal -0.9807852804032304 -0.1950903220161279 -3.7342659726372787e-19
    outer loop
      vertex 0.13629669484372675 2.964723819589917 0
      vertex 0.03422055450475847 3.4778952311197937 2.4
      vertex 0.03422055450475847 3.4778952311197937 0
    endloop
  endfacet
  facet normal -0.9978589232386035 -0.0654031292301433 0
    outer loop
      vertex 0.03422055450475847 3.4778952311197937 0
      vertex 0.03422055450475847 3.4778952311197937 2.4
      vertex 0 4 0
    endloop
  endfacet
  facet normal 0 0 -1
    outer loop
      vertex 2 0.5358983848622456 0
      vertex 5.720568827596031 2.888146406080164 0
      vertex 6.15 2.8600000000000003 0
    endloop
  endfacet
  facet normal -0.7518398074789777 -0.6593458151000686 0
    outer loop
      vertex 1.1715728752538097 1.1715728752538097 0
      vertex 1.1715728752538097 1.1715728752538097 2.4
      vertex 0.8265866388350593 1.5649542839651174 2.4
    endloop
  endfacet
  facet normal -0.555570233019602 -0.8314696123025455 0
    outer loop
      vertex 2 0.5358983848622456 0
      vertex 2 0.5358983848622456 2.4
      vertex 1.5649542839651174 0.8265866388350593 2.4
    endloop
  endfacet
  facet normal -0.44228869021900163 -0.896872741532688 0
    outer loop
      vertex 2 0.5358983848622456 0
      vertex 2.4692662705396407 0.30448186995485305 2.4
      vertex 2 0.5358983848622456 2.4
    endloop
  endfacet
  facet normal -0.6593458151000686 -0.7518398074789777 0
    outer loop
      vertex 1.1715728752538097 1.1715728752538097 0
      vertex 1.5649542839651174 0.8265866388350593 2.4
      vertex 1.1715728752538097 1.1715728752538097 2.4
    endloop
  endfacet
  facet normal -0.8314696123025455 -0.555570233019602 0
    outer loop
      vertex 0.5358983848622456 2 0
      vertex 0.8265866388350593 1.5649542839651174 2.4
      vertex 0.5358983848622456 2 2.4
    endloop
  endfacet
  facet normal -0.896872741532688 -0.44228869021900163 0
    outer loop
      vertex 0.5358983848622456 2 0
      vertex 0.5358983848622456 2 2.4
      vertex 0.30448186995485305 2.4692662705396407 2.4
    endloop
  endfacet
  facet normal -0.3214394653031617 -0.9469301294951056 0
    outer loop
      vertex 2.964723819589917 0.13629669484372675 0
      vertex 2.964723819589917 0.13629669484372675 2.4
      vertex 2.4692662705396407 0.30448186995485305 2.4
    endloop
  endfacet
  facet normal -0.1950903220161279 -0.9807852804032304 0
    outer loop
      vertex 2.964723819589917 0.13629669484372675 0
      vertex 3.4778952311197937 0.03422055450475847 2.4
      vertex 2.964723819589917 0.13629669484372675 2.4
    endloop
  endfacet
  facet normal -0.0654031292301433 -0.9978589232386035 0
    outer loop
      vertex 4 0 0
      vertex 4 0 2.4
      vertex 3.4778952311197937 0.03422055450475847 2.4
    endloop
  endfacet
  facet normal -0.9469301294951056 -0.3214394653031617 0
    outer loop
      vertex 0.13629669484372675 2.964723819589917 0
      vertex 0.30448186995485305 2.4692662705396407 2.4
      vertex 0.13629669484372675 2.964723819589917 2.4
    endloop
  endfacet
  facet normal -0.9807852804032304 -0.1950903220161279 0
    outer loop
      vertex 0.13629669484372675 2.964723819589917 0
      vertex 0.13629669484372675 2.964723819589917 2.4
      vertex 0.03422055450475847 3.4778952311197937 2.4
    endloop
  endfacet
  facet normal -0.9978589232386035 -0.0654031292301433 0
    outer loop
      vertex 0 4 0
      vertex 0.03422055450475847 3.4778952311197937 2.4
      vertex 0 4 2.4
    endloop
  endfacet
  facet normal 0 0 1
    outer loop
      vertex 2 0.5358983848622456 2.4
      vertex 1.1715728752538097 1.1715728752538097 2.4
      vertex 1.5649542839651174 0.8265866388350593 2.4
    endloop
  endfacet
  facet normal 0 0 1
    outer loop
      vertex 2 0.5358983848622456 2.4
      vertex 0.5358983848622456 2 2.4
      vertex 1.1715728752538097 1.1715728752538097 2.4
    endloop
  endfacet
  facet normal 0 0 1
    outer loop
      vertex 1.1715728752538097 1.1715728752538097 2.4
      vertex 0.5358983848622456 2 2.4
      vertex 0.8265866388350593 1.5649542839651174 2.4
    endloop
  endfacet
  facet normal 0 0 1
    outer loop
      vertex 0.5358983848622456 2 2.4
      vertex 0.13629669484372675 2.964723819589917 2.4
      vertex 0.30448186995485305 2.4692662705396407 2.4
    endloop
  endfacet
  facet normal 0 0 1
    outer loop
      vertex 2 0.5358983848622456 2.4
      vertex 0 4 2.4
      vertex 0.5358983848622456 2 2.4
    endloop
  endfacet
  facet normal 0 0 1
    outer loop
      vertex 2 0.5358983848622456 2.4
      vertex 2.4692662705396407 0.30448186995485305 2.4
      vertex 2.964723819589917 0.13629669484372675 2.4
    endloop
  endfacet
  facet normal 0 0 1
    outer loop
      vertex 2 0.5358983848622456 2.4
      vertex 2.964723819589917 0.13629669484372675 2.4
      vertex 4 0 2.4
    endloop
  endfacet
  facet normal 0 0 1
    outer loop
      vertex 2.964723819589917 0.13629669484372675 2.4
      vertex 3.4778952311197937 0.03422055450475847 2.4
      vertex 4 0 2.4
    endloop
  endfacet
  facet normal 0 0 1
    outer loop
      vertex 0.5358983848622456 2 2.4
      vertex 0 4 2.4
      vertex 0.13629669484372675 2.964723819589917 2.4
    endloop
  endfacet
  facet normal 0 0 1
    outer loop
      vertex 0.13629669484372675 2.964723819589917 2.4
      vertex 0 4 2.4
      vertex 0.03422055450475847 3.4778952311197937 2.4
    endloop
  endfacet
  facet normal 0 0 1
    outer loop
      vertex 2 0.5358983848622456 2.4
      vertex 5.115105570685175 4.801299321504901 2.4
      vertex 4.947918471982869 4.947918471982869 2.4
    endloop
  endfacet
  facet normal 0 0 1
    outer loop
      vertex 2 0.5358983848622456 2.4
      vertex 5.300000000000001 4.677756813566455 2.4
      vertex 5.115105570685175 4.801299321504901 2.4
    endloop
  endfacet
  facet normal 0 0 1
    outer loop
      vertex 2 0.5358983848622456 2.4
      vertex 5.499438164979348 4.579404794730813 2.4
      vertex 5.300000000000001 4.677756813566455 2.4
    endloop
  endfacet
  facet normal 0 0 1
    outer loop
      vertex 2 0.5358983848622456 2.4
      vertex 5.7100076233257155 4.5079260953085845 2.4
      vertex 5.499438164979348 4.579404794730813 2.4
    endloop
  endfacet
  facet normal 0 0 1
    outer loop
      vertex 2 0.5358983848622456 2.4
      vertex 4.947918471982869 4.947918471982869 2.4
      vertex 4.801299321504901 5.115105570685175 2.4
    endloop
  endfacet
  facet normal 0 0 1
    outer loop
      vertex 2 0.5358983848622456 2.4
      vertex 4.677756813566455 5.300000000000001 2.4
      vertex 4.579404794730813 5.499438164979348 2.4
    endloop
  endfacet
  facet normal 0 0 1
    outer loop
      vertex 2 0.5358983848622456 2.4
      vertex 4.801299321504901 5.115105570685175 2.4
      vertex 4.677756813566455 5.300000000000001 2.4
    endloop
  endfacet
  facet normal 0 0 1
    outer loop
      vertex 2 0.5358983848622456 2.4
      vertex 4.5079260953085845 5.7100076233257155 2.4
      vertex 4.464543735664523 5.928105473225913 2.4
    endloop
  endfacet
  facet normal 0 0 1
    outer loop
      vertex 2 0.5358983848622456 2.4
      vertex 4.579404794730813 5.499438164979348 2.4
      vertex 4.5079260953085845 5.7100076233257155 2.4
    endloop
  endfacet
  facet normal 0 0 1
    outer loop
      vertex 2 0.5358983848622456 2.4
      vertex 4.464543735664523 5.928105473225913 2.4
      vertex 4.45 6.15 2.4
    endloop
  endfacet
  facet normal 0 0 1
    outer loop
      vertex 2 0.5358983848622456 2.4
      vertex 4.45 6.15 2.4
      vertex 4.464543735664523 6.371894526774088 2.4
    endloop
  endfacet
  facet normal 0 0 1
    outer loop
      vertex 2 0.5358983848622456 2.4
      vertex 4.464543735664523 6.371894526774088 2.4
      vertex 4.5079260953085845 6.589992376674285 2.4
    endloop
  endfacet
  facet normal 0 0 1
    outer loop
      vertex 2 0.5358983848622456 2.4
      vertex 4.5079260953085845 6.589992376674285 2.4
      vertex 4.579404794730813 6.800561835020653 2.4
    endloop
  endfacet
  facet normal 0 0 1
    outer loop
      vertex 2 0.5358983848622456 2.4
      vertex 10.092350824501015 2.6999999999999997 2.4
      vertex 10.315105036528985 2.954002497704217 2.4
    endloop
  endfacet
  facet normal 0 0 1
    outer loop
      vertex 2 0.5358983848622456 2.4
      vertex 10.315105036528985 2.954002497704217 2.4
      vertex 10.696633369868303 3.5250000000000004 2.4
    endloop
  endfacet
  facet normal 0 0 1
    outer loop
      vertex 2 0.5358983848622456 2.4
      vertex 10.696633369868303 3.5250000000000004 2.4
      vertex 11.000367545684256 4.140911980083279 2.4
    endloop
  endfacet
  facet normal 0 0 1
    outer loop
      vertex 2 0.5358983848622456 2.4
      vertex 5.928105473225913 4.464543735664523 2.4
      vertex 5.7100076233257155 4.5079260953085845 2.4
    endloop
  endfacet
  facet normal 0 0 1
    outer loop
      vertex 2 0.5358983848622456 2.4
      vertex 6.15 4.45 2.4
      vertex 5.928105473225913 4.464543735664523 2.4
    endloop
  endfacet
  facet normal 0 0 1
    outer loop
      vertex 2 0.5358983848622456 2.4
      vertex 6.371894526774088 4.464543735664523 2.4
      vertex 6.15 4.45 2.4
    endloop
  endfacet
  facet normal 0 0 1
    outer loop
      vertex 2 0.5358983848622456 2.4
      vertex 6.589992376674285 4.5079260953085845 2.4
      vertex 6.371894526774088 4.464543735664523 2.4
    endloop
  endfacet
  facet normal 0 0 1
    outer loop
      vertex 2 0.5358983848622456 2.4
      vertex 6.800561835020653 4.579404794730813 2.4
      vertex 6.589992376674285 4.5079260953085845 2.4
    endloop
  endfacet
  facet normal 0 0 1
    outer loop
      vertex 2 0.5358983848622456 2.4
      vertex 7 4.677756813566455 2.4
      vertex 6.800561835020653 4.579404794730813 2.4
    endloop
  endfacet
  facet normal 0 0 1
    outer loop
      vertex 2 0.5358983848622456 2.4
      vertex 11.000367545684256 4.140911980083279 2.4
      vertex 11.054370651579129 4.3 2.4
    endloop
  endfacet
  facet normal 0 0 1
    outer loop
      vertex 2 0.5358983848622456 2.4
      vertex 4.579404794730813 6.800561835020653 2.4
      vertex 4.3 11.054370651579129 2.4
    endloop
  endfacet
  facet normal 0 0 1
    outer loop
      vertex 2 0.5358983848622456 2.4
      vertex 2.954002497704217 10.315105036528985 2.4
      vertex 2.6999999999999997 10.092350824501015 2.4
    endloop
  endfacet
  facet normal 0 0 1
    outer loop
      vertex 2 0.5358983848622456 2.4
      vertex 3.5250000000000004 10.696633369868303 2.4
      vertex 2.954002497704217 10.315105036528985 2.4
    endloop
  endfacet
  facet normal 0 0 1
    outer loop
      vertex 2 0.5358983848622456 2.4
      vertex 4.140911980083279 11.000367545684256 2.4
      vertex 3.5250000000000004 10.696633369868303 2.4
    endloop
  endfacet
  facet normal 0 0 1
    outer loop
      vertex 2 0.5358983848622456 2.4
      vertex 4.3 11.054370651579129 2.4
      vertex 4.140911980083279 11.000367545684256 2.4
    endloop
  endfacet
  facet normal 0 0 1
    outer loop
      vertex 4.3 11.054370651579129 2.4
      vertex 4.579404794730813 6.800561835020653 2.4
      vertex 4.677756813566455 7 2.4
    endloop
  endfacet
  facet normal 0 0 1
    outer loop
      vertex 4.3 11.054370651579129 2.4
      vertex 4.677756813566455 7 2.4
      vertex 4.801299321504901 7.184894429314825 2.4
    endloop
  endfacet
  facet normal 0 0 1
    outer loop
      vertex 4.3 11.054370651579129 2.4
      vertex 4.801299321504901 7.184894429314825 2.4
      vertex 4.947918471982869 7.352081528017131 2.4
    endloop
  endfacet
  facet normal 0 0 1
    outer loop
      vertex 4.3 11.054370651579129 2.4
      vertex 4.947918471982869 7.352081528017131 2.4
      vertex 5.115105570685175 7.4987006784951 2.4
    endloop
  endfacet
  facet normal 0 0 1
    outer loop
      vertex 4.3 11.054370651579129 2.4
      vertex 5.115105570685175 7.4987006784951 2.4
      vertex 5.300000000000001 7.622243186433546 2.4
    endloop
  endfacet
  facet normal 0 0 1
    outer loop
      vertex 4.3 11.054370651579129 2.4
      vertex 5.300000000000001 7.622243186433546 2.4
      vertex 5.499438164979348 7.720595205269188 2.4
    endloop
  endfacet
  facet normal 0 0 1
    outer loop
      vertex 4.3 11.054370651579129 2.4
      vertex 5.499438164979348 7.720595205269188 2.4
      vertex 5.7100076233257155 7.792073904691416 2.4
    endloop
  endfacet
  facet normal 0 0 1
    outer loop
      vertex 4.3 11.054370651579129 2.4
      vertex 5.7100076233257155 7.792073904691416 2.4
      vertex 5.928105473225913 7.835456264335478 2.4
    endloop
  endfacet
  facet normal 0 0 1
    outer loop
      vertex 4.3 11.054370651579129 2.4
      vertex 5.928105473225913 7.835456264335478 2.4
      vertex 6.15 7.8500000000000005 2.4
    endloop
  endfacet
  facet normal 0 0 1
    outer loop
      vertex 4.3 11.054370651579129 2.4
      vertex 6.15 7.8500000000000005 2.4
      vertex 6.371894526774088 7.835456264335478 2.4
    endloop
  endfacet
  facet normal 0 0 1
    outer loop
      vertex 4.3 11.054370651579129 2.4
      vertex 6.371894526774088 7.835456264335478 2.4
      vertex 6.589992376674285 7.792073904691416 2.4
    endloop
  endfacet
  facet normal 0 0 1
    outer loop
      vertex 4.3 11.054370651579129 2.4
      vertex 6.589992376674285 7.792073904691416 2.4
      vertex 6.800561835020653 7.720595205269188 2.4
    endloop
  endfacet
  facet normal 0 0 1
    outer loop
      vertex 4.3 11.054370651579129 2.4
      vertex 6.800561835020653 7.720595205269188 2.4
      vertex 7 7.622243186433546 2.4
    endloop
  endfacet
  facet normal 0 0 -1
    outer loop
      vertex 8.999223578450804 4.505 0
      vertex 9.189563661962135 4.890971507518855 0
      vertex 60.68252642700195 32.736418332653365 0
    endloop
  endfacet
  facet normal 0 0 -1
    outer loop
      vertex 9.189563661962135 4.890971507518855 0
      vertex 9.327895968491035 5.298485341612707 0
      vertex 60.56706285940773 32.75938546422963 0
    endloop
  endfacet
  facet normal 0 0 -1
    outer loop
      vertex 9.327895968491035 5.298485341612707 0
      vertex 9.411853593919837 5.720568827596031 0
      vertex 60.455584910871416 32.797227128629636 0
    endloop
  endfacet
  facet normal 0 0 -1
    outer loop
      vertex 9.411853593919837 5.720568827596031 0
      vertex 9.44 6.15 0
      vertex 60.35 32.8492958444838 0
    endloop
  endfacet
  facet normal 0 0 -1
    outer loop
      vertex 9.44 6.15 0
      vertex 9.411853593919837 6.57943117240397 0
      vertex 60.25211471389215 32.91470070162768 0
    endloop
  endfacet
  facet normal 0 0 -1
    outer loop
      vertex 9.411853593919837 6.57943117240397 0
      vertex 9.327895968491035 7.001514658387293 0
      vertex 60.1636038969321 32.9923226048219 0
    endloop
  endfacet
  facet normal 0 0 -1
    outer loop
      vertex 9.189563661962135 7.409028492481146 0
      vertex 60.08598199373789 33.080833421781946 0
      vertex 9.327895968491035 7.001514658387293 0
    endloop
  endfacet
  facet normal 0 0 -1
    outer loop
      vertex 8.999223578450804 7.795000000000001 0
      vertex 60.02057713659401 33.17871870788979 0
      vertex 9.189563661962135 7.409028492481146 0
    endloop
  endfacet
  facet normal 0 0 -1
    outer loop
      vertex 4.890971507518855 9.189563661962135 0
      vertex 4.505 8.999223578450804 0
      vertex 58.3 36.4 0
    endloop
  endfacet
  facet normal 0 0 -1
    outer loop
      vertex 5.298485341612707 9.327895968491035 0
      vertex 4.890971507518855 9.189563661962135 0
      vertex 58.3 36.4 0
    endloop
  endfacet
  facet normal 0 0 -1
    outer loop
      vertex 5.720568827596031 9.411853593919837 0
      vertex 5.298485341612707 9.327895968491035 0
      vertex 58.3 36.4 0
    endloop
  endfacet
  facet normal 0 0 -1
    outer loop
      vertex 5.720568827596031 9.411853593919837 0
      vertex 58.3 36.4 0
      vertex 6.15 9.44 0
    endloop
  endfacet
  facet normal 0 0 -1
    outer loop
      vertex 6.15 9.44 0
      vertex 58.3 36.4 0
      vertex 6.57943117240397 9.411853593919837 0
    endloop
  endfacet
  facet normal 0 0 -1
    outer loop
      vertex 6.57943117240397 9.411853593919837 0
      vertex 58.3 36.4 0
      vertex 7.001514658387293 9.327895968491035 0
    endloop
  endfacet
  facet normal 0 0 -1
    outer loop
      vertex 7.001514658387293 9.327895968491035 0
      vertex 58.3 36.4 0
      vertex 7.409028492481146 9.189563661962135 0
    endloop
  endfacet
  facet normal 0 0 -1
    outer loop
      vertex 7.409028492481146 9.189563661962135 0
      vertex 58.3 36.4 0
      vertex 7.795000000000001 8.999223578450804 0
    endloop
  endfacet
  facet normal 0 0 -1
    outer loop
      vertex 7.795000000000001 8.999223578450804 0
      vertex 58.3 36.4 0
      vertex 8.15282510143869 8.760132489558163 0
    endloop
  endfacet
  facet normal 0 0 -1
    outer loop
      vertex 8.760132489558163 8.15282510143869 0
      vertex 58.33066675633984 36.16706285940773 0
      vertex 8.999223578450804 7.795000000000001 0
    endloop
  endfacet
  facet normal 0 0 -1
    outer loop
      vertex 8.476381310103742 8.476381310103742 0
      vertex 58.30769962476357 36.282526427001955 0
      vertex 8.760132489558163 8.15282510143869 0
    endloop
  endfacet
  facet normal 0 0 -1
    outer loop
      vertex 8.15282510143869 8.760132489558163 0
      vertex 58.3 36.4 0
      vertex 8.476381310103742 8.476381310103742 0
    endloop
  endfacet
  facet normal 0 0 1
    outer loop
      vertex 2 0.5358983848622456 2.4
      vertex 55.28612759966309 33.453337570788804 2.4
      vertex 7 4.677756813566455 2.4
    endloop
  endfacet
  facet normal 0 0 1
    outer loop
      vertex 2 0.5358983848622456 2.4
      vertex 11.054370651579129 4.3 2.4
      vertex 59.453337570788804 29.28612759966309 2.4
    endloop
  endfacet
  facet normal 0 0 1
    outer loop
      vertex 55.28612759966309 33.453337570788804 2.4
      vertex 7.184894429314825 4.801299321504901 2.4
      vertex 7 4.677756813566455 2.4
    endloop
  endfacet
  facet normal 0 0 1
    outer loop
      vertex 55.28612759966309 33.453337570788804 2.4
      vertex 7.352081528017131 4.947918471982869 2.4
      vertex 7.184894429314825 4.801299321504901 2.4
    endloop
  endfacet
  facet normal 0 0 1
    outer loop
      vertex 55.28612759966309 33.453337570788804 2.4
      vertex 7.4987006784951 5.115105570685175 2.4
      vertex 7.352081528017131 4.947918471982869 2.4
    endloop
  endfacet
  facet normal 0 0 1
    outer loop
      vertex 55.28612759966309 33.453337570788804 2.4
      vertex 7.622243186433546 5.300000000000001 2.4
      vertex 7.4987006784951 5.115105570685175 2.4
    endloop
  endfacet
  facet normal 0 0 1
    outer loop
      vertex 55.28612759966309 33.453337570788804 2.4
      vertex 7.720595205269188 5.499438164979348 2.4
      vertex 7.622243186433546 5.300000000000001 2.4
    endloop
  endfacet
  facet normal 0 0 1
    outer loop
      vertex 55.28612759966309 33.453337570788804 2.4
      vertex 7.792073904691416 5.7100076233257155 2.4
      vertex 7.720595205269188 5.499438164979348 2.4
    endloop
  endfacet
  facet normal 0 0 1
    outer loop
      vertex 55.28612759966309 33.453337570788804 2.4
      vertex 7.835456264335478 5.928105473225913 2.4
      vertex 7.792073904691416 5.7100076233257155 2.4
    endloop
  endfacet
  facet normal 0 0 1
    outer loop
      vertex 55.28612759966309 33.453337570788804 2.4
      vertex 7.8500000000000005 6.15 2.4
      vertex 7.835456264335478 5.928105473225913 2.4
    endloop
  endfacet
  facet normal 0 0 1
    outer loop
      vertex 55.28612759966309 33.453337570788804 2.4
      vertex 7.835456264335478 6.371894526774088 2.4
      vertex 7.8500000000000005 6.15 2.4
    endloop
  endfacet
  facet normal 0 0 1
    outer loop
      vertex 55.28612759966309 33.453337570788804 2.4
      vertex 7.792073904691416 6.589992376674285 2.4
      vertex 7.835456264335478 6.371894526774088 2.4
    endloop
  endfacet
  facet normal 0 0 1
    outer loop
      vertex 55.28612759966309 33.453337570788804 2.4
      vertex 7.4987006784951 7.184894429314825 2.4
      vertex 7.622243186433546 7 2.4
    endloop
  endfacet
  facet normal 0 0 1
    outer loop
      vertex 55.28612759966309 33.453337570788804 2.4
      vertex 7.720595205269188 6.800561835020653 2.4
      vertex 7.792073904691416 6.589992376674285 2.4
    endloop
  endfacet
  facet normal 0 0 1
    outer loop
      vertex 55.28612759966309 33.453337570788804 2.4
      vertex 7.622243186433546 7 2.4
      vertex 7.720595205269188 6.800561835020653 2.4
    endloop
  endfacet
  facet normal 0 0 1
    outer loop
      vertex 55.28612759966309 33.453337570788804 2.4
      vertex 7 7.622243186433546 2.4
      vertex 7.184894429314825 7.4987006784951 2.4
    endloop
  endfacet
  facet normal 0 0 1
    outer loop
      vertex 55.28612759966309 33.453337570788804 2.4
      vertex 7.184894429314825 7.4987006784951 2.4
      vertex 7.352081528017131 7.352081528017131 2.4
    endloop
  endfacet
  facet normal 0 0 1
    outer loop
      vertex 55.28612759966309 33.453337570788804 2.4
      vertex 7.352081528017131 7.352081528017131 2.4
      vertex 7.4987006784951 7.184894429314825 2.4
    endloop
  endfacet
  facet normal 0 0 1
    outer loop
      vertex 4.3 11.054370651579129 2.4
      vertex 7 7.622243186433546 2.4
      vertex 55.28612759966309 33.453337570788804 2.4
    endloop
  endfacet
  facet normal 0 0 -1
    outer loop
      vertex 2 0.5358983848622456 0
      vertex 0 4 0
      vertex 0 84.8 0
    endloop
  endfacet
  facet normal 0 0 -1
    outer loop
      vertex 2 0.5358983848622456 0
      vertex 3.823618689896259 80.32361868989626 0
      vertex 2.8600000000000003 6.15 0
    endloop
  endfacet
  facet normal 0 0 -1
    outer loop
      vertex 3.823618689896259 80.32361868989626 0
      vertex 2.888146406080164 6.57943117240397 0
      vertex 2.8600000000000003 6.15 0
    endloop
  endfacet
  facet normal 0 0 -1
    outer loop
      vertex 3.823618689896259 80.32361868989626 0
      vertex 2.972104031508966 7.001514658387293 0
      vertex 2.888146406080164 6.57943117240397 0
    endloop
  endfacet
  facet normal 0 0 -1
    outer loop
      vertex 3.823618689896259 80.32361868989626 0
      vertex 3.110436338037867 7.409028492481146 0
      vertex 2.972104031508966 7.001514658387293 0
    endloop
  endfacet
  facet normal 0 0 -1
    outer loop
      vertex 3.823618689896259 80.32361868989626 0
      vertex 3.3007764215491977 7.795000000000001 0
      vertex 3.110436338037867 7.409028492481146 0
    endloop
  endfacet
  facet normal 0 0 -1
    outer loop
      vertex 3.823618689896259 80.32361868989626 0
      vertex 3.539867510441837 8.15282510143869 0
      vertex 3.3007764215491977 7.795000000000001 0
    endloop
  endfacet
  facet normal 0 0 -1
    outer loop
      vertex 3.823618689896259 8.476381310103742 0
      vertex 3.539867510441837 8.15282510143869 0
      vertex 3.823618689896259 80.32361868989626 0
    endloop
  endfacet
  facet normal 0 0 -1
    outer loop
      vertex 4.1471748985613095 8.760132489558163 0
      vertex 3.823618689896259 8.476381310103742 0
      vertex 4.1471748985613095 80.03986751044184 0
    endloop
  endfacet
  facet normal 0 0 -1
    outer loop
      vertex 4.505 8.999223578450804 0
      vertex 4.1471748985613095 8.760132489558163 0
      vertex 4.505 79.8007764215492 0
    endloop
  endfacet
  facet normal -1 0 0
    outer loop
      vertex 0 4 0
      vertex 0 4 2.4
      vertex 0 84.8 0
    endloop
  endfacet
  facet normal 0 0 1
    outer loop
      vertex 2 0.5358983848622456 2.4
      vertex 2 88.26410161513775 2.4
      vertex 0 4 2.4
    endloop
  endfacet
  facet normal 0 0 1
    outer loop
      vertex 2 0.5358983848622456 2.4
      vertex 2.6999999999999997 10.092350824501015 2.4
      vertex 2 88.26410161513775 2.4
    endloop
  endfacet
  facet normal 0 0 -1
    outer loop
      vertex 4.505 8.999223578450804 0
      vertex 6.15 79.36000000000001 0
      vertex 59.9 39.1712812921102 0
    endloop
  endfacet
  facet normal 0 0 1
    outer loop
      vertex 4.3 11.054370651579129 2.4
      vertex 55.28612759966309 33.453337570788804 2.4
      vertex 4.3 77.74562934842088 2.4
    endloop
  endfacet
  facet normal 0 0 -1
    outer loop
      vertex 2 0.5358983848622456 0
      vertex 142.8 0.5358983848622456 0
      vertex 4 0 0
    endloop
  endfacet
  facet normal 0 0 -1
    outer loop
      vertex 2 0.5358983848622456 0
      vertex 6.15 2.8600000000000003 0
      vertex 136.64717489856133 8.760132489558163 0
    endloop
  endfacet
  facet normal 0 0 -1
    outer loop
      vertex 6.15 2.8600000000000003 0
      vertex 6.57943117240397 2.888146406080164 0
      vertex 136.64717489856133 8.760132489558163 0
    endloop
  endfacet
  facet normal 0 0 -1
    outer loop
      vertex 6.57943117240397 2.888146406080164 0
      vertex 7.001514658387293 2.972104031508966 0
      vertex 136.64717489856133 8.760132489558163 0
    endloop
  endfacet
  facet normal 0 0 -1
    outer loop
      vertex 7.001514658387293 2.972104031508966 0
      vertex 7.409028492481146 3.110436338037867 0
      vertex 136.64717489856133 8.760132489558163 0
    endloop
  endfacet
  facet normal 0 0 -1
    outer loop
      vertex 7.409028492481146 3.110436338037867 0
      vertex 7.795000000000001 3.3007764215491977 0
      vertex 136.64717489856133 8.760132489558163 0
    endloop
  endfacet
  facet normal 0 0 -1
    outer loop
      vertex 7.795000000000001 3.3007764215491977 0
      vertex 8.15282510143869 3.539867510441837 0
      vertex 136.64717489856133 8.760132489558163 0
    endloop
  endfacet
  facet normal 0 0 -1
    outer loop
      vertex 8.15282510143869 3.539867510441837 0
      vertex 8.476381310103742 3.823618689896259 0
      vertex 136.64717489856133 8.760132489558163 0
    endloop
  endfacet
  facet normal 0 -1 0
    outer loop
      vertex 4 0 0
      vertex 140.8 0 2.4
      vertex 4 0 2.4
    endloop
  endfacet
  facet normal 0 0 -1
    outer loop
      vertex 8.476381310103742 3.823618689896259 0
      vertex 8.760132489558163 4.1471748985613095 0
      vertex 136.64717489856133 8.760132489558163 0
    endloop
  endfacet
  facet normal 0 0 -1
    outer loop
      vertex 8.760132489558163 4.1471748985613095 0
      vertex 8.999223578450804 4.505 0
      vertex 136.64717489856133 8.760132489558163 0
    endloop
  endfacet
  facet normal 0 0 1
    outer loop
      vertex 2 0.5358983848622456 2.4
      vertex 4 0 2.4
      vertex 142.8 0.5358983848622456 2.4
    endloop
  endfacet
  facet normal 0 0 1
    outer loop
      vertex 2 0.5358983848622456 2.4
      vertex 134.707649175499 2.6999999999999997 2.4
      vertex 10.092350824501015 2.6999999999999997 2.4
    endloop
  endfacet
  facet normal 0 0 1
    outer loop
      vertex 2 0.5358983848622456 2.4
      vertex 56.95527778486358 30.955277784863583 2.4
      vertex 56.291179279757486 31.71253699663285 2.4
    endloop
  endfacet
  facet normal 0 0 1
    outer loop
      vertex 2 0.5358983848622456 2.4
      vertex 55.73160439085982 32.55 2.4
      vertex 55.28612759966309 33.453337570788804 2.4
    endloop
  endfacet
  facet normal 0 0 1
    outer loop
      vertex 2 0.5358983848622456 2.4
      vertex 56.291179279757486 31.71253699663285 2.4
      vertex 55.73160439085982 32.55 2.4
    endloop
  endfacet
  facet normal 0 0 1
    outer loop
      vertex 2 0.5358983848622456 2.4
      vertex 57.71253699663285 30.291179279757486 2.4
      vertex 56.95527778486358 30.955277784863583 2.4
    endloop
  endfacet
  facet normal 0 0 1
    outer loop
      vertex 2 0.5358983848622456 2.4
      vertex 58.55 29.73160439085982 2.4
      vertex 57.71253699663285 30.291179279757486 2.4
    endloop
  endfacet
  facet normal 0 0 1
    outer loop
      vertex 2 0.5358983848622456 2.4
      vertex 59.453337570788804 29.28612759966309 2.4
      vertex 58.55 29.73160439085982 2.4
    endloop
  endfacet
  facet normal 0 0 1
    outer loop
      vertex 11.054370651579129 4.3 2.4
      vertex 61.3949483199056 28.76587456742166 2.4
      vertex 60.40709335271059 28.962371137574173 2.4
    endloop
  endfacet
  facet normal 0 0 1
    outer loop
      vertex 11.054370651579129 4.3 2.4
      vertex 62.4 28.7 2.4
      vertex 61.3949483199056 28.76587456742166 2.4
    endloop
  endfacet
  facet normal 0 0 1
    outer loop
      vertex 11.054370651579129 4.3 2.4
      vertex 60.40709335271059 28.962371137574173 2.4
      vertex 59.453337570788804 29.28612759966309 2.4
    endloop
  endfacet
  facet normal 0 0 1
    outer loop
      vertex 11.054370651579129 4.3 2.4
      vertex 63.405051680094395 28.76587456742166 2.4
      vertex 62.4 28.7 2.4
    endloop
  endfacet
  facet normal 0 0 -1
    outer loop
      vertex 8.999223578450804 4.505 0
      vertex 60.68252642700195 32.736418332653365 0
      vertex 136.64717489856133 8.760132489558163 0
    endloop
  endfacet
  facet normal 0 0 -1
    outer loop
      vertex 4.505 8.999223578450804 0
      vertex 58.30769962476357 36.51747357299804 0
      vertex 58.3 36.4 0
    endloop
  endfacet
  facet normal 0 0 -1
    outer loop
      vertex 4.505 8.999223578450804 0
      vertex 58.33066675633984 36.63293714059227 0
      vertex 58.30769962476357 36.51747357299804 0
    endloop
  endfacet
  facet normal 0 0 -1
    outer loop
      vertex 4.505 8.999223578450804 0
      vertex 58.36850842073984 36.74441508912858 0
      vertex 58.33066675633984 36.63293714059227 0
    endloop
  endfacet
  facet normal 0 0 -1
    outer loop
      vertex 4.505 8.999223578450804 0
      vertex 58.420577136594005 36.85 0
      vertex 58.36850842073984 36.74441508912858 0
    endloop
  endfacet
  facet normal 0 0 -1
    outer loop
      vertex 4.505 8.999223578450804 0
      vertex 58.48598199373789 36.94788528610785 0
      vertex 58.420577136594005 36.85 0
    endloop
  endfacet
  facet normal 0 0 -1
    outer loop
      vertex 4.505 8.999223578450804 0
      vertex 58.56360389693211 37.036396103067894 0
      vertex 58.48598199373789 36.94788528610785 0
    endloop
  endfacet
  facet normal 0 0 -1
    outer loop
      vertex 4.505 8.999223578450804 0
      vertex 58.652114713892146 37.11401800626211 0
      vertex 58.56360389693211 37.036396103067894 0
    endloop
  endfacet
  facet normal 0 0 -1
    outer loop
      vertex 8.999223578450804 7.795000000000001 0
      vertex 59.93066675633984 33.395781567297526 0
      vertex 59.96850842073984 33.284303618761214 0
    endloop
  endfacet
  facet normal 0 0 -1
    outer loop
      vertex 8.999223578450804 7.795000000000001 0
      vertex 59.907699624763566 33.51124513489175 0
      vertex 59.93066675633984 33.395781567297526 0
    endloop
  endfacet
  facet normal 0 0 -1
    outer loop
      vertex 9.189563661962135 4.890971507518855 0
      vertex 60.56706285940773 32.75938546422963 0
      vertex 60.68252642700195 32.736418332653365 0
    endloop
  endfacet
  facet normal 0 0 -1
    outer loop
      vertex 9.327895968491035 5.298485341612707 0
      vertex 60.455584910871416 32.797227128629636 0
      vertex 60.56706285940773 32.75938546422963 0
    endloop
  endfacet
  facet normal 0 0 -1
    outer loop
      vertex 9.411853593919837 5.720568827596031 0
      vertex 60.35 32.8492958444838 0
      vertex 60.455584910871416 32.797227128629636 0
    endloop
  endfacet
  facet normal 0 0 -1
    outer loop
      vertex 9.44 6.15 0
      vertex 60.25211471389215 32.91470070162768 0
      vertex 60.35 32.8492958444838 0
    endloop
  endfacet
  facet normal 0 0 -1
    outer loop
      vertex 9.411853593919837 6.57943117240397 0
      vertex 60.1636038969321 32.9923226048219 0
      vertex 60.25211471389215 32.91470070162768 0
    endloop
  endfacet
  facet normal 0 0 -1
    outer loop
      vertex 9.327895968491035 7.001514658387293 0
      vertex 60.08598199373789 33.080833421781946 0
      vertex 60.1636038969321 32.9923226048219 0
    endloop
  endfacet
  facet normal 0 0 -1
    outer loop
      vertex 9.189563661962135 7.409028492481146 0
      vertex 60.02057713659401 33.17871870788979 0
      vertex 60.08598199373789 33.080833421781946 0
    endloop
  endfacet
  facet normal 0 0 -1
    outer loop
      vertex 8.999223578450804 7.795000000000001 0
      vertex 59.96850842073984 33.284303618761214 0
      vertex 60.02057713659401 33.17871870788979 0
    endloop
  endfacet
  facet normal 0 0 -1
    outer loop
      vertex 8.999223578450804 7.795000000000001 0
      vertex 59.9 33.628718707889796 0
      vertex 59.907699624763566 33.51124513489175 0
    endloop
  endfacet
  facet normal 0 0 -1
    outer loop
      vertex 8.999223578450804 7.795000000000001 0
      vertex 58.420577136594005 35.949999999999996 0
      vertex 59.9 33.628718707889796 0
    endloop
  endfacet
  facet normal 0 0 -1
    outer loop
      vertex 8.760132489558163 8.15282510143869 0
      vertex 58.30769962476357 36.282526427001955 0
      vertex 58.33066675633984 36.16706285940773 0
    endloop
  endfacet
  facet normal 0 0 -1
    outer loop
      vertex 8.476381310103742 8.476381310103742 0
      vertex 58.3 36.4 0
      vertex 58.30769962476357 36.282526427001955 0
    endloop
  endfacet
  facet normal 0 0 -1
    outer loop
      vertex 8.999223578450804 7.795000000000001 0
      vertex 58.36850842073984 36.05558491087142 0
      vertex 58.420577136594005 35.949999999999996 0
    endloop
  endfacet
  facet normal 0 0 -1
    outer loop
      vertex 8.999223578450804 7.795000000000001 0
      vertex 58.33066675633984 36.16706285940773 0
      vertex 58.36850842073984 36.05558491087142 0
    endloop
  endfacet
  facet normal 0 0 -1
    outer loop
      vertex 4.505 8.999223578450804 0
      vertex 58.75 37.179422863405996 0
      vertex 58.652114713892146 37.11401800626211 0
    endloop
  endfacet
  facet normal 0 0 -1
    outer loop
      vertex 4.505 8.999223578450804 0
      vertex 60.8 38.2712812921102 0
      vertex 58.75 37.179422863405996 0
    endloop
  endfacet
  facet normal 0 0 -1
    outer loop
      vertex 4.505 8.999223578450804 0
      vertex 60.02057713659401 38.721281292110206 0
      vertex 60.08598199373789 38.62339600600235 0
    endloop
  endfacet
  facet normal 0 0 -1
    outer loop
      vertex 4.505 8.999223578450804 0
      vertex 60.25211471389215 38.45726328584809 0
      vertex 60.35 38.39185842870421 0
    endloop
  endfacet
  facet normal 0 0 -1
    outer loop
      vertex 4.505 8.999223578450804 0
      vertex 60.35 38.39185842870421 0
      vertex 60.455584910871416 38.33978971285004 0
    endloop
  endfacet
  facet normal 0 0 -1
    outer loop
      vertex 4.505 8.999223578450804 0
      vertex 60.455584910871416 38.33978971285004 0
      vertex 60.56706285940773 38.30194804845004 0
    endloop
  endfacet
  facet normal 0 0 -1
    outer loop
      vertex 4.505 8.999223578450804 0
      vertex 60.1636038969321 38.534885189042306 0
      vertex 60.25211471389215 38.45726328584809 0
    endloop
  endfacet
  facet normal 0 0 -1
    outer loop
      vertex 4.505 8.999223578450804 0
      vertex 60.08598199373789 38.62339600600235 0
      vertex 60.1636038969321 38.534885189042306 0
    endloop
  endfacet
  facet normal 0 0 -1
    outer loop
      vertex 4.505 8.999223578450804 0
      vertex 59.96850842073984 38.82686620298162 0
      vertex 60.02057713659401 38.721281292110206 0
    endloop
  endfacet
  facet normal 0 0 -1
    outer loop
      vertex 4.505 8.999223578450804 0
      vertex 59.93066675633984 38.93834415151793 0
      vertex 59.96850842073984 38.82686620298162 0
    endloop
  endfacet
  facet normal 0 0 -1
    outer loop
      vertex 4.505 8.999223578450804 0
      vertex 59.907699624763566 39.05380771911216 0
      vertex 59.93066675633984 38.93834415151793 0
    endloop
  endfacet
  facet normal 0 0 -1
    outer loop
      vertex 4.505 8.999223578450804 0
      vertex 59.9 39.1712812921102 0
      vertex 59.907699624763566 39.05380771911216 0
    endloop
  endfacet
  facet normal 0 0 -1
    outer loop
      vertex 4.505 8.999223578450804 0
      vertex 60.56706285940773 38.30194804845004 0
      vertex 60.68252642700195 38.27898091687377 0
    endloop
  endfacet
  facet normal 0 0 -1
    outer loop
      vertex 4.505 8.999223578450804 0
      vertex 60.68252642700195 38.27898091687377 0
      vertex 60.8 38.2712812921102 0
    endloop
  endfacet
  facet normal 0 0 -1
    outer loop
      vertex 61.25 32.8492958444838 0
      vertex 61.34788528610785 32.91470070162768 0
      vertex 63.55 32.8492958444838 0
    endloop
  endfacet
  facet normal 0 0 -1
    outer loop
      vertex 61.34788528610785 32.91470070162768 0
      vertex 61.43639610306789 32.9923226048219 0
      vertex 63.45211471389215 32.91470070162768 0
    endloop
  endfacet
  facet normal 0 0 -1
    outer loop
      vertex 61.43639610306789 32.9923226048219 0
      vertex 61.51401800626211 33.080833421781946 0
      vertex 63.363603896932105 32.9923226048219 0
    endloop
  endfacet
  facet normal 0 0 -1
    outer loop
      vertex 61.579422863405995 33.17871870788979 0
      vertex 63.285981993737884 33.080833421781946 0
      vertex 61.51401800626211 33.080833421781946 0
    endloop
  endfacet
  facet normal 0 0 -1
    outer loop
      vertex 61.63149157926016 33.284303618761214 0
      vertex 63.220577136594 33.17871870788979 0
      vertex 61.579422863405995 33.17871870788979 0
    endloop
  endfacet
  facet normal 0 0 -1
    outer loop
      vertex 61.34788528610785 32.91470070162768 0
      vertex 63.45211471389215 32.91470070162768 0
      vertex 63.55 32.8492958444838 0
    endloop
  endfacet
  facet normal 0 0 -1
    outer loop
      vertex 61.43639610306789 32.9923226048219 0
      vertex 63.363603896932105 32.9923226048219 0
      vertex 63.45211471389215 32.91470070162768 0
    endloop
  endfacet
  facet normal 0 0 -1
    outer loop
      vertex 63.363603896932105 32.9923226048219 0
      vertex 61.51401800626211 33.080833421781946 0
      vertex 63.285981993737884 33.080833421781946 0
    endloop
  endfacet
  facet normal 0 0 -1
    outer loop
      vertex 63.285981993737884 33.080833421781946 0
      vertex 61.579422863405995 33.17871870788979 0
      vertex 63.220577136594 33.17871870788979 0
    endloop
  endfacet
  facet normal 0 0 -1
    outer loop
      vertex 61.63149157926016 33.284303618761214 0
      vertex 63.16850842073984 33.284303618761214 0
      vertex 63.220577136594 33.17871870788979 0
    endloop
  endfacet
  facet normal 0 0 -1
    outer loop
      vertex 61.25 32.8492958444838 0
      vertex 63.55 32.8492958444838 0
      vertex 63.65558491087142 32.797227128629636 0
    endloop
  endfacet
  facet normal 0 0 -1
    outer loop
      vertex 61.25 32.8492958444838 0
      vertex 63.65558491087142 32.797227128629636 0
      vertex 63.76706285940773 32.75938546422963 0
    endloop
  endfacet
  facet normal 0 0 1
    outer loop
      vertex 57.48120929019434 32.625679140145934 2.4
      vertex 59.93066675633984 33.861655848482066 2.4
      vertex 57.03064249653648 33.3 2.4
    endloop
  endfacet
  facet normal 0 0 1
    outer loop
      vertex 57.48120929019434 32.625679140145934 2.4
      vertex 58.015937956643405 32.015937956643405 2.4
      vertex 59.907699624763566 33.51124513489175 2.4
    endloop
  endfacet
  facet normal 0 0 1
    outer loop
      vertex 58.625679140145934 31.48120929019434 2.4
      vertex 59.3 31.03064249653648 2.4
      vertex 60.455584910871416 32.797227128629636 2.4
    endloop
  endfacet
  facet normal 0 0 1
    outer loop
      vertex 59.3 31.03064249653648 2.4
      vertex 60.027362719336445 30.671946898430022 2.4
      vertex 63.10769962476357 33.74619228088784 2.4
    endloop
  endfacet
  facet normal 0 0 1
    outer loop
      vertex 58.625679140145934 31.48120929019434 2.4
      vertex 60.02057713659401 33.17871870788979 2.4
      vertex 58.015937956643405 32.015937956643405 2.4
    endloop
  endfacet
  facet normal 0 0 1
    outer loop
      vertex 58.625679140145934 31.48120929019434 2.4
      vertex 60.1636038969321 32.9923226048219 2.4
      vertex 60.08598199373789 33.080833421781946 2.4
    endloop
  endfacet
  facet normal 0 0 1
    outer loop
      vertex 58.625679140145934 31.48120929019434 2.4
      vertex 60.08598199373789 33.080833421781946 2.4
      vertex 60.02057713659401 33.17871870788979 2.4
    endloop
  endfacet
  facet normal 0 0 1
    outer loop
      vertex 58.625679140145934 31.48120929019434 2.4
      vertex 60.455584910871416 32.797227128629636 2.4
      vertex 60.35 32.8492958444838 2.4
    endloop
  endfacet
  facet normal 0 0 1
    outer loop
      vertex 58.625679140145934 31.48120929019434 2.4
      vertex 60.35 32.8492958444838 2.4
      vertex 60.25211471389215 32.91470070162768 2.4
    endloop
  endfacet
  facet normal 0 0 1
    outer loop
      vertex 58.625679140145934 31.48120929019434 2.4
      vertex 60.25211471389215 32.91470070162768 2.4
      vertex 60.1636038969321 32.9923226048219 2.4
    endloop
  endfacet
  facet normal 0 0 1
    outer loop
      vertex 58.015937956643405 32.015937956643405 2.4
      vertex 60.02057713659401 33.17871870788979 2.4
      vertex 59.96850842073984 33.284303618761214 2.4
    endloop
  endfacet
  facet normal 0 0 1
    outer loop
      vertex 58.015937956643405 32.015937956643405 2.4
      vertex 59.96850842073984 33.284303618761214 2.4
      vertex 59.93066675633984 33.395781567297526 2.4
    endloop
  endfacet
  facet normal 0 0 1
    outer loop
      vertex 57.48120929019434 32.625679140145934 2.4
      vertex 59.907699624763566 33.51124513489175 2.4
      vertex 59.9 33.628718707889796 2.4
    endloop
  endfacet
  facet normal 0 0 1
    outer loop
      vertex 58.015937956643405 32.015937956643405 2.4
      vertex 59.93066675633984 33.395781567297526 2.4
      vertex 59.907699624763566 33.51124513489175 2.4
    endloop
  endfacet
  facet normal 0 0 1
    outer loop
      vertex 59.3 31.03064249653648 2.4
      vertex 60.56706285940773 32.75938546422963 2.4
      vertex 60.455584910871416 32.797227128629636 2.4
    endloop
  endfacet
  facet normal 0 0 1
    outer loop
      vertex 59.3 31.03064249653648 2.4
      vertex 60.68252642700195 32.736418332653365 2.4
      vertex 60.56706285940773 32.75938546422963 2.4
    endloop
  endfacet
  facet normal 0 0 1
    outer loop
      vertex 59.3 31.03064249653648 2.4
      vertex 60.8 32.7287187078898 2.4
      vertex 60.68252642700195 32.736418332653365 2.4
    endloop
  endfacet
  facet normal 0 0 1
    outer loop
      vertex 59.3 31.03064249653648 2.4
      vertex 60.91747357299805 32.736418332653365 2.4
      vertex 60.8 32.7287187078898 2.4
    endloop
  endfacet
  facet normal 0 0 1
    outer loop
      vertex 59.3 31.03064249653648 2.4
      vertex 61.03293714059227 32.75938546422963 2.4
      vertex 60.91747357299805 32.736418332653365 2.4
    endloop
  endfacet
  facet normal 0 0 1
    outer loop
      vertex 59.3 31.03064249653648 2.4
      vertex 61.14441508912858 32.797227128629636 2.4
      vertex 61.03293714059227 32.75938546422963 2.4
    endloop
  endfacet
  facet normal 0 0 1
    outer loop
      vertex 59.3 31.03064249653648 2.4
      vertex 61.25 32.8492958444838 2.4
      vertex 61.14441508912858 32.797227128629636 2.4
    endloop
  endfacet
  facet normal 0 0 1
    outer loop
      vertex 59.3 31.03064249653648 2.4
      vertex 61.34788528610785 32.91470070162768 2.4
      vertex 61.25 32.8492958444838 2.4
    endloop
  endfacet
  facet normal 0 0 1
    outer loop
      vertex 59.3 31.03064249653648 2.4
      vertex 61.43639610306789 32.9923226048219 2.4
      vertex 61.34788528610785 32.91470070162768 2.4
    endloop
  endfacet
  facet normal 0 0 1
    outer loop
      vertex 60.79532192036437 30.411259877007776 2.4
      vertex 63.130666756339835 33.395781567297526 2.4
      vertex 60.027362719336445 30.671946898430022 2.4
    endloop
  endfacet
  facet normal 0 0 1
    outer loop
      vertex 60.79532192036437 30.411259877007776 2.4
      vertex 61.59073760823568 30.253041859482373 2.4
      vertex 63.363603896932105 32.9923226048219 2.4
    endloop
  endfacet
  facet normal 0 0 1
    outer loop
      vertex 61.59073760823568 30.253041859482373 2.4
      vertex 62.4 30.2 2.4
      vertex 63.76706285940773 32.75938546422963 2.4
    endloop
  endfacet
  facet normal 0 0 1
    outer loop
      vertex 62.4 30.2 2.4
      vertex 63.20926239176432 30.253041859482373 2.4
      vertex 64.34441508912857 32.797227128629636 2.4
    endloop
  endfacet
  facet normal 0 0 1
    outer loop
      vertex 62.4 30.2 2.4
      vertex 63.88252642700195 32.736418332653365 2.4
      vertex 63.76706285940773 32.75938546422963 2.4
    endloop
  endfacet
  facet normal 0 0 1
    outer loop
      vertex 60.027362719336445 30.671946898430022 2.4
      vertex 63.10769962476357 33.51124513489175 2.4
      vertex 63.1 33.628718707889796 2.4
    endloop
  endfacet
  facet normal 0 0 1
    outer loop
      vertex 60.027362719336445 30.671946898430022 2.4
      vertex 63.130666756339835 33.395781567297526 2.4
      vertex 63.10769962476357 33.51124513489175 2.4
    endloop
  endfacet
  facet normal 0 0 1
    outer loop
      vertex 59.3 31.03064249653648 2.4
      vertex 63.220577136594 34.07871870788979 2.4
      vertex 61.43639610306789 32.9923226048219 2.4
    endloop
  endfacet
  facet normal 0 0 1
    outer loop
      vertex 59.3 31.03064249653648 2.4
      vertex 63.10769962476357 33.74619228088784 2.4
      vertex 63.130666756339835 33.861655848482066 2.4
    endloop
  endfacet
  facet normal 0 0 1
    outer loop
      vertex 60.027362719336445 30.671946898430022 2.4
      vertex 63.1 33.628718707889796 2.4
      vertex 63.10769962476357 33.74619228088784 2.4
    endloop
  endfacet
  facet normal 0 0 1
    outer loop
      vertex 59.3 31.03064249653648 2.4
      vertex 63.16850842073984 33.97313379701838 2.4
      vertex 63.220577136594 34.07871870788979 2.4
    endloop
  endfacet
  facet normal 0 0 1
    outer loop
      vertex 59.3 31.03064249653648 2.4
      vertex 63.130666756339835 33.861655848482066 2.4
      vertex 63.16850842073984 33.97313379701838 2.4
    endloop
  endfacet
  facet normal 0 0 1
    outer loop
      vertex 60.79532192036437 30.411259877007776 2.4
      vertex 63.363603896932105 32.9923226048219 2.4
      vertex 63.285981993737884 33.080833421781946 2.4
    endloop
  endfacet
  facet normal 0 0 1
    outer loop
      vertex 60.79532192036437 30.411259877007776 2.4
      vertex 63.285981993737884 33.080833421781946 2.4
      vertex 63.220577136594 33.17871870788979 2.4
    endloop
  endfacet
  facet normal 0 0 1
    outer loop
      vertex 60.79532192036437 30.411259877007776 2.4
      vertex 63.220577136594 33.17871870788979 2.4
      vertex 63.16850842073984 33.284303618761214 2.4
    endloop
  endfacet
  facet normal 0 0 1
    outer loop
      vertex 60.79532192036437 30.411259877007776 2.4
      vertex 63.16850842073984 33.284303618761214 2.4
      vertex 63.130666756339835 33.395781567297526 2.4
    endloop
  endfacet
  facet normal 0 0 1
    outer loop
      vertex 61.59073760823568 30.253041859482373 2.4
      vertex 63.45211471389215 32.91470070162768 2.4
      vertex 63.363603896932105 32.9923226048219 2.4
    endloop
  endfacet
  facet normal 0 0 1
    outer loop
      vertex 61.59073760823568 30.253041859482373 2.4
      vertex 63.55 32.8492958444838 2.4
      vertex 63.45211471389215 32.91470070162768 2.4
    endloop
  endfacet
  facet normal 0 0 1
    outer loop
      vertex 61.59073760823568 30.253041859482373 2.4
      vertex 63.76706285940773 32.75938546422963 2.4
      vertex 63.65558491087142 32.797227128629636 2.4
    endloop
  endfacet
  facet normal 0 0 1
    outer loop
      vertex 61.59073760823568 30.253041859482373 2.4
      vertex 63.65558491087142 32.797227128629636 2.4
      vertex 63.55 32.8492958444838 2.4
    endloop
  endfacet
  facet normal 0 0 1
    outer loop
      vertex 11.054370651579129 4.3 2.4
      vertex 120.00842142333985 39.97566541587857 2.4
      vertex 63.405051680094395 28.76587456742166 2.4
    endloop
  endfacet
  facet normal 0 0 1
    outer loop
      vertex 62.4 30.2 2.4
      vertex 64 32.7287187078898 2.4
      vertex 63.88252642700195 32.736418332653365 2.4
    endloop
  endfacet
  facet normal 0 0 1
    outer loop
      vertex 62.4 30.2 2.4
      vertex 64.23293714059227 32.75938546422963 2.4
      vertex 64.11747357299805 32.736418332653365 2.4
    endloop
  endfacet
  facet normal 0 0 1
    outer loop
      vertex 62.4 30.2 2.4
      vertex 64.11747357299805 32.736418332653365 2.4
      vertex 64 32.7287187078898 2.4
    endloop
  endfacet
  facet normal 0 0 1
    outer loop
      vertex 62.4 30.2 2.4
      vertex 64.34441508912857 32.797227128629636 2.4
      vertex 64.23293714059227 32.75938546422963 2.4
    endloop
  endfacet
  facet normal 0 0 1
    outer loop
      vertex 63.20926239176432 30.253041859482373 2.4
      vertex 64.45 32.8492958444838 2.4
      vertex 64.34441508912857 32.797227128629636 2.4
    endloop
  endfacet
  facet normal 0 0 1
    outer loop
      vertex 63.20926239176432 30.253041859482373 2.4
      vertex 64.54788528610784 32.91470070162768 2.4
      vertex 64.45 32.8492958444838 2.4
    endloop
  endfacet
  facet normal 0 0 1
    outer loop
      vertex 63.20926239176432 30.253041859482373 2.4
      vertex 64.6363961030679 32.9923226048219 2.4
      vertex 64.54788528610784 32.91470070162768 2.4
    endloop
  endfacet
  facet normal 0 0 1
    outer loop
      vertex 63.20926239176432 30.253041859482373 2.4
      vertex 64.71401800626211 33.080833421781946 2.4
      vertex 64.6363961030679 32.9923226048219 2.4
    endloop
  endfacet
  facet normal 0 0 1
    outer loop
      vertex 63.20926239176432 30.253041859482373 2.4
      vertex 64.00467807963562 30.411259877007776 2.4
      vertex 68.38874012299222 38.004678079635624 2.4
    endloop
  endfacet
  facet normal 0 0 1
    outer loop
      vertex 64.00467807963562 30.411259877007776 2.4
      vertex 64.77263728066356 30.671946898430022 2.4
      vertex 68.38874012299222 38.004678079635624 2.4
    endloop
  endfacet
  facet normal 0 0 1
    outer loop
      vertex 64.77263728066356 30.671946898430022 2.4
      vertex 65.5 31.03064249653648 2.4
      vertex 68.38874012299222 38.004678079635624 2.4
    endloop
  endfacet
  facet normal 0 0 -1
    outer loop
      vertex 59.9 33.628718707889796 0
      vertex 58.855584910871414 35.56850842073984 0
      vertex 59.907699624763566 33.74619228088784 0
    endloop
  endfacet
  facet normal 0 0 -1
    outer loop
      vertex 59.907699624763566 33.74619228088784 0
      vertex 58.96706285940773 35.53066675633984 0
      vertex 59.93066675633984 33.861655848482066 0
    endloop
  endfacet
  facet normal 0 0 -1
    outer loop
      vertex 59.93066675633984 33.861655848482066 0
      vertex 59.08252642700195 35.50769962476357 0
      vertex 59.96850842073984 33.97313379701838 0
    endloop
  endfacet
  facet normal 0 0 -1
    outer loop
      vertex 59.96850842073984 33.97313379701838 0
      vertex 59.199999999999996 35.5 0
      vertex 60.02057713659401 34.07871870788979 0
    endloop
  endfacet
  facet normal 0 0 -1
    outer loop
      vertex 60.02057713659401 34.07871870788979 0
      vertex 59.31747357299805 35.50769962476357 0
      vertex 60.08598199373789 34.176603993997645 0
    endloop
  endfacet
  facet normal 0 0 -1
    outer loop
      vertex 60.08598199373789 34.176603993997645 0
      vertex 59.432937140592266 35.53066675633984 0
      vertex 60.1636038969321 34.26511481095769 0
    endloop
  endfacet
  facet normal 0 0 -1
    outer loop
      vertex 59.9 33.628718707889796 0
      vertex 58.56360389693211 35.7636038969321 0
      vertex 58.652114713892146 35.68598199373789 0
    endloop
  endfacet
  facet normal 0 0 -1
    outer loop
      vertex 58.652114713892146 35.68598199373789 0
      vertex 58.75 35.620577136594 0
      vertex 59.9 33.628718707889796 0
    endloop
  endfacet
  facet normal 0 0 -1
    outer loop
      vertex 58.75 35.620577136594 0
      vertex 58.855584910871414 35.56850842073984 0
      vertex 59.9 33.628718707889796 0
    endloop
  endfacet
  facet normal 0 0 -1
    outer loop
      vertex 58.855584910871414 35.56850842073984 0
      vertex 58.96706285940773 35.53066675633984 0
      vertex 59.907699624763566 33.74619228088784 0
    endloop
  endfacet
  facet normal 0 0 -1
    outer loop
      vertex 58.96706285940773 35.53066675633984 0
      vertex 59.08252642700195 35.50769962476357 0
      vertex 59.93066675633984 33.861655848482066 0
    endloop
  endfacet
  facet normal 0 0 -1
    outer loop
      vertex 58.48598199373789 35.85211471389215 0
      vertex 59.9 33.628718707889796 0
      vertex 58.420577136594005 35.949999999999996 0
    endloop
  endfacet
  facet normal 0 0 -1
    outer loop
      vertex 58.56360389693211 35.7636038969321 0
      vertex 59.9 33.628718707889796 0
      vertex 58.48598199373789 35.85211471389215 0
    endloop
  endfacet
  facet normal 0 0 -1
    outer loop
      vertex 59.08252642700195 35.50769962476357 0
      vertex 59.199999999999996 35.5 0
      vertex 59.96850842073984 33.97313379701838 0
    endloop
  endfacet
  facet normal 0 0 -1
    outer loop
      vertex 59.199999999999996 35.5 0
      vertex 59.31747357299805 35.50769962476357 0
      vertex 60.02057713659401 34.07871870788979 0
    endloop
  endfacet
  facet normal 0 0 -1
    outer loop
      vertex 59.31747357299805 35.50769962476357 0
      vertex 59.432937140592266 35.53066675633984 0
      vertex 60.08598199373789 34.176603993997645 0
    endloop
  endfacet
  facet normal 0 0 -1
    outer loop
      vertex 60.1636038969321 34.26511481095769 0
      vertex 59.432937140592266 35.53066675633984 0
      vertex 59.54441508912858 35.56850842073984 0
    endloop
  endfacet
  facet normal 0 0 -1
    outer loop
      vertex 60.25211471389215 34.342736714151904 0
      vertex 59.54441508912858 35.56850842073984 0
      vertex 59.65 35.620577136594 0
    endloop
  endfacet
  facet normal 0 0 -1
    outer loop
      vertex 59.65 35.620577136594 0
      vertex 59.747885286107845 35.68598199373789 0
      vertex 60.35 34.408141571295786 0
    endloop
  endfacet
  facet normal 0 0 -1
    outer loop
      vertex 60.25211471389215 34.342736714151904 0
      vertex 60.1636038969321 34.26511481095769 0
      vertex 59.54441508912858 35.56850842073984 0
    endloop
  endfacet
  facet normal 0 0 -1
    outer loop
      vertex 60.35 34.408141571295786 0
      vertex 60.25211471389215 34.342736714151904 0
      vertex 59.65 35.620577136594 0
    endloop
  endfacet
  facet normal 0 0 -1
    outer loop
      vertex 60.455584910871416 34.460210287149955 0
      vertex 60.35 34.408141571295786 0
      vertex 59.747885286107845 35.68598199373789 0
    endloop
  endfacet
  facet normal 0 0 -1
    outer loop
      vertex 60.56706285940773 34.498051951549954 0
      vertex 60.455584910871416 34.460210287149955 0
      vertex 59.83639610306789 35.7636038969321 0
    endloop
  endfacet
  facet normal 0 0 -1
    outer loop
      vertex 59.747885286107845 35.68598199373789 0
      vertex 59.83639610306789 35.7636038969321 0
      vertex 60.455584910871416 34.460210287149955 0
    endloop
  endfacet
  facet normal 0 0 -1
    outer loop
      vertex 60.68252642700195 34.52101908312623 0
      vertex 60.56706285940773 34.498051951549954 0
      vertex 61.7636038969321 35.7636038969321 0
    endloop
  endfacet
  facet normal 0 0 -1
    outer loop
      vertex 60.8 34.528718707889794 0
      vertex 60.68252642700195 34.52101908312623 0
      vertex 61.7636038969321 35.7636038969321 0
    endloop
  endfacet
  facet normal 0 0 -1
    outer loop
      vertex 59.83639610306789 35.7636038969321 0
      vertex 61.7636038969321 35.7636038969321 0
      vertex 60.56706285940773 34.498051951549954 0
    endloop
  endfacet
  facet normal 0 0 -1
    outer loop
      vertex 59.83639610306789 35.7636038969321 0
      vertex 59.91401800626211 35.85211471389215 0
      vertex 61.7636038969321 35.7636038969321 0
    endloop
  endfacet
  facet normal 0 0 -1
    outer loop
      vertex 59.97942286340599 35.949999999999996 0
      vertex 61.68598199373789 35.85211471389215 0
      vertex 59.91401800626211 35.85211471389215 0
    endloop
  endfacet
  facet normal 0 0 -1
    outer loop
      vertex 60.031491579260155 36.05558491087142 0
      vertex 61.620577136594 35.949999999999996 0
      vertex 59.97942286340599 35.949999999999996 0
    endloop
  endfacet
  facet normal 0 0 -1
    outer loop
      vertex 60.031491579260155 36.05558491087142 0
      vertex 61.56850842073984 36.05558491087142 0
      vertex 61.620577136594 35.949999999999996 0
    endloop
  endfacet
  facet normal 0 0 -1
    outer loop
      vertex 61.66933324366016 33.395781567297526 0
      vertex 63.16850842073984 33.284303618761214 0
      vertex 61.63149157926016 33.284303618761214 0
    endloop
  endfacet
  facet normal 0 0 -1
    outer loop
      vertex 61.69230037523643 33.51124513489175 0
      vertex 63.130666756339835 33.395781567297526 0
      vertex 61.66933324366016 33.395781567297526 0
    endloop
  endfacet
  facet normal 0 0 -1
    outer loop
      vertex 61.699999999999996 33.628718707889796 0
      vertex 63.10769962476357 33.51124513489175 0
      vertex 61.69230037523643 33.51124513489175 0
    endloop
  endfacet
  facet normal 0 0 -1
    outer loop
      vertex 61.69230037523643 33.74619228088784 0
      vertex 63.1 33.628718707889796 0
      vertex 61.699999999999996 33.628718707889796 0
    endloop
  endfacet
  facet normal 0 0 -1
    outer loop
      vertex 61.66933324366016 33.861655848482066 0
      vertex 63.10769962476357 33.74619228088784 0
      vertex 61.69230037523643 33.74619228088784 0
    endloop
  endfacet
  facet normal 0 0 -1
    outer loop
      vertex 61.63149157926016 33.97313379701838 0
      vertex 63.130666756339835 33.861655848482066 0
      vertex 61.66933324366016 33.861655848482066 0
    endloop
  endfacet
  facet normal 0 0 -1
    outer loop
      vertex 61.579422863405995 34.07871870788979 0
      vertex 63.16850842073984 33.97313379701838 0
      vertex 61.63149157926016 33.97313379701838 0
    endloop
  endfacet
  facet normal 0 0 -1
    outer loop
      vertex 61.51401800626211 34.176603993997645 0
      vertex 63.220577136594 34.07871870788979 0
      vertex 61.579422863405995 34.07871870788979 0
    endloop
  endfacet
  facet normal 0 0 -1
    outer loop
      vertex 61.43639610306789 34.265114810957684 0
      vertex 63.285981993737884 34.176603993997645 0
      vertex 61.51401800626211 34.176603993997645 0
    endloop
  endfacet
  facet normal 0 0 -1
    outer loop
      vertex 63.16850842073984 33.284303618761214 0
      vertex 61.66933324366016 33.395781567297526 0
      vertex 63.130666756339835 33.395781567297526 0
    endloop
  endfacet
  facet normal 0 0 -1
    outer loop
      vertex 61.69230037523643 33.51124513489175 0
      vertex 63.10769962476357 33.51124513489175 0
      vertex 63.130666756339835 33.395781567297526 0
    endloop
  endfacet
  facet normal 0 0 -1
    outer loop
      vertex 61.699999999999996 33.628718707889796 0
      vertex 63.1 33.628718707889796 0
      vertex 63.10769962476357 33.51124513489175 0
    endloop
  endfacet
  facet normal 0 0 -1
    outer loop
      vertex 61.69230037523643 33.74619228088784 0
      vertex 63.10769962476357 33.74619228088784 0
      vertex 63.1 33.628718707889796 0
    endloop
  endfacet
  facet normal 0 0 -1
    outer loop
      vertex 61.66933324366016 33.861655848482066 0
      vertex 63.130666756339835 33.861655848482066 0
      vertex 63.10769962476357 33.74619228088784 0
    endloop
  endfacet
  facet normal 0 0 -1
    outer loop
      vertex 61.63149157926016 33.97313379701838 0
      vertex 63.16850842073984 33.97313379701838 0
      vertex 63.130666756339835 33.861655848482066 0
    endloop
  endfacet
  facet normal 0 0 -1
    outer loop
      vertex 61.579422863405995 34.07871870788979 0
      vertex 63.220577136594 34.07871870788979 0
      vertex 63.16850842073984 33.97313379701838 0
    endloop
  endfacet
  facet normal 0 0 -1
    outer loop
      vertex 61.51401800626211 34.176603993997645 0
      vertex 63.285981993737884 34.176603993997645 0
      vertex 63.220577136594 34.07871870788979 0
    endloop
  endfacet
  facet normal 0 0 -1
    outer loop
      vertex 61.43639610306789 34.265114810957684 0
      vertex 63.363603896932105 34.265114810957684 0
      vertex 63.285981993737884 34.176603993997645 0
    endloop
  endfacet
  facet normal 0 0 -1
    outer loop
      vertex 63.363603896932105 34.265114810957684 0
      vertex 61.43639610306789 34.265114810957684 0
      vertex 62.282526427001955 35.50769962476357 0
    endloop
  endfacet
  facet normal 0 0 -1
    outer loop
      vertex 60.91747357299805 34.52101908312623 0
      vertex 60.8 34.528718707889794 0
      vertex 61.7636038969321 35.7636038969321 0
    endloop
  endfacet
  facet normal 0 0 -1
    outer loop
      vertex 61.03293714059227 34.498051951549954 0
      vertex 60.91747357299805 34.52101908312623 0
      vertex 61.7636038969321 35.7636038969321 0
    endloop
  endfacet
  facet normal 0 0 -1
    outer loop
      vertex 61.14441508912858 34.460210287149955 0
      vertex 61.03293714059227 34.498051951549954 0
      vertex 61.85211471389215 35.68598199373789 0
    endloop
  endfacet
  facet normal 0 0 -1
    outer loop
      vertex 61.25 34.408141571295786 0
      vertex 61.14441508912858 34.460210287149955 0
      vertex 61.949999999999996 35.620577136594 0
    endloop
  endfacet
  facet normal 0 0 -1
    outer loop
      vertex 61.34788528610785 34.342736714151904 0
      vertex 61.25 34.408141571295786 0
      vertex 62.05558491087142 35.56850842073984 0
    endloop
  endfacet
  facet normal 0 0 -1
    outer loop
      vertex 62.16706285940773 35.53066675633984 0
      vertex 61.43639610306789 34.265114810957684 0
      vertex 61.34788528610785 34.342736714151904 0
    endloop
  endfacet
  facet normal 0 0 -1
    outer loop
      vertex 61.14441508912858 34.460210287149955 0
      vertex 61.85211471389215 35.68598199373789 0
      vertex 61.949999999999996 35.620577136594 0
    endloop
  endfacet
  facet normal 0 0 -1
    outer loop
      vertex 61.03293714059227 34.498051951549954 0
      vertex 61.7636038969321 35.7636038969321 0
      vertex 61.85211471389215 35.68598199373789 0
    endloop
  endfacet
  facet normal 0 0 -1
    outer loop
      vertex 61.949999999999996 35.620577136594 0
      vertex 62.05558491087142 35.56850842073984 0
      vertex 61.25 34.408141571295786 0
    endloop
  endfacet
  facet normal 0 0 -1
    outer loop
      vertex 62.05558491087142 35.56850842073984 0
      vertex 62.16706285940773 35.53066675633984 0
      vertex 61.34788528610785 34.342736714151904 0
    endloop
  endfacet
  facet normal 0 0 -1
    outer loop
      vertex 62.16706285940773 35.53066675633984 0
      vertex 62.282526427001955 35.50769962476357 0
      vertex 61.43639610306789 34.265114810957684 0
    endloop
  endfacet
  facet normal 0 0 -1
    outer loop
      vertex 61.7636038969321 35.7636038969321 0
      vertex 59.91401800626211 35.85211471389215 0
      vertex 61.68598199373789 35.85211471389215 0
    endloop
  endfacet
  facet normal 0 0 -1
    outer loop
      vertex 59.97942286340599 35.949999999999996 0
      vertex 61.620577136594 35.949999999999996 0
      vertex 61.68598199373789 35.85211471389215 0
    endloop
  endfacet
  facet normal 0 0 -1
    outer loop
      vertex 63.363603896932105 34.265114810957684 0
      vertex 62.282526427001955 35.50769962476357 0
      vertex 62.4 35.5 0
    endloop
  endfacet
  facet normal 0 0 -1
    outer loop
      vertex 63.363603896932105 34.265114810957684 0
      vertex 62.4 35.5 0
      vertex 62.51747357299804 35.50769962476357 0
    endloop
  endfacet
  facet normal 0 0 -1
    outer loop
      vertex 63.45211471389215 34.342736714151904 0
      vertex 63.363603896932105 34.265114810957684 0
      vertex 62.74441508912858 35.56850842073984 0
    endloop
  endfacet
  facet normal 0 0 -1
    outer loop
      vertex 63.55 34.408141571295786 0
      vertex 63.45211471389215 34.342736714151904 0
      vertex 62.85 35.620577136594 0
    endloop
  endfacet
  facet normal 0 0 -1
    outer loop
      vertex 63.363603896932105 34.265114810957684 0
      vertex 62.51747357299804 35.50769962476357 0
      vertex 62.63293714059227 35.53066675633984 0
    endloop
  endfacet
  facet normal 0 0 -1
    outer loop
      vertex 63.363603896932105 34.265114810957684 0
      vertex 62.63293714059227 35.53066675633984 0
      vertex 62.74441508912858 35.56850842073984 0
    endloop
  endfacet
  facet normal 0 0 -1
    outer loop
      vertex 63.45211471389215 34.342736714151904 0
      vertex 62.74441508912858 35.56850842073984 0
      vertex 62.85 35.620577136594 0
    endloop
  endfacet
  facet normal 0 0 -1
    outer loop
      vertex 62.85 35.620577136594 0
      vertex 62.94788528610785 35.68598199373789 0
      vertex 63.55 34.408141571295786 0
    endloop
  endfacet
  facet normal 0 0 -1
    outer loop
      vertex 62.94788528610785 35.68598199373789 0
      vertex 63.036396103067894 35.7636038969321 0
      vertex 63.65558491087142 34.460210287149955 0
    endloop
  endfacet
  facet normal 0 0 -1
    outer loop
      vertex 60.06933324366016 36.16706285940773 0
      vertex 61.56850842073984 36.05558491087142 0
      vertex 60.031491579260155 36.05558491087142 0
    endloop
  endfacet
  facet normal 0 0 -1
    outer loop
      vertex 60.09230037523643 36.282526427001955 0
      vertex 61.53066675633984 36.16706285940773 0
      vertex 60.06933324366016 36.16706285940773 0
    endloop
  endfacet
  facet normal 0 0 -1
    outer loop
      vertex 60.1 36.4 0
      vertex 61.50769962476357 36.282526427001955 0
      vertex 60.09230037523643 36.282526427001955 0
    endloop
  endfacet
  facet normal 0 0 -1
    outer loop
      vertex 61.56850842073984 36.05558491087142 0
      vertex 60.06933324366016 36.16706285940773 0
      vertex 61.53066675633984 36.16706285940773 0
    endloop
  endfacet
  facet normal 0 0 -1
    outer loop
      vertex 60.09230037523643 36.282526427001955 0
      vertex 61.50769962476357 36.282526427001955 0
      vertex 61.53066675633984 36.16706285940773 0
    endloop
  endfacet
  facet normal 0 0 -1
    outer loop
      vertex 60.1 36.4 0
      vertex 61.5 36.4 0
      vertex 61.50769962476357 36.282526427001955 0
    endloop
  endfacet
  facet normal 0 0 -1
    outer loop
      vertex 60.09230037523643 36.51747357299804 0
      vertex 61.5 36.4 0
      vertex 60.1 36.4 0
    endloop
  endfacet
  facet normal 0 0 -1
    outer loop
      vertex 60.06933324366016 36.63293714059227 0
      vertex 61.50769962476357 36.51747357299804 0
      vertex 60.09230037523643 36.51747357299804 0
    endloop
  endfacet
  facet normal 0 0 -1
    outer loop
      vertex 60.031491579260155 36.74441508912858 0
      vertex 61.53066675633984 36.63293714059227 0
      vertex 60.06933324366016 36.63293714059227 0
    endloop
  endfacet
  facet normal 0 0 -1
    outer loop
      vertex 60.09230037523643 36.51747357299804 0
      vertex 61.50769962476357 36.51747357299804 0
      vertex 61.5 36.4 0
    endloop
  endfacet
  facet normal 0 0 -1
    outer loop
      vertex 60.06933324366016 36.63293714059227 0
      vertex 61.53066675633984 36.63293714059227 0
      vertex 61.50769962476357 36.51747357299804 0
    endloop
  endfacet
  facet normal 0 0 -1
    outer loop
      vertex 60.031491579260155 36.74441508912858 0
      vertex 61.56850842073984 36.74441508912858 0
      vertex 61.53066675633984 36.63293714059227 0
    endloop
  endfacet
  facet normal 0 0 -1
    outer loop
      vertex 59.91401800626211 36.94788528610785 0
      vertex 61.620577136594 36.85 0
      vertex 59.97942286340599 36.85 0
    endloop
  endfacet
  facet normal 0 0 -1
    outer loop
      vertex 59.83639610306789 37.036396103067894 0
      vertex 61.68598199373789 36.94788528610785 0
      vertex 59.91401800626211 36.94788528610785 0
    endloop
  endfacet
  facet normal 0 0 -1
    outer loop
      vertex 61.7636038969321 37.036396103067894 0
      vertex 59.83639610306789 37.036396103067894 0
      vertex 59.747885286107845 37.11401800626211 0
    endloop
  endfacet
  facet normal 0 0 -1
    outer loop
      vertex 59.54441508912858 37.23149157926016 0
      vertex 59.432937140592266 37.26933324366016 0
      vertex 62.05558491087142 37.23149157926016 0
    endloop
  endfacet
  facet normal 0 0 -1
    outer loop
      vertex 59.747885286107845 37.11401800626211 0
      vertex 59.65 37.179422863405996 0
      vertex 61.85211471389215 37.11401800626211 0
    endloop
  endfacet
  facet normal 0 0 -1
    outer loop
      vertex 59.65 37.179422863405996 0
      vertex 59.54441508912858 37.23149157926016 0
      vertex 61.949999999999996 37.179422863405996 0
    endloop
  endfacet
  facet normal 0 0 -1
    outer loop
      vertex 59.97942286340599 36.85 0
      vertex 61.56850842073984 36.74441508912858 0
      vertex 60.031491579260155 36.74441508912858 0
    endloop
  endfacet
  facet normal 0 0 -1
    outer loop
      vertex 59.97942286340599 36.85 0
      vertex 61.620577136594 36.85 0
      vertex 61.56850842073984 36.74441508912858 0
    endloop
  endfacet
  facet normal 0 0 -1
    outer loop
      vertex 59.91401800626211 36.94788528610785 0
      vertex 61.68598199373789 36.94788528610785 0
      vertex 61.620577136594 36.85 0
    endloop
  endfacet
  facet normal 0 0 -1
    outer loop
      vertex 58.855584910871414 37.23149157926016 0
      vertex 58.75 37.179422863405996 0
      vertex 60.8 38.2712812921102 0
    endloop
  endfacet
  facet normal 0 0 -1
    outer loop
      vertex 59.08252642700195 37.29230037523643 0
      vertex 58.96706285940773 37.26933324366016 0
      vertex 60.8 38.2712812921102 0
    endloop
  endfacet
  facet normal 0 0 -1
    outer loop
      vertex 58.96706285940773 37.26933324366016 0
      vertex 58.855584910871414 37.23149157926016 0
      vertex 60.8 38.2712812921102 0
    endloop
  endfacet
  facet normal 0 0 -1
    outer loop
      vertex 59.31747357299805 37.29230037523643 0
      vertex 59.199999999999996 37.3 0
      vertex 60.8 38.2712812921102 0
    endloop
  endfacet
  facet normal 0 0 -1
    outer loop
      vertex 59.199999999999996 37.3 0
      vertex 59.08252642700195 37.29230037523643 0
      vertex 60.8 38.2712812921102 0
    endloop
  endfacet
  facet normal 0 0 -1
    outer loop
      vertex 59.432937140592266 37.26933324366016 0
      vertex 59.31747357299805 37.29230037523643 0
      vertex 60.8 38.2712812921102 0
    endloop
  endfacet
  facet normal 0 0 -1
    outer loop
      vertex 59.432937140592266 37.26933324366016 0
      vertex 60.91747357299805 38.27898091687377 0
      vertex 61.03293714059227 38.30194804845004 0
    endloop
  endfacet
  facet normal 0 0 -1
    outer loop
      vertex 59.432937140592266 37.26933324366016 0
      vertex 60.8 38.2712812921102 0
      vertex 60.91747357299805 38.27898091687377 0
    endloop
  endfacet
  facet normal 0 0 -1
    outer loop
      vertex 59.432937140592266 37.26933324366016 0
      vertex 61.03293714059227 38.30194804845004 0
      vertex 62.16706285940773 37.26933324366016 0
    endloop
  endfacet
  facet normal 0 0 -1
    outer loop
      vertex 59.83639610306789 37.036396103067894 0
      vertex 61.7636038969321 37.036396103067894 0
      vertex 61.68598199373789 36.94788528610785 0
    endloop
  endfacet
  facet normal 0 0 -1
    outer loop
      vertex 59.747885286107845 37.11401800626211 0
      vertex 61.85211471389215 37.11401800626211 0
      vertex 61.7636038969321 37.036396103067894 0
    endloop
  endfacet
  facet normal 0 0 -1
    outer loop
      vertex 59.65 37.179422863405996 0
      vertex 61.949999999999996 37.179422863405996 0
      vertex 61.85211471389215 37.11401800626211 0
    endloop
  endfacet
  facet normal 0 0 -1
    outer loop
      vertex 59.54441508912858 37.23149157926016 0
      vertex 62.05558491087142 37.23149157926016 0
      vertex 61.949999999999996 37.179422863405996 0
    endloop
  endfacet
  facet normal 0 0 -1
    outer loop
      vertex 59.432937140592266 37.26933324366016 0
      vertex 62.16706285940773 37.26933324366016 0
      vertex 62.05558491087142 37.23149157926016 0
    endloop
  endfacet
  facet normal 0 0 -1
    outer loop
      vertex 61.03293714059227 38.30194804845004 0
      vertex 62.4 37.3 0
      vertex 62.282526427001955 37.29230037523643 0
    endloop
  endfacet
  facet normal 0 0 -1
    outer loop
      vertex 61.03293714059227 38.30194804845004 0
      vertex 62.282526427001955 37.29230037523643 0
      vertex 62.16706285940773 37.26933324366016 0
    endloop
  endfacet
  facet normal 0 0 -1
    outer loop
      vertex 61.03293714059227 38.30194804845004 0
      vertex 62.63293714059227 37.26933324366016 0
      vertex 62.51747357299804 37.29230037523643 0
    endloop
  endfacet
  facet normal 0 0 -1
    outer loop
      vertex 61.03293714059227 38.30194804845004 0
      vertex 62.51747357299804 37.29230037523643 0
      vertex 62.4 37.3 0
    endloop
  endfacet
  facet normal 0 0 -1
    outer loop
      vertex 61.03293714059227 38.30194804845004 0
      vertex 61.14441508912858 38.33978971285004 0
      vertex 63.76706285940773 38.30194804845004 0
    endloop
  endfacet
  facet normal 0 0 -1
    outer loop
      vertex 61.25 38.39185842870421 0
      vertex 61.34788528610785 38.45726328584809 0
      vertex 63.55 38.39185842870421 0
    endloop
  endfacet
  facet normal 0 0 -1
    outer loop
      vertex 61.14441508912858 38.33978971285004 0
      vertex 61.25 38.39185842870421 0
      vertex 63.65558491087142 38.33978971285004 0
    endloop
  endfacet
  facet normal 0 0 -1
    outer loop
      vertex 61.34788528610785 38.45726328584809 0
      vertex 61.43639610306789 38.53488518904231 0
      vertex 63.45211471389215 38.45726328584809 0
    endloop
  endfacet
  facet normal 0 0 -1
    outer loop
      vertex 61.43639610306789 38.53488518904231 0
      vertex 61.51401800626211 38.62339600600235 0
      vertex 63.363603896932105 38.53488518904231 0
    endloop
  endfacet
  facet normal 0 0 -1
    outer loop
      vertex 61.579422863405995 38.721281292110206 0
      vertex 63.285981993737884 38.62339600600235 0
      vertex 61.51401800626211 38.62339600600235 0
    endloop
  endfacet
  facet normal 0 0 -1
    outer loop
      vertex 61.63149157926016 38.82686620298162 0
      vertex 63.220577136594 38.721281292110206 0
      vertex 61.579422863405995 38.721281292110206 0
    endloop
  endfacet
  facet normal 0 0 -1
    outer loop
      vertex 61.03293714059227 38.30194804845004 0
      vertex 63.76706285940773 38.30194804845004 0
      vertex 62.63293714059227 37.26933324366016 0
    endloop
  endfacet
  facet normal 0 0 -1
    outer loop
      vertex 61.34788528610785 38.45726328584809 0
      vertex 63.45211471389215 38.45726328584809 0
      vertex 63.55 38.39185842870421 0
    endloop
  endfacet
  facet normal 0 0 -1
    outer loop
      vertex 61.43639610306789 38.53488518904231 0
      vertex 63.363603896932105 38.53488518904231 0
      vertex 63.45211471389215 38.45726328584809 0
    endloop
  endfacet
  facet normal 0 0 -1
    outer loop
      vertex 61.51401800626211 38.62339600600235 0
      vertex 63.285981993737884 38.62339600600235 0
      vertex 63.363603896932105 38.53488518904231 0
    endloop
  endfacet
  facet normal 0 0 -1
    outer loop
      vertex 63.285981993737884 38.62339600600235 0
      vertex 61.579422863405995 38.721281292110206 0
      vertex 63.220577136594 38.721281292110206 0
    endloop
  endfacet
  facet normal 0 0 -1
    outer loop
      vertex 61.63149157926016 38.82686620298162 0
      vertex 63.16850842073984 38.82686620298162 0
      vertex 63.220577136594 38.721281292110206 0
    endloop
  endfacet
  facet normal 0 0 -1
    outer loop
      vertex 63.65558491087142 38.33978971285004 0
      vertex 63.76706285940773 38.30194804845004 0
      vertex 61.14441508912858 38.33978971285004 0
    endloop
  endfacet
  facet normal 0 0 -1
    outer loop
      vertex 61.25 38.39185842870421 0
      vertex 63.55 38.39185842870421 0
      vertex 63.65558491087142 38.33978971285004 0
    endloop
  endfacet
  facet normal 0 0 -1
    outer loop
      vertex 61.66933324366016 38.93834415151793 0
      vertex 63.16850842073984 38.82686620298162 0
      vertex 61.63149157926016 38.82686620298162 0
    endloop
  endfacet
  facet normal 0 0 -1
    outer loop
      vertex 61.69230037523643 39.05380771911216 0
      vertex 63.130666756339835 38.93834415151793 0
      vertex 61.66933324366016 38.93834415151793 0
    endloop
  endfacet
  facet normal 0 0 -1
    outer loop
      vertex 61.699999999999996 39.1712812921102 0
      vertex 63.10769962476357 39.05380771911216 0
      vertex 61.69230037523643 39.05380771911216 0
    endloop
  endfacet
  facet normal 0 0 -1
    outer loop
      vertex 61.69230037523643 39.288754865108245 0
      vertex 63.1 39.1712812921102 0
      vertex 61.699999999999996 39.1712812921102 0
    endloop
  endfacet
  facet normal 0 0 -1
    outer loop
      vertex 61.66933324366016 39.40421843270247 0
      vertex 63.10769962476357 39.288754865108245 0
      vertex 61.69230037523643 39.288754865108245 0
    endloop
  endfacet
  facet normal 0 0 -1
    outer loop
      vertex 61.63149157926016 39.51569638123878 0
      vertex 63.130666756339835 39.40421843270247 0
      vertex 61.66933324366016 39.40421843270247 0
    endloop
  endfacet
  facet normal 0 0 -1
    outer loop
      vertex 61.579422863405995 39.621281292110204 0
      vertex 63.16850842073984 39.51569638123878 0
      vertex 61.63149157926016 39.51569638123878 0
    endloop
  endfacet
  facet normal 0 0 -1
    outer loop
      vertex 61.51401800626211 39.71916657821805 0
      vertex 63.220577136594 39.621281292110204 0
      vertex 61.579422863405995 39.621281292110204 0
    endloop
  endfacet
  facet normal 0 0 -1
    outer loop
      vertex 63.363603896932105 39.807677395178096 0
      vertex 61.43639610306789 39.807677395178096 0
      vertex 61.34788528610785 39.88529929837232 0
    endloop
  endfacet
  facet normal 0 0 -1
    outer loop
      vertex 61.43639610306789 39.807677395178096 0
      vertex 63.285981993737884 39.71916657821805 0
      vertex 61.51401800626211 39.71916657821805 0
    endloop
  endfacet
  facet normal 0 0 -1
    outer loop
      vertex 61.34788528610785 39.88529929837232 0
      vertex 61.25 39.9507041555162 0
      vertex 63.45211471389215 39.88529929837232 0
    endloop
  endfacet
  facet normal 0 0 -1
    outer loop
      vertex 61.25 39.9507041555162 0
      vertex 61.14441508912858 40.00277287137036 0
      vertex 63.55 39.9507041555162 0
    endloop
  endfacet
  facet normal 0 0 -1
    outer loop
      vertex 63.16850842073984 38.82686620298162 0
      vertex 61.66933324366016 38.93834415151793 0
      vertex 63.130666756339835 38.93834415151793 0
    endloop
  endfacet
  facet normal 0 0 -1
    outer loop
      vertex 61.69230037523643 39.05380771911216 0
      vertex 63.10769962476357 39.05380771911216 0
      vertex 63.130666756339835 38.93834415151793 0
    endloop
  endfacet
  facet normal 0 0 -1
    outer loop
      vertex 61.699999999999996 39.1712812921102 0
      vertex 63.1 39.1712812921102 0
      vertex 63.10769962476357 39.05380771911216 0
    endloop
  endfacet
  facet normal 0 0 -1
    outer loop
      vertex 61.69230037523643 39.288754865108245 0
      vertex 63.10769962476357 39.288754865108245 0
      vertex 63.1 39.1712812921102 0
    endloop
  endfacet
  facet normal 0 0 -1
    outer loop
      vertex 61.66933324366016 39.40421843270247 0
      vertex 63.130666756339835 39.40421843270247 0
      vertex 63.10769962476357 39.288754865108245 0
    endloop
  endfacet
  facet normal 0 0 -1
    outer loop
      vertex 61.63149157926016 39.51569638123878 0
      vertex 63.16850842073984 39.51569638123878 0
      vertex 63.130666756339835 39.40421843270247 0
    endloop
  endfacet
  facet normal 0 0 -1
    outer loop
      vertex 61.579422863405995 39.621281292110204 0
      vertex 63.220577136594 39.621281292110204 0
      vertex 63.16850842073984 39.51569638123878 0
    endloop
  endfacet
  facet normal 0 0 -1
    outer loop
      vertex 61.51401800626211 39.71916657821805 0
      vertex 63.285981993737884 39.71916657821805 0
      vertex 63.220577136594 39.621281292110204 0
    endloop
  endfacet
  facet normal 0 0 -1
    outer loop
      vertex 61.43639610306789 39.807677395178096 0
      vertex 63.363603896932105 39.807677395178096 0
      vertex 63.285981993737884 39.71916657821805 0
    endloop
  endfacet
  facet normal 0 0 -1
    outer loop
      vertex 61.34788528610785 39.88529929837232 0
      vertex 63.45211471389215 39.88529929837232 0
      vertex 63.363603896932105 39.807677395178096 0
    endloop
  endfacet
  facet normal 0 0 -1
    outer loop
      vertex 61.25 39.9507041555162 0
      vertex 63.55 39.9507041555162 0
      vertex 63.45211471389215 39.88529929837232 0
    endloop
  endfacet
  facet normal 0 0 -1
    outer loop
      vertex 61.14441508912858 40.00277287137036 0
      vertex 63.65558491087142 40.00277287137036 0
      vertex 63.55 39.9507041555162 0
    endloop
  endfacet
  facet normal 0 0 -1
    outer loop
      vertex 64.71401800626211 34.176603993997645 0
      vertex 65.6 35.5 0
      vertex 64.779422863406 34.07871870788979 0
    endloop
  endfacet
  facet normal 0 0 -1
    outer loop
      vertex 64.6363961030679 34.26511481095769 0
      vertex 65.48252642700196 35.50769962476357 0
      vertex 64.71401800626211 34.176603993997645 0
    endloop
  endfacet
  facet normal 0 0 -1
    outer loop
      vertex 64.89230037523643 33.74619228088784 0
      vertex 66.05 35.620577136594 0
      vertex 64.9 33.628718707889796 0
    endloop
  endfacet
  facet normal 0 0 -1
    outer loop
      vertex 64.9 33.628718707889796 0
      vertex 66.14788528610785 35.68598199373789 0
      vertex 64.89230037523643 33.51124513489175 0
    endloop
  endfacet
  facet normal 0 0 -1
    outer loop
      vertex 64.89230037523643 33.51124513489175 0
      vertex 66.23639610306789 35.7636038969321 0
      vertex 64.86933324366017 33.395781567297526 0
    endloop
  endfacet
  facet normal 0 0 -1
    outer loop
      vertex 64.83149157926016 33.97313379701838 0
      vertex 65.83293714059226 35.53066675633984 0
      vertex 64.86933324366017 33.861655848482066 0
    endloop
  endfacet
  facet normal 0 0 -1
    outer loop
      vertex 64.86933324366017 33.861655848482066 0
      vertex 65.94441508912858 35.56850842073984 0
      vertex 64.89230037523643 33.74619228088784 0
    endloop
  endfacet
  facet normal 0 0 -1
    outer loop
      vertex 64.779422863406 34.07871870788979 0
      vertex 65.71747357299805 35.50769962476357 0
      vertex 64.83149157926016 33.97313379701838 0
    endloop
  endfacet
  facet normal 0 0 -1
    outer loop
      vertex 63.65558491087142 34.460210287149955 0
      vertex 63.55 34.408141571295786 0
      vertex 62.94788528610785 35.68598199373789 0
    endloop
  endfacet
  facet normal 0 0 -1
    outer loop
      vertex 63.036396103067894 35.7636038969321 0
      vertex 63.76706285940773 34.498051951549954 0
      vertex 63.65558491087142 34.460210287149955 0
    endloop
  endfacet
  facet normal 0 0 -1
    outer loop
      vertex 63.88252642700195 34.52101908312623 0
      vertex 63.76706285940773 34.498051951549954 0
      vertex 64.9636038969321 35.7636038969321 0
    endloop
  endfacet
  facet normal 0 0 -1
    outer loop
      vertex 64 34.528718707889794 0
      vertex 63.88252642700195 34.52101908312623 0
      vertex 64.9636038969321 35.7636038969321 0
    endloop
  endfacet
  facet normal 0 0 -1
    outer loop
      vertex 64.11747357299805 34.52101908312623 0
      vertex 64 34.528718707889794 0
      vertex 64.9636038969321 35.7636038969321 0
    endloop
  endfacet
  facet normal 0 0 -1
    outer loop
      vertex 64.23293714059227 34.498051951549954 0
      vertex 64.11747357299805 34.52101908312623 0
      vertex 64.9636038969321 35.7636038969321 0
    endloop
  endfacet
  facet normal 0 0 -1
    outer loop
      vertex 63.036396103067894 35.7636038969321 0
      vertex 64.9636038969321 35.7636038969321 0
      vertex 63.76706285940773 34.498051951549954 0
    endloop
  endfacet
  facet normal 0 0 -1
    outer loop
      vertex 63.036396103067894 35.7636038969321 0
      vertex 63.11401800626211 35.85211471389215 0
      vertex 64.9636038969321 35.7636038969321 0
    endloop
  endfacet
  facet normal 0 0 -1
    outer loop
      vertex 63.179422863405996 35.949999999999996 0
      vertex 64.88598199373789 35.85211471389215 0
      vertex 63.11401800626211 35.85211471389215 0
    endloop
  endfacet
  facet normal 0 0 -1
    outer loop
      vertex 63.23149157926016 36.05558491087142 0
      vertex 64.82057713659401 35.949999999999996 0
      vertex 63.179422863405996 35.949999999999996 0
    endloop
  endfacet
  facet normal 0 0 -1
    outer loop
      vertex 64.9636038969321 35.7636038969321 0
      vertex 63.11401800626211 35.85211471389215 0
      vertex 64.88598199373789 35.85211471389215 0
    endloop
  endfacet
  facet normal 0 0 -1
    outer loop
      vertex 64.88598199373789 35.85211471389215 0
      vertex 63.179422863405996 35.949999999999996 0
      vertex 64.82057713659401 35.949999999999996 0
    endloop
  endfacet
  facet normal 0 0 -1
    outer loop
      vertex 63.23149157926016 36.05558491087142 0
      vertex 64.76850842073983 36.05558491087142 0
      vertex 64.82057713659401 35.949999999999996 0
    endloop
  endfacet
  facet normal 0 0 -1
    outer loop
      vertex 64.54788528610784 34.342736714151904 0
      vertex 64.45 34.408141571295786 0
      vertex 65.25558491087142 35.56850842073984 0
    endloop
  endfacet
  facet normal 0 0 -1
    outer loop
      vertex 64.45 34.408141571295786 0
      vertex 64.34441508912857 34.460210287149955 0
      vertex 65.15 35.620577136594 0
    endloop
  endfacet
  facet normal 0 0 -1
    outer loop
      vertex 64.34441508912857 34.460210287149955 0
      vertex 64.23293714059227 34.498051951549954 0
      vertex 65.05211471389215 35.68598199373789 0
    endloop
  endfacet
  facet normal 0 0 -1
    outer loop
      vertex 65.36706285940772 35.53066675633984 0
      vertex 64.6363961030679 34.26511481095769 0
      vertex 64.54788528610784 34.342736714151904 0
    endloop
  endfacet
  facet normal 0 0 -1
    outer loop
      vertex 64.23293714059227 34.498051951549954 0
      vertex 64.9636038969321 35.7636038969321 0
      vertex 65.05211471389215 35.68598199373789 0
    endloop
  endfacet
  facet normal 0 0 -1
    outer loop
      vertex 65.15 35.620577136594 0
      vertex 65.25558491087142 35.56850842073984 0
      vertex 64.45 34.408141571295786 0
    endloop
  endfacet
  facet normal 0 0 -1
    outer loop
      vertex 64.34441508912857 34.460210287149955 0
      vertex 65.05211471389215 35.68598199373789 0
      vertex 65.15 35.620577136594 0
    endloop
  endfacet
  facet normal 0 0 -1
    outer loop
      vertex 64.779422863406 34.07871870788979 0
      vertex 65.6 35.5 0
      vertex 65.71747357299805 35.50769962476357 0
    endloop
  endfacet
  facet normal 0 0 -1
    outer loop
      vertex 64.83149157926016 33.97313379701838 0
      vertex 65.71747357299805 35.50769962476357 0
      vertex 65.83293714059226 35.53066675633984 0
    endloop
  endfacet
  facet normal 0 0 -1
    outer loop
      vertex 64.86933324366017 33.861655848482066 0
      vertex 65.83293714059226 35.53066675633984 0
      vertex 65.94441508912858 35.56850842073984 0
    endloop
  endfacet
  facet normal 0 0 -1
    outer loop
      vertex 65.36706285940772 35.53066675633984 0
      vertex 65.48252642700196 35.50769962476357 0
      vertex 64.6363961030679 34.26511481095769 0
    endloop
  endfacet
  facet normal 0 0 -1
    outer loop
      vertex 65.25558491087142 35.56850842073984 0
      vertex 65.36706285940772 35.53066675633984 0
      vertex 64.54788528610784 34.342736714151904 0
    endloop
  endfacet
  facet normal 0 0 -1
    outer loop
      vertex 64.71401800626211 34.176603993997645 0
      vertex 65.48252642700196 35.50769962476357 0
      vertex 65.6 35.5 0
    endloop
  endfacet
  facet normal 0 0 -1
    outer loop
      vertex 64.89230037523643 33.74619228088784 0
      vertex 65.94441508912858 35.56850842073984 0
      vertex 66.05 35.620577136594 0
    endloop
  endfacet
  facet normal 0 0 -1
    outer loop
      vertex 66.05 35.620577136594 0
      vertex 66.14788528610785 35.68598199373789 0
      vertex 64.9 33.628718707889796 0
    endloop
  endfacet
  facet normal 0 0 -1
    outer loop
      vertex 66.14788528610785 35.68598199373789 0
      vertex 66.23639610306789 35.7636038969321 0
      vertex 64.89230037523643 33.51124513489175 0
    endloop
  endfacet
  facet normal 0 0 -1
    outer loop
      vertex 63.26933324366016 36.16706285940773 0
      vertex 64.76850842073983 36.05558491087142 0
      vertex 63.23149157926016 36.05558491087142 0
    endloop
  endfacet
  facet normal 0 0 -1
    outer loop
      vertex 63.29230037523643 36.282526427001955 0
      vertex 64.73066675633984 36.16706285940773 0
      vertex 63.26933324366016 36.16706285940773 0
    endloop
  endfacet
  facet normal 0 0 -1
    outer loop
      vertex 63.3 36.4 0
      vertex 64.70769962476356 36.282526427001955 0
      vertex 63.29230037523643 36.282526427001955 0
    endloop
  endfacet
  facet normal 0 0 -1
    outer loop
      vertex 63.29230037523643 36.51747357299804 0
      vertex 64.7 36.4 0
      vertex 63.3 36.4 0
    endloop
  endfacet
  facet normal 0 0 -1
    outer loop
      vertex 63.26933324366016 36.63293714059227 0
      vertex 64.70769962476356 36.51747357299804 0
      vertex 63.29230037523643 36.51747357299804 0
    endloop
  endfacet
  facet normal 0 0 -1
    outer loop
      vertex 63.23149157926016 36.74441508912858 0
      vertex 64.73066675633984 36.63293714059227 0
      vertex 63.26933324366016 36.63293714059227 0
    endloop
  endfacet
  facet normal 0 0 -1
    outer loop
      vertex 63.26933324366016 36.16706285940773 0
      vertex 64.73066675633984 36.16706285940773 0
      vertex 64.76850842073983 36.05558491087142 0
    endloop
  endfacet
  facet normal 0 0 -1
    outer loop
      vertex 63.29230037523643 36.282526427001955 0
      vertex 64.70769962476356 36.282526427001955 0
      vertex 64.73066675633984 36.16706285940773 0
    endloop
  endfacet
  facet normal 0 0 -1
    outer loop
      vertex 63.3 36.4 0
      vertex 64.7 36.4 0
      vertex 64.70769962476356 36.282526427001955 0
    endloop
  endfacet
  facet normal 0 0 -1
    outer loop
      vertex 63.29230037523643 36.51747357299804 0
      vertex 64.70769962476356 36.51747357299804 0
      vertex 64.7 36.4 0
    endloop
  endfacet
  facet normal 0 0 -1
    outer loop
      vertex 63.26933324366016 36.63293714059227 0
      vertex 64.73066675633984 36.63293714059227 0
      vertex 64.70769962476356 36.51747357299804 0
    endloop
  endfacet
  facet normal 0 0 -1
    outer loop
      vertex 63.23149157926016 36.74441508912858 0
      vertex 64.76850842073983 36.74441508912858 0
      vertex 64.73066675633984 36.63293714059227 0
    endloop
  endfacet
  facet normal 0 0 -1
    outer loop
      vertex 63.179422863405996 36.85 0
      vertex 64.76850842073983 36.74441508912858 0
      vertex 63.23149157926016 36.74441508912858 0
    endloop
  endfacet
  facet normal 0 0 -1
    outer loop
      vertex 63.11401800626211 36.94788528610785 0
      vertex 64.82057713659401 36.85 0
      vertex 63.179422863405996 36.85 0
    endloop
  endfacet
  facet normal 0 0 -1
    outer loop
      vertex 63.036396103067894 37.036396103067894 0
      vertex 64.88598199373789 36.94788528610785 0
      vertex 63.11401800626211 36.94788528610785 0
    endloop
  endfacet
  facet normal 0 0 -1
    outer loop
      vertex 64.9636038969321 37.036396103067894 0
      vertex 63.036396103067894 37.036396103067894 0
      vertex 62.94788528610785 37.11401800626211 0
    endloop
  endfacet
  facet normal 0 0 -1
    outer loop
      vertex 62.94788528610785 37.11401800626211 0
      vertex 62.85 37.179422863405996 0
      vertex 65.05211471389215 37.11401800626211 0
    endloop
  endfacet
  facet normal 0 0 -1
    outer loop
      vertex 62.85 37.179422863405996 0
      vertex 62.74441508912858 37.23149157926016 0
      vertex 65.15 37.179422863405996 0
    endloop
  endfacet
  facet normal 0 0 -1
    outer loop
      vertex 62.74441508912858 37.23149157926016 0
      vertex 62.63293714059227 37.26933324366016 0
      vertex 65.25558491087142 37.23149157926016 0
    endloop
  endfacet
  facet normal 0 0 -1
    outer loop
      vertex 63.179422863405996 36.85 0
      vertex 64.82057713659401 36.85 0
      vertex 64.76850842073983 36.74441508912858 0
    endloop
  endfacet
  facet normal 0 0 -1
    outer loop
      vertex 63.11401800626211 36.94788528610785 0
      vertex 64.88598199373789 36.94788528610785 0
      vertex 64.82057713659401 36.85 0
    endloop
  endfacet
  facet normal 0 0 -1
    outer loop
      vertex 63.036396103067894 37.036396103067894 0
      vertex 64.9636038969321 37.036396103067894 0
      vertex 64.88598199373789 36.94788528610785 0
    endloop
  endfacet
  facet normal 0 0 -1
    outer loop
      vertex 62.94788528610785 37.11401800626211 0
      vertex 65.05211471389215 37.11401800626211 0
      vertex 64.9636038969321 37.036396103067894 0
    endloop
  endfacet
  facet normal 0 0 -1
    outer loop
      vertex 62.85 37.179422863405996 0
      vertex 65.15 37.179422863405996 0
      vertex 65.05211471389215 37.11401800626211 0
    endloop
  endfacet
  facet normal 0 0 -1
    outer loop
      vertex 62.74441508912858 37.23149157926016 0
      vertex 65.25558491087142 37.23149157926016 0
      vertex 65.15 37.179422863405996 0
    endloop
  endfacet
  facet normal 0 0 -1
    outer loop
      vertex 62.63293714059227 37.26933324366016 0
      vertex 65.36706285940772 37.26933324366016 0
      vertex 65.25558491087142 37.23149157926016 0
    endloop
  endfacet
  facet normal 0 0 -1
    outer loop
      vertex 62.63293714059227 37.26933324366016 0
      vertex 63.76706285940773 38.30194804845004 0
      vertex 63.88252642700195 38.27898091687377 0
    endloop
  endfacet
  facet normal 0 0 -1
    outer loop
      vertex 62.63293714059227 37.26933324366016 0
      vertex 64 38.2712812921102 0
      vertex 64.11747357299805 38.27898091687377 0
    endloop
  endfacet
  facet normal 0 0 -1
    outer loop
      vertex 62.63293714059227 37.26933324366016 0
      vertex 63.88252642700195 38.27898091687377 0
      vertex 64 38.2712812921102 0
    endloop
  endfacet
  facet normal 0 0 -1
    outer loop
      vertex 62.63293714059227 37.26933324366016 0
      vertex 64.11747357299805 38.27898091687377 0
      vertex 64.23293714059227 38.30194804845004 0
    endloop
  endfacet
  facet normal 0 0 -1
    outer loop
      vertex 62.63293714059227 37.26933324366016 0
      vertex 64.23293714059227 38.30194804845004 0
      vertex 65.36706285940772 37.26933324366016 0
    endloop
  endfacet
  facet normal 0 0 -1
    outer loop
      vertex 65.36706285940772 37.26933324366016 0
      vertex 64.23293714059227 38.30194804845004 0
      vertex 64.34441508912857 38.33978971285004 0
    endloop
  endfacet
  facet normal 0 0 -1
    outer loop
      vertex 65.48252642700196 37.29230037523643 0
      vertex 65.36706285940772 37.26933324366016 0
      vertex 64.34441508912857 38.33978971285004 0
    endloop
  endfacet
  facet normal 0 0 -1
    outer loop
      vertex 65.83293714059226 37.26933324366016 0
      vertex 65.71747357299805 37.29230037523643 0
      vertex 64.34441508912857 38.33978971285004 0
    endloop
  endfacet
  facet normal 0 0 -1
    outer loop
      vertex 65.6 37.3 0
      vertex 65.48252642700196 37.29230037523643 0
      vertex 64.34441508912857 38.33978971285004 0
    endloop
  endfacet
  facet normal 0 0 -1
    outer loop
      vertex 65.71747357299805 37.29230037523643 0
      vertex 65.6 37.3 0
      vertex 64.34441508912857 38.33978971285004 0
    endloop
  endfacet
  facet normal 0 0 -1
    outer loop
      vertex 64.34441508912857 38.33978971285004 0
      vertex 66.05 37.179422863405996 0
      vertex 65.94441508912858 37.23149157926016 0
    endloop
  endfacet
  facet normal 0 0 -1
    outer loop
      vertex 64.34441508912857 38.33978971285004 0
      vertex 65.94441508912858 37.23149157926016 0
      vertex 65.83293714059226 37.26933324366016 0
    endloop
  endfacet
  facet normal 0 0 1
    outer loop
      vertex 57.03064249653648 33.3 2.4
      vertex 61.7636038969321 35.7636038969321 2.4
      vertex 56.67194689843002 34.027362719336445 2.4
    endloop
  endfacet
  facet normal 0 0 1
    outer loop
      vertex 56.41125987700777 34.79532192036437 2.4
      vertex 56.67194689843002 34.027362719336445 2.4
      vertex 58.96706285940773 35.53066675633984 2.4
    endloop
  endfacet
  facet normal 0 0 1
    outer loop
      vertex 56.41125987700777 34.79532192036437 2.4
      vertex 58.36850842073984 36.05558491087142 2.4
      vertex 56.25304185948237 35.59073760823568 2.4
    endloop
  endfacet
  facet normal 0 0 1
    outer loop
      vertex 56.25304185948237 35.59073760823568 2.4
      vertex 58.36850842073984 36.05558491087142 2.4
      vertex 58.33066675633984 36.16706285940773 2.4
    endloop
  endfacet
  facet normal 0 0 1
    outer loop
      vertex 56.25304185948237 35.59073760823568 2.4
      vertex 58.33066675633984 36.16706285940773 2.4
      vertex 58.30769962476357 36.282526427001955 2.4
    endloop
  endfacet
  facet normal 0 0 1
    outer loop
      vertex 56.67194689843002 34.027362719336445 2.4
      vertex 59.08252642700195 35.50769962476357 2.4
      vertex 58.96706285940773 35.53066675633984 2.4
    endloop
  endfacet
  facet normal 0 0 1
    outer loop
      vertex 56.41125987700777 34.79532192036437 2.4
      vertex 58.75 35.620577136594 2.4
      vertex 58.652114713892146 35.68598199373789 2.4
    endloop
  endfacet
  facet normal 0 0 1
    outer loop
      vertex 56.41125987700777 34.79532192036437 2.4
      vertex 58.96706285940773 35.53066675633984 2.4
      vertex 58.855584910871414 35.56850842073984 2.4
    endloop
  endfacet
  facet normal 0 0 1
    outer loop
      vertex 56.41125987700777 34.79532192036437 2.4
      vertex 58.855584910871414 35.56850842073984 2.4
      vertex 58.75 35.620577136594 2.4
    endloop
  endfacet
  facet normal 0 0 1
    outer loop
      vertex 56.67194689843002 34.027362719336445 2.4
      vertex 59.199999999999996 35.5 2.4
      vertex 59.08252642700195 35.50769962476357 2.4
    endloop
  endfacet
  facet normal 0 0 1
    outer loop
      vertex 56.67194689843002 34.027362719336445 2.4
      vertex 59.31747357299805 35.50769962476357 2.4
      vertex 59.199999999999996 35.5 2.4
    endloop
  endfacet
  facet normal 0 0 1
    outer loop
      vertex 56.67194689843002 34.027362719336445 2.4
      vertex 59.432937140592266 35.53066675633984 2.4
      vertex 59.31747357299805 35.50769962476357 2.4
    endloop
  endfacet
  facet normal 0 0 1
    outer loop
      vertex 56.67194689843002 34.027362719336445 2.4
      vertex 59.65 35.620577136594 2.4
      vertex 59.54441508912858 35.56850842073984 2.4
    endloop
  endfacet
  facet normal 0 0 1
    outer loop
      vertex 56.67194689843002 34.027362719336445 2.4
      vertex 59.54441508912858 35.56850842073984 2.4
      vertex 59.432937140592266 35.53066675633984 2.4
    endloop
  endfacet
  facet normal 0 0 1
    outer loop
      vertex 56.41125987700777 34.79532192036437 2.4
      vertex 58.56360389693211 35.7636038969321 2.4
      vertex 58.48598199373789 35.85211471389215 2.4
    endloop
  endfacet
  facet normal 0 0 1
    outer loop
      vertex 56.41125987700777 34.79532192036437 2.4
      vertex 58.48598199373789 35.85211471389215 2.4
      vertex 58.420577136594005 35.949999999999996 2.4
    endloop
  endfacet
  facet normal 0 0 1
    outer loop
      vertex 56.41125987700777 34.79532192036437 2.4
      vertex 58.652114713892146 35.68598199373789 2.4
      vertex 58.56360389693211 35.7636038969321 2.4
    endloop
  endfacet
  facet normal 0 0 1
    outer loop
      vertex 56.41125987700777 34.79532192036437 2.4
      vertex 58.420577136594005 35.949999999999996 2.4
      vertex 58.36850842073984 36.05558491087142 2.4
    endloop
  endfacet
  facet normal 0 0 1
    outer loop
      vertex 56.25304185948237 35.59073760823568 2.4
      vertex 58.30769962476357 36.282526427001955 2.4
      vertex 58.3 36.4 2.4
    endloop
  endfacet
  facet normal 0 0 1
    outer loop
      vertex 56.25304185948237 35.59073760823568 2.4
      vertex 58.30769962476357 36.51747357299804 2.4
      vertex 58.33066675633984 36.63293714059227 2.4
    endloop
  endfacet
  facet normal 0 0 1
    outer loop
      vertex 56.25304185948237 35.59073760823568 2.4
      vertex 58.3 36.4 2.4
      vertex 58.30769962476357 36.51747357299804 2.4
    endloop
  endfacet
  facet normal 0 0 1
    outer loop
      vertex 56.25304185948237 35.59073760823568 2.4
      vertex 58.33066675633984 36.63293714059227 2.4
      vertex 58.36850842073984 36.74441508912858 2.4
    endloop
  endfacet
  facet normal 0 0 1
    outer loop
      vertex 56.25304185948237 35.59073760823568 2.4
      vertex 58.36850842073984 36.74441508912858 2.4
      vertex 58.420577136594005 36.85 2.4
    endloop
  endfacet
  facet normal 0 0 1
    outer loop
      vertex 56.25304185948237 35.59073760823568 2.4
      vertex 58.420577136594005 36.85 2.4
      vertex 58.48598199373789 36.94788528610785 2.4
    endloop
  endfacet
  facet normal 0 0 1
    outer loop
      vertex 56.25304185948237 35.59073760823568 2.4
      vertex 58.48598199373789 36.94788528610785 2.4
      vertex 58.56360389693211 37.036396103067894 2.4
    endloop
  endfacet
  facet normal 0 0 1
    outer loop
      vertex 56.25304185948237 35.59073760823568 2.4
      vertex 58.56360389693211 37.036396103067894 2.4
      vertex 58.652114713892146 37.11401800626211 2.4
    endloop
  endfacet
  facet normal 0 0 1
    outer loop
      vertex 56.25304185948237 35.59073760823568 2.4
      vertex 58.652114713892146 37.11401800626211 2.4
      vertex 58.75 37.179422863405996 2.4
    endloop
  endfacet
  facet normal 0 0 1
    outer loop
      vertex 56.25304185948237 35.59073760823568 2.4
      vertex 58.75 37.179422863405996 2.4
      vertex 60.35 38.39185842870421 2.4
    endloop
  endfacet
  facet normal 0 0 1
    outer loop
      vertex 56.25304185948237 35.59073760823568 2.4
      vertex 58.625679140145934 41.318790709805654 2.4
      vertex 56.199999999999996 36.4 2.4
    endloop
  endfacet
  facet normal 0 0 1
    outer loop
      vertex 56.199999999999996 36.4 2.4
      vertex 58.015937956643405 40.78406204335659 2.4
      vertex 56.25304185948237 37.20926239176432 2.4
    endloop
  endfacet
  facet normal 0 0 1
    outer loop
      vertex 56.25304185948237 37.20926239176432 2.4
      vertex 57.48120929019434 40.17432085985406 2.4
      vertex 56.41125987700777 38.004678079635624 2.4
    endloop
  endfacet
  facet normal 0 0 1
    outer loop
      vertex 56.41125987700777 38.004678079635624 2.4
      vertex 57.03064249653648 39.5 2.4
      vertex 56.67194689843002 38.77263728066355 2.4
    endloop
  endfacet
  facet normal 0 0 1
    outer loop
      vertex 56.25304185948237 35.59073760823568 2.4
      vertex 60.02057713659401 38.721281292110206 2.4
      vertex 59.96850842073984 38.82686620298162 2.4
    endloop
  endfacet
  facet normal 0 0 1
    outer loop
      vertex 56.25304185948237 35.59073760823568 2.4
      vertex 60.08598199373789 38.62339600600235 2.4
      vertex 60.02057713659401 38.721281292110206 2.4
    endloop
  endfacet
  facet normal 0 0 1
    outer loop
      vertex 56.25304185948237 35.59073760823568 2.4
      vertex 59.96850842073984 38.82686620298162 2.4
      vertex 59.93066675633984 38.93834415151793 2.4
    endloop
  endfacet
  facet normal 0 0 1
    outer loop
      vertex 56.25304185948237 35.59073760823568 2.4
      vertex 59.93066675633984 38.93834415151793 2.4
      vertex 59.907699624763566 39.05380771911216 2.4
    endloop
  endfacet
  facet normal 0 0 1
    outer loop
      vertex 56.25304185948237 35.59073760823568 2.4
      vertex 59.907699624763566 39.05380771911216 2.4
      vertex 59.9 39.1712812921102 2.4
    endloop
  endfacet
  facet normal 0 0 1
    outer loop
      vertex 56.25304185948237 35.59073760823568 2.4
      vertex 59.9 39.1712812921102 2.4
      vertex 59.907699624763566 39.288754865108245 2.4
    endloop
  endfacet
  facet normal 0 0 1
    outer loop
      vertex 56.25304185948237 35.59073760823568 2.4
      vertex 59.907699624763566 39.288754865108245 2.4
      vertex 59.93066675633984 39.40421843270247 2.4
    endloop
  endfacet
  facet normal 0 0 1
    outer loop
      vertex 56.25304185948237 35.59073760823568 2.4
      vertex 59.93066675633984 39.40421843270247 2.4
      vertex 59.96850842073984 39.51569638123878 2.4
    endloop
  endfacet
  facet normal 0 0 1
    outer loop
      vertex 56.25304185948237 35.59073760823568 2.4
      vertex 59.96850842073984 39.51569638123878 2.4
      vertex 60.02057713659401 39.621281292110204 2.4
    endloop
  endfacet
  facet normal 0 0 1
    outer loop
      vertex 56.25304185948237 35.59073760823568 2.4
      vertex 60.02057713659401 39.621281292110204 2.4
      vertex 60.08598199373789 39.71916657821805 2.4
    endloop
  endfacet
  facet normal 0 0 1
    outer loop
      vertex 57.48120929019434 32.625679140145934 2.4
      vertex 59.9 33.628718707889796 2.4
      vertex 59.907699624763566 33.74619228088784 2.4
    endloop
  endfacet
  facet normal 0 0 1
    outer loop
      vertex 57.48120929019434 32.625679140145934 2.4
      vertex 59.907699624763566 33.74619228088784 2.4
      vertex 59.93066675633984 33.861655848482066 2.4
    endloop
  endfacet
  facet normal 0 0 1
    outer loop
      vertex 57.03064249653648 33.3 2.4
      vertex 59.93066675633984 33.861655848482066 2.4
      vertex 59.96850842073984 33.97313379701838 2.4
    endloop
  endfacet
  facet normal 0 0 1
    outer loop
      vertex 57.03064249653648 33.3 2.4
      vertex 59.96850842073984 33.97313379701838 2.4
      vertex 60.02057713659401 34.07871870788979 2.4
    endloop
  endfacet
  facet normal 0 0 1
    outer loop
      vertex 57.03064249653648 33.3 2.4
      vertex 60.02057713659401 34.07871870788979 2.4
      vertex 60.08598199373789 34.176603993997645 2.4
    endloop
  endfacet
  facet normal 0 0 1
    outer loop
      vertex 57.03064249653648 33.3 2.4
      vertex 60.08598199373789 34.176603993997645 2.4
      vertex 60.1636038969321 34.26511481095769 2.4
    endloop
  endfacet
  facet normal 0 0 1
    outer loop
      vertex 57.03064249653648 33.3 2.4
      vertex 60.1636038969321 34.26511481095769 2.4
      vertex 60.25211471389215 34.342736714151904 2.4
    endloop
  endfacet
  facet normal 0 0 1
    outer loop
      vertex 57.03064249653648 33.3 2.4
      vertex 60.25211471389215 34.342736714151904 2.4
      vertex 60.35 34.408141571295786 2.4
    endloop
  endfacet
  facet normal 0 0 1
    outer loop
      vertex 57.03064249653648 33.3 2.4
      vertex 60.35 34.408141571295786 2.4
      vertex 60.455584910871416 34.460210287149955 2.4
    endloop
  endfacet
  facet normal 0 0 1
    outer loop
      vertex 57.03064249653648 33.3 2.4
      vertex 60.455584910871416 34.460210287149955 2.4
      vertex 60.56706285940773 34.498051951549954 2.4
    endloop
  endfacet
  facet normal 0 0 1
    outer loop
      vertex 57.03064249653648 33.3 2.4
      vertex 60.56706285940773 34.498051951549954 2.4
      vertex 62.282526427001955 35.50769962476357 2.4
    endloop
  endfacet
  facet normal 0 0 1
    outer loop
      vertex 56.67194689843002 34.027362719336445 2.4
      vertex 61.7636038969321 35.7636038969321 2.4
      vertex 59.65 35.620577136594 2.4
    endloop
  endfacet
  facet normal 0 0 1
    outer loop
      vertex 57.03064249653648 33.3 2.4
      vertex 61.85211471389215 35.68598199373789 2.4
      vertex 61.7636038969321 35.7636038969321 2.4
    endloop
  endfacet
  facet normal 0 0 1
    outer loop
      vertex 57.03064249653648 33.3 2.4
      vertex 62.05558491087142 35.56850842073984 2.4
      vertex 61.949999999999996 35.620577136594 2.4
    endloop
  endfacet
  facet normal 0 0 1
    outer loop
      vertex 57.03064249653648 33.3 2.4
      vertex 62.282526427001955 35.50769962476357 2.4
      vertex 62.16706285940773 35.53066675633984 2.4
    endloop
  endfacet
  facet normal 0 0 1
    outer loop
      vertex 57.03064249653648 33.3 2.4
      vertex 62.16706285940773 35.53066675633984 2.4
      vertex 62.05558491087142 35.56850842073984 2.4
    endloop
  endfacet
  facet normal 0 0 1
    outer loop
      vertex 57.03064249653648 33.3 2.4
      vertex 61.949999999999996 35.620577136594 2.4
      vertex 61.85211471389215 35.68598199373789 2.4
    endloop
  endfacet
  facet normal 0 0 1
    outer loop
      vertex 61.7636038969321 35.7636038969321 2.4
      vertex 59.747885286107845 35.68598199373789 2.4
      vertex 59.65 35.620577136594 2.4
    endloop
  endfacet
  facet normal 0 0 1
    outer loop
      vertex 61.53066675633984 36.167062859407736 2.4
      vertex 59.83639610306789 35.7636038969321 2.4
      vertex 59.747885286107845 35.68598199373789 2.4
    endloop
  endfacet
  facet normal 0 0 1
    outer loop
      vertex 61.53066675633984 36.167062859407736 2.4
      vertex 59.91401800626211 35.85211471389215 2.4
      vertex 59.83639610306789 35.7636038969321 2.4
    endloop
  endfacet
  facet normal 0 0 1
    outer loop
      vertex 61.53066675633984 36.167062859407736 2.4
      vertex 59.97942286340599 35.949999999999996 2.4
      vertex 59.91401800626211 35.85211471389215 2.4
    endloop
  endfacet
  facet normal 0 0 1
    outer loop
      vertex 59.747885286107845 35.68598199373789 2.4
      vertex 61.7636038969321 35.7636038969321 2.4
      vertex 61.68598199373789 35.85211471389215 2.4
    endloop
  endfacet
  facet normal 0 0 1
    outer loop
      vertex 59.747885286107845 35.68598199373789 2.4
      vertex 61.620577136594 35.949999999999996 2.4
      vertex 61.56850842073984 36.05558491087142 2.4
    endloop
  endfacet
  facet normal 0 0 1
    outer loop
      vertex 59.747885286107845 35.68598199373789 2.4
      vertex 61.68598199373789 35.85211471389215 2.4
      vertex 61.620577136594 35.949999999999996 2.4
    endloop
  endfacet
  facet normal 0 0 1
    outer loop
      vertex 59.747885286107845 35.68598199373789 2.4
      vertex 61.56850842073984 36.05558491087142 2.4
      vertex 61.53066675633984 36.167062859407736 2.4
    endloop
  endfacet
  facet normal 0 0 1
    outer loop
      vertex 63.220577136594 34.07871870788979 2.4
      vertex 61.51401800626211 33.080833421781946 2.4
      vertex 61.43639610306789 32.9923226048219 2.4
    endloop
  endfacet
  facet normal 0 0 1
    outer loop
      vertex 63.220577136594 34.07871870788979 2.4
      vertex 61.579422863405995 33.17871870788979 2.4
      vertex 61.51401800626211 33.080833421781946 2.4
    endloop
  endfacet
  facet normal 0 0 1
    outer loop
      vertex 63.220577136594 34.07871870788979 2.4
      vertex 61.63149157926016 33.284303618761214 2.4
      vertex 61.579422863405995 33.17871870788979 2.4
    endloop
  endfacet
  facet normal 0 0 1
    outer loop
      vertex 63.220577136594 34.07871870788979 2.4
      vertex 61.66933324366016 33.395781567297526 2.4
      vertex 61.63149157926016 33.284303618761214 2.4
    endloop
  endfacet
  facet normal 0 0 1
    outer loop
      vertex 63.220577136594 34.07871870788979 2.4
      vertex 61.69230037523643 33.51124513489175 2.4
      vertex 61.66933324366016 33.395781567297526 2.4
    endloop
  endfacet
  facet normal 0 0 1
    outer loop
      vertex 61.69230037523643 33.51124513489175 2.4
      vertex 63.285981993737884 34.176603993997645 2.4
      vertex 63.363603896932105 34.265114810957684 2.4
    endloop
  endfacet
  facet normal 0 0 1
    outer loop
      vertex 61.69230037523643 33.51124513489175 2.4
      vertex 63.220577136594 34.07871870788979 2.4
      vertex 63.285981993737884 34.176603993997645 2.4
    endloop
  endfacet
  facet normal 0 0 1
    outer loop
      vertex 64.9636038969321 35.7636038969321 2.4
      vertex 61.66933324366016 33.861655848482066 2.4
      vertex 61.69230037523643 33.74619228088784 2.4
    endloop
  endfacet
  facet normal 0 0 1
    outer loop
      vertex 61.66933324366016 33.861655848482066 2.4
      vertex 64.88598199373789 35.85211471389215 2.4
      vertex 61.63149157926016 33.97313379701838 2.4
    endloop
  endfacet
  facet normal 0 0 1
    outer loop
      vertex 64.82057713659401 35.949999999999996 2.4
      vertex 61.579422863405995 34.07871870788979 2.4
      vertex 61.63149157926016 33.97313379701838 2.4
    endloop
  endfacet
  facet normal 0 0 1
    outer loop
      vertex 61.69230037523643 33.51124513489175 2.4
      vertex 63.363603896932105 34.265114810957684 2.4
      vertex 63.45211471389215 34.342736714151904 2.4
    endloop
  endfacet
  facet normal 0 0 1
    outer loop
      vertex 61.69230037523643 33.51124513489175 2.4
      vertex 63.45211471389215 34.342736714151904 2.4
      vertex 63.55 34.408141571295786 2.4
    endloop
  endfacet
  facet normal 0 0 1
    outer loop
      vertex 61.69230037523643 33.51124513489175 2.4
      vertex 63.55 34.408141571295786 2.4
      vertex 63.65558491087142 34.460210287149955 2.4
    endloop
  endfacet
  facet normal 0 0 1
    outer loop
      vertex 64.9636038969321 35.7636038969321 2.4
      vertex 61.699999999999996 33.628718707889796 2.4
      vertex 61.69230037523643 33.51124513489175 2.4
    endloop
  endfacet
  facet normal 0 0 1
    outer loop
      vertex 64.9636038969321 35.7636038969321 2.4
      vertex 61.69230037523643 33.74619228088784 2.4
      vertex 61.699999999999996 33.628718707889796 2.4
    endloop
  endfacet
  facet normal 0 0 1
    outer loop
      vertex 62.282526427001955 35.50769962476357 2.4
      vertex 60.56706285940773 34.498051951549954 2.4
      vertex 60.68252642700195 34.52101908312623 2.4
    endloop
  endfacet
  facet normal 0 0 1
    outer loop
      vertex 62.282526427001955 35.50769962476357 2.4
      vertex 60.8 34.528718707889794 2.4
      vertex 60.91747357299805 34.52101908312623 2.4
    endloop
  endfacet
  facet normal 0 0 1
    outer loop
      vertex 62.282526427001955 35.50769962476357 2.4
      vertex 60.68252642700195 34.52101908312623 2.4
      vertex 60.8 34.528718707889794 2.4
    endloop
  endfacet
  facet normal 0 0 1
    outer loop
      vertex 62.282526427001955 35.50769962476357 2.4
      vertex 61.03293714059227 34.498051951549954 2.4
      vertex 61.14441508912858 34.460210287149955 2.4
    endloop
  endfacet
  facet normal 0 0 1
    outer loop
      vertex 62.282526427001955 35.50769962476357 2.4
      vertex 60.91747357299805 34.52101908312623 2.4
      vertex 61.03293714059227 34.498051951549954 2.4
    endloop
  endfacet
  facet normal 0 0 1
    outer loop
      vertex 62.282526427001955 35.50769962476357 2.4
      vertex 61.14441508912858 34.460210287149955 2.4
      vertex 61.25 34.408141571295786 2.4
    endloop
  endfacet
  facet normal 0 0 1
    outer loop
      vertex 61.25 34.408141571295786 2.4
      vertex 62.51747357299804 35.50769962476357 2.4
      vertex 62.4 35.5 2.4
    endloop
  endfacet
  facet normal 0 0 1
    outer loop
      vertex 61.25 34.408141571295786 2.4
      vertex 62.4 35.5 2.4
      vertex 62.282526427001955 35.50769962476357 2.4
    endloop
  endfacet
  facet normal 0 0 1
    outer loop
      vertex 61.25 34.408141571295786 2.4
      vertex 62.74441508912858 35.56850842073984 2.4
      vertex 62.63293714059227 35.53066675633984 2.4
    endloop
  endfacet
  facet normal 0 0 1
    outer loop
      vertex 61.25 34.408141571295786 2.4
      vertex 62.63293714059227 35.53066675633984 2.4
      vertex 62.51747357299804 35.50769962476357 2.4
    endloop
  endfacet
  facet normal 0 0 1
    outer loop
      vertex 64.70769962476356 36.282526427001955 2.4
      vertex 61.25 34.408141571295786 2.4
      vertex 61.34788528610785 34.342736714151904 2.4
    endloop
  endfacet
  facet normal 0 0 1
    outer loop
      vertex 64.70769962476356 36.282526427001955 2.4
      vertex 61.34788528610785 34.342736714151904 2.4
      vertex 61.43639610306789 34.265114810957684 2.4
    endloop
  endfacet
  facet normal 0 0 1
    outer loop
      vertex 61.579422863405995 34.07871870788979 2.4
      vertex 64.76850842073983 36.05558491087142 2.4
      vertex 61.51401800626211 34.176603993997645 2.4
    endloop
  endfacet
  facet normal 0 0 1
    outer loop
      vertex 61.51401800626211 34.176603993997645 2.4
      vertex 64.73066675633984 36.16706285940773 2.4
      vertex 61.43639610306789 34.265114810957684 2.4
    endloop
  endfacet
  facet normal 0 0 1
    outer loop
      vertex 61.25 34.408141571295786 2.4
      vertex 62.85 35.620577136594 2.4
      vertex 62.74441508912858 35.56850842073984 2.4
    endloop
  endfacet
  facet normal 0 0 1
    outer loop
      vertex 61.25 34.408141571295786 2.4
      vertex 62.94788528610785 35.68598199373789 2.4
      vertex 62.85 35.620577136594 2.4
    endloop
  endfacet
  facet normal 0 0 1
    outer loop
      vertex 61.25 34.408141571295786 2.4
      vertex 64.70769962476356 36.282526427001955 2.4
      vertex 62.94788528610785 35.68598199373789 2.4
    endloop
  endfacet
  facet normal 0 0 1
    outer loop
      vertex 59.97942286340599 35.949999999999996 2.4
      vertex 61.53066675633984 36.63293714059227 2.4
      vertex 60.031491579260155 36.05558491087142 2.4
    endloop
  endfacet
  facet normal 0 0 1
    outer loop
      vertex 61.53066675633984 36.63293714059227 2.4
      vertex 60.06933324366016 36.16706285940773 2.4
      vertex 60.031491579260155 36.05558491087142 2.4
    endloop
  endfacet
  facet normal 0 0 1
    outer loop
      vertex 61.53066675633984 36.63293714059227 2.4
      vertex 60.09230037523643 36.282526427001955 2.4
      vertex 60.06933324366016 36.16706285940773 2.4
    endloop
  endfacet
  facet normal 0 0 1
    outer loop
      vertex 61.53066675633984 36.167062859407736 2.4
      vertex 61.50769962476357 36.282526427001955 2.4
      vertex 59.97942286340599 35.949999999999996 2.4
    endloop
  endfacet
  facet normal 0 0 1
    outer loop
      vertex 59.97942286340599 35.949999999999996 2.4
      vertex 61.50769962476357 36.282526427001955 2.4
      vertex 61.5 36.4 2.4
    endloop
  endfacet
  facet normal 0 0 1
    outer loop
      vertex 59.97942286340599 35.949999999999996 2.4
      vertex 61.5 36.4 2.4
      vertex 61.50769962476357 36.51747357299804 2.4
    endloop
  endfacet
  facet normal 0 0 1
    outer loop
      vertex 59.97942286340599 35.949999999999996 2.4
      vertex 61.50769962476357 36.51747357299804 2.4
      vertex 61.53066675633984 36.63293714059227 2.4
    endloop
  endfacet
  facet normal 0 0 1
    outer loop
      vertex 60.09230037523643 36.282526427001955 2.4
      vertex 61.7636038969321 37.036396103067894 2.4
      vertex 60.1 36.4 2.4
    endloop
  endfacet
  facet normal 0 0 1
    outer loop
      vertex 61.7636038969321 37.036396103067894 2.4
      vertex 60.09230037523643 36.51747357299804 2.4
      vertex 60.1 36.4 2.4
    endloop
  endfacet
  facet normal 0 0 1
    outer loop
      vertex 60.09230037523643 36.282526427001955 2.4
      vertex 61.53066675633984 36.63293714059227 2.4
      vertex 61.56850842073984 36.74441508912858 2.4
    endloop
  endfacet
  facet normal 0 0 1
    outer loop
      vertex 60.031491579260155 36.74441508912858 2.4
      vertex 63.220577136594 38.721281292110206 2.4
      vertex 59.97942286340599 36.85 2.4
    endloop
  endfacet
  facet normal 0 0 1
    outer loop
      vertex 56.25304185948237 35.59073760823568 2.4
      vertex 60.35 38.39185842870421 2.4
      vertex 60.25211471389215 38.45726328584809 2.4
    endloop
  endfacet
  facet normal 0 0 1
    outer loop
      vertex 56.25304185948237 35.59073760823568 2.4
      vertex 60.25211471389215 38.45726328584809 2.4
      vertex 60.1636038969321 38.534885189042306 2.4
    endloop
  endfacet
  facet normal 0 0 1
    outer loop
      vertex 56.25304185948237 35.59073760823568 2.4
      vertex 60.1636038969321 38.534885189042306 2.4
      vertex 60.08598199373789 38.62339600600235 2.4
    endloop
  endfacet
  facet normal 0 0 1
    outer loop
      vertex 60.35 38.39185842870421 2.4
      vertex 58.75 37.179422863405996 2.4
      vertex 58.855584910871414 37.23149157926016 2.4
    endloop
  endfacet
  facet normal 0 0 1
    outer loop
      vertex 60.35 38.39185842870421 2.4
      vertex 58.855584910871414 37.23149157926016 2.4
      vertex 58.96706285940773 37.26933324366016 2.4
    endloop
  endfacet
  facet normal 0 0 1
    outer loop
      vertex 60.35 38.39185842870421 2.4
      vertex 58.96706285940773 37.26933324366016 2.4
      vertex 59.08252642700195 37.29230037523643 2.4
    endloop
  endfacet
  facet normal 0 0 1
    outer loop
      vertex 60.35 38.39185842870421 2.4
      vertex 59.199999999999996 37.3 2.4
      vertex 59.31747357299805 37.29230037523643 2.4
    endloop
  endfacet
  facet normal 0 0 1
    outer loop
      vertex 60.35 38.39185842870421 2.4
      vertex 59.08252642700195 37.29230037523643 2.4
      vertex 59.199999999999996 37.3 2.4
    endloop
  endfacet
  facet normal 0 0 1
    outer loop
      vertex 60.8 38.2712812921102 2.4
      vertex 59.31747357299805 37.29230037523643 2.4
      vertex 59.432937140592266 37.26933324366016 2.4
    endloop
  endfacet
  facet normal 0 0 1
    outer loop
      vertex 60.8 38.2712812921102 2.4
      vertex 59.432937140592266 37.26933324366016 2.4
      vertex 59.54441508912858 37.23149157926016 2.4
    endloop
  endfacet
  facet normal 0 0 1
    outer loop
      vertex 56.25304185948237 35.59073760823568 2.4
      vertex 60.08598199373789 39.71916657821805 2.4
      vertex 60.1636038969321 39.807677395178096 2.4
    endloop
  endfacet
  facet normal 0 0 1
    outer loop
      vertex 59.65 37.179422863405996 2.4
      vertex 60.8 38.2712812921102 2.4
      vertex 59.54441508912858 37.23149157926016 2.4
    endloop
  endfacet
  facet normal 0 0 1
    outer loop
      vertex 59.31747357299805 37.29230037523643 2.4
      vertex 60.68252642700195 38.27898091687377 2.4
      vertex 60.56706285940773 38.30194804845004 2.4
    endloop
  endfacet
  facet normal 0 0 1
    outer loop
      vertex 59.31747357299805 37.29230037523643 2.4
      vertex 60.56706285940773 38.30194804845004 2.4
      vertex 60.455584910871416 38.33978971285004 2.4
    endloop
  endfacet
  facet normal 0 0 1
    outer loop
      vertex 59.31747357299805 37.29230037523643 2.4
      vertex 60.455584910871416 38.33978971285004 2.4
      vertex 60.35 38.39185842870421 2.4
    endloop
  endfacet
  facet normal 0 0 1
    outer loop
      vertex 59.31747357299805 37.29230037523643 2.4
      vertex 60.8 38.2712812921102 2.4
      vertex 60.68252642700195 38.27898091687377 2.4
    endloop
  endfacet
  facet normal 0 0 1
    outer loop
      vertex 59.65 37.179422863405996 2.4
      vertex 60.91747357299805 38.27898091687377 2.4
      vertex 60.8 38.2712812921102 2.4
    endloop
  endfacet
  facet normal 0 0 1
    outer loop
      vertex 59.97942286340599 36.85 2.4
      vertex 63.16850842073984 38.82686620298162 2.4
      vertex 59.91401800626211 36.94788528610785 2.4
    endloop
  endfacet
  facet normal 0 0 1
    outer loop
      vertex 63.10769962476357 39.05380771911216 2.4
      vertex 59.65 37.179422863405996 2.4
      vertex 59.747885286107845 37.11401800626211 2.4
    endloop
  endfacet
  facet normal 0 0 1
    outer loop
      vertex 63.10769962476357 39.05380771911216 2.4
      vertex 59.747885286107845 37.11401800626211 2.4
      vertex 59.83639610306789 37.036396103067894 2.4
    endloop
  endfacet
  facet normal 0 0 1
    outer loop
      vertex 59.91401800626211 36.94788528610785 2.4
      vertex 63.130666756339835 38.93834415151793 2.4
      vertex 59.83639610306789 37.036396103067894 2.4
    endloop
  endfacet
  facet normal 0 0 1
    outer loop
      vertex 59.65 37.179422863405996 2.4
      vertex 61.14441508912858 38.33978971285004 2.4
      vertex 61.03293714059227 38.30194804845004 2.4
    endloop
  endfacet
  facet normal 0 0 1
    outer loop
      vertex 59.65 37.179422863405996 2.4
      vertex 61.03293714059227 38.30194804845004 2.4
      vertex 60.91747357299805 38.27898091687377 2.4
    endloop
  endfacet
  facet normal 0 0 1
    outer loop
      vertex 59.65 37.179422863405996 2.4
      vertex 61.25 38.39185842870421 2.4
      vertex 61.14441508912858 38.33978971285004 2.4
    endloop
  endfacet
  facet normal 0 0 1
    outer loop
      vertex 59.65 37.179422863405996 2.4
      vertex 61.34788528610785 38.45726328584809 2.4
      vertex 61.25 38.39185842870421 2.4
    endloop
  endfacet
  facet normal 0 0 1
    outer loop
      vertex 60.09230037523643 36.282526427001955 2.4
      vertex 61.56850842073984 36.74441508912858 2.4
      vertex 61.620577136594 36.85 2.4
    endloop
  endfacet
  facet normal 0 0 1
    outer loop
      vertex 60.09230037523643 36.282526427001955 2.4
      vertex 61.68598199373789 36.94788528610785 2.4
      vertex 61.7636038969321 37.036396103067894 2.4
    endloop
  endfacet
  facet normal 0 0 1
    outer loop
      vertex 60.09230037523643 36.282526427001955 2.4
      vertex 61.620577136594 36.85 2.4
      vertex 61.68598199373789 36.94788528610785 2.4
    endloop
  endfacet
  facet normal 0 0 1
    outer loop
      vertex 60.09230037523643 36.51747357299804 2.4
      vertex 61.7636038969321 37.036396103067894 2.4
      vertex 61.85211471389215 37.11401800626211 2.4
    endloop
  endfacet
  facet normal 0 0 1
    outer loop
      vertex 60.09230037523643 36.51747357299804 2.4
      vertex 63.363603896932105 38.53488518904231 2.4
      vertex 60.06933324366016 36.63293714059227 2.4
    endloop
  endfacet
  facet normal 0 0 1
    outer loop
      vertex 60.06933324366016 36.63293714059227 2.4
      vertex 63.285981993737884 38.62339600600235 2.4
      vertex 60.031491579260155 36.74441508912858 2.4
    endloop
  endfacet
  facet normal 0 0 1
    outer loop
      vertex 60.09230037523643 36.51747357299804 2.4
      vertex 61.85211471389215 37.11401800626211 2.4
      vertex 63.55 38.39185842870421 2.4
    endloop
  endfacet
  facet normal 0 0 1
    outer loop
      vertex 60.031491579260155 36.74441508912858 2.4
      vertex 63.285981993737884 38.62339600600235 2.4
      vertex 63.220577136594 38.721281292110206 2.4
    endloop
  endfacet
  facet normal 0 0 1
    outer loop
      vertex 59.97942286340599 36.85 2.4
      vertex 63.220577136594 38.721281292110206 2.4
      vertex 63.16850842073984 38.82686620298162 2.4
    endloop
  endfacet
  facet normal 0 0 1
    outer loop
      vertex 59.65 37.179422863405996 2.4
      vertex 63.10769962476357 39.05380771911216 2.4
      vertex 61.34788528610785 38.45726328584809 2.4
    endloop
  endfacet
  facet normal 0 0 1
    outer loop
      vertex 59.91401800626211 36.94788528610785 2.4
      vertex 63.16850842073984 38.82686620298162 2.4
      vertex 63.130666756339835 38.93834415151793 2.4
    endloop
  endfacet
  facet normal 0 0 1
    outer loop
      vertex 63.10769962476357 39.05380771911216 2.4
      vertex 59.83639610306789 37.036396103067894 2.4
      vertex 63.130666756339835 38.93834415151793 2.4
    endloop
  endfacet
  facet normal 0 0 1
    outer loop
      vertex 63.10769962476357 39.05380771911216 2.4
      vertex 61.51401800626211 38.62339600600235 2.4
      vertex 61.43639610306789 38.53488518904231 2.4
    endloop
  endfacet
  facet normal 0 0 1
    outer loop
      vertex 63.10769962476357 39.05380771911216 2.4
      vertex 61.43639610306789 38.53488518904231 2.4
      vertex 61.34788528610785 38.45726328584809 2.4
    endloop
  endfacet
  facet normal 0 0 1
    outer loop
      vertex 63.55 38.39185842870421 2.4
      vertex 61.85211471389215 37.11401800626211 2.4
      vertex 61.949999999999996 37.179422863405996 2.4
    endloop
  endfacet
  facet normal 0 0 1
    outer loop
      vertex 60.09230037523643 36.51747357299804 2.4
      vertex 63.55 38.39185842870421 2.4
      vertex 63.45211471389215 38.45726328584809 2.4
    endloop
  endfacet
  facet normal 0 0 1
    outer loop
      vertex 63.55 38.39185842870421 2.4
      vertex 61.949999999999996 37.179422863405996 2.4
      vertex 62.05558491087142 37.23149157926016 2.4
    endloop
  endfacet
  facet normal 0 0 1
    outer loop
      vertex 63.55 38.39185842870421 2.4
      vertex 62.05558491087142 37.23149157926016 2.4
      vertex 62.16706285940773 37.26933324366016 2.4
    endloop
  endfacet
  facet normal 0 0 1
    outer loop
      vertex 63.55 38.39185842870421 2.4
      vertex 62.16706285940773 37.26933324366016 2.4
      vertex 62.282526427001955 37.29230037523643 2.4
    endloop
  endfacet
  facet normal 0 0 1
    outer loop
      vertex 63.55 38.39185842870421 2.4
      vertex 62.282526427001955 37.29230037523643 2.4
      vertex 62.4 37.3 2.4
    endloop
  endfacet
  facet normal 0 0 1
    outer loop
      vertex 60.09230037523643 36.51747357299804 2.4
      vertex 63.45211471389215 38.45726328584809 2.4
      vertex 63.363603896932105 38.53488518904231 2.4
    endloop
  endfacet
  facet normal 0 0 1
    outer loop
      vertex 60.06933324366016 36.63293714059227 2.4
      vertex 63.363603896932105 38.53488518904231 2.4
      vertex 63.285981993737884 38.62339600600235 2.4
    endloop
  endfacet
  facet normal 0 0 1
    outer loop
      vertex 63.55 38.39185842870421 2.4
      vertex 62.4 37.3 2.4
      vertex 62.51747357299804 37.29230037523643 2.4
    endloop
  endfacet
  facet normal 0 0 1
    outer loop
      vertex 62.51747357299804 37.29230037523643 2.4
      vertex 63.76706285940773 38.30194804845004 2.4
      vertex 63.65558491087142 38.33978971285004 2.4
    endloop
  endfacet
  facet normal 0 0 1
    outer loop
      vertex 62.51747357299804 37.29230037523643 2.4
      vertex 63.65558491087142 38.33978971285004 2.4
      vertex 63.55 38.39185842870421 2.4
    endloop
  endfacet
  facet normal 0 0 1
    outer loop
      vertex 56.41125987700777 38.004678079635624 2.4
      vertex 57.48120929019434 40.17432085985406 2.4
      vertex 57.03064249653648 39.5 2.4
    endloop
  endfacet
  facet normal 0 0 1
    outer loop
      vertex 56.25304185948237 37.20926239176432 2.4
      vertex 58.015937956643405 40.78406204335659 2.4
      vertex 57.48120929019434 40.17432085985406 2.4
    endloop
  endfacet
  facet normal 0 0 1
    outer loop
      vertex 56.199999999999996 36.4 2.4
      vertex 58.625679140145934 41.318790709805654 2.4
      vertex 58.015937956643405 40.78406204335659 2.4
    endloop
  endfacet
  facet normal 0 0 1
    outer loop
      vertex 56.25304185948237 35.59073760823568 2.4
      vertex 59.3 41.76935750346352 2.4
      vertex 58.625679140145934 41.318790709805654 2.4
    endloop
  endfacet
  facet normal 0 0 1
    outer loop
      vertex 56.25304185948237 35.59073760823568 2.4
      vertex 60.027362719336445 42.128053101569975 2.4
      vertex 59.3 41.76935750346352 2.4
    endloop
  endfacet
  facet normal 0 0 1
    outer loop
      vertex 56.25304185948237 35.59073760823568 2.4
      vertex 60.1636038969321 39.807677395178096 2.4
      vertex 62.4 42.6 2.4
    endloop
  endfacet
  facet normal 0 0 1
    outer loop
      vertex 56.25304185948237 35.59073760823568 2.4
      vertex 60.79532192036437 42.388740122992225 2.4
      vertex 60.027362719336445 42.128053101569975 2.4
    endloop
  endfacet
  facet normal 0 0 1
    outer loop
      vertex 56.25304185948237 35.59073760823568 2.4
      vertex 61.59073760823568 42.546958140517624 2.4
      vertex 60.79532192036437 42.388740122992225 2.4
    endloop
  endfacet
  facet normal 0 0 1
    outer loop
      vertex 56.25304185948237 35.59073760823568 2.4
      vertex 62.4 42.6 2.4
      vertex 61.59073760823568 42.546958140517624 2.4
    endloop
  endfacet
  facet normal 0 0 1
    outer loop
      vertex 62.4 42.6 2.4
      vertex 60.1636038969321 39.807677395178096 2.4
      vertex 60.25211471389215 39.88529929837232 2.4
    endloop
  endfacet
  facet normal 0 0 1
    outer loop
      vertex 62.4 42.6 2.4
      vertex 60.25211471389215 39.88529929837232 2.4
      vertex 60.35 39.9507041555162 2.4
    endloop
  endfacet
  facet normal 0 0 1
    outer loop
      vertex 62.4 42.6 2.4
      vertex 60.35 39.9507041555162 2.4
      vertex 60.455584910871416 40.00277287137036 2.4
    endloop
  endfacet
  facet normal 0 0 1
    outer loop
      vertex 63.220577136594 39.621281292110204 2.4
      vertex 61.579422863405995 38.721281292110206 2.4
      vertex 61.51401800626211 38.62339600600235 2.4
    endloop
  endfacet
  facet normal 0 0 1
    outer loop
      vertex 63.220577136594 39.621281292110204 2.4
      vertex 61.63149157926016 38.82686620298162 2.4
      vertex 61.579422863405995 38.721281292110206 2.4
    endloop
  endfacet
  facet normal 0 0 1
    outer loop
      vertex 63.220577136594 39.621281292110204 2.4
      vertex 61.66933324366016 38.93834415151793 2.4
      vertex 61.63149157926016 38.82686620298162 2.4
    endloop
  endfacet
  facet normal 0 0 1
    outer loop
      vertex 63.220577136594 39.621281292110204 2.4
      vertex 61.69230037523643 39.05380771911216 2.4
      vertex 61.66933324366016 38.93834415151793 2.4
    endloop
  endfacet
  facet normal 0 0 1
    outer loop
      vertex 63.220577136594 39.621281292110204 2.4
      vertex 61.699999999999996 39.1712812921102 2.4
      vertex 61.69230037523643 39.05380771911216 2.4
    endloop
  endfacet
  facet normal 0 0 1
    outer loop
      vertex 61.51401800626211 38.62339600600235 2.4
      vertex 63.10769962476357 39.05380771911216 2.4
      vertex 63.1 39.1712812921102 2.4
    endloop
  endfacet
  facet normal 0 0 1
    outer loop
      vertex 61.51401800626211 38.62339600600235 2.4
      vertex 63.10769962476357 39.288754865108245 2.4
      vertex 63.130666756339835 39.40421843270247 2.4
    endloop
  endfacet
  facet normal 0 0 1
    outer loop
      vertex 61.51401800626211 38.62339600600235 2.4
      vertex 63.1 39.1712812921102 2.4
      vertex 63.10769962476357 39.288754865108245 2.4
    endloop
  endfacet
  facet normal 0 0 1
    outer loop
      vertex 61.51401800626211 38.62339600600235 2.4
      vertex 63.130666756339835 39.40421843270247 2.4
      vertex 63.16850842073984 39.51569638123878 2.4
    endloop
  endfacet
  facet normal 0 0 1
    outer loop
      vertex 61.51401800626211 38.62339600600235 2.4
      vertex 63.16850842073984 39.51569638123878 2.4
      vertex 63.220577136594 39.621281292110204 2.4
    endloop
  endfacet
  facet normal 0 0 1
    outer loop
      vertex 61.699999999999996 39.1712812921102 2.4
      vertex 63.220577136594 39.621281292110204 2.4
      vertex 63.285981993737884 39.71916657821805 2.4
    endloop
  endfacet
  facet normal 0 0 1
    outer loop
      vertex 61.699999999999996 39.1712812921102 2.4
      vertex 63.285981993737884 39.71916657821805 2.4
      vertex 63.363603896932105 39.807677395178096 2.4
    endloop
  endfacet
  facet normal 0 0 1
    outer loop
      vertex 64.77263728066356 42.128053101569975 2.4
      vertex 61.69230037523643 39.288754865108245 2.4
      vertex 61.699999999999996 39.1712812921102 2.4
    endloop
  endfacet
  facet normal 0 0 1
    outer loop
      vertex 62.4 42.6 2.4
      vertex 60.56706285940773 40.040614535770366 2.4
      vertex 60.68252642700195 40.06358166734663 2.4
    endloop
  endfacet
  facet normal 0 0 1
    outer loop
      vertex 62.4 42.6 2.4
      vertex 60.455584910871416 40.00277287137036 2.4
      vertex 60.56706285940773 40.040614535770366 2.4
    endloop
  endfacet
  facet normal 0 0 1
    outer loop
      vertex 62.4 42.6 2.4
      vertex 60.68252642700195 40.06358166734663 2.4
      vertex 60.8 40.0712812921102 2.4
    endloop
  endfacet
  facet normal 0 0 1
    outer loop
      vertex 63.20926239176432 42.546958140517624 2.4
      vertex 60.8 40.0712812921102 2.4
      vertex 60.91747357299805 40.06358166734663 2.4
    endloop
  endfacet
  facet normal 0 0 1
    outer loop
      vertex 63.20926239176432 42.546958140517624 2.4
      vertex 60.91747357299805 40.06358166734663 2.4
      vertex 61.03293714059227 40.040614535770366 2.4
    endloop
  endfacet
  facet normal 0 0 1
    outer loop
      vertex 63.20926239176432 42.546958140517624 2.4
      vertex 61.14441508912858 40.00277287137036 2.4
      vertex 61.25 39.9507041555162 2.4
    endloop
  endfacet
  facet normal 0 0 1
    outer loop
      vertex 63.20926239176432 42.546958140517624 2.4
      vertex 61.03293714059227 40.040614535770366 2.4
      vertex 61.14441508912858 40.00277287137036 2.4
    endloop
  endfacet
  facet normal 0 0 1
    outer loop
      vertex 64.00467807963562 42.388740122992225 2.4
      vertex 61.25 39.9507041555162 2.4
      vertex 61.34788528610785 39.88529929837232 2.4
    endloop
  endfacet
  facet normal 0 0 1
    outer loop
      vertex 64.00467807963562 42.388740122992225 2.4
      vertex 61.51401800626211 39.71916657821805 2.4
      vertex 61.579422863405995 39.621281292110204 2.4
    endloop
  endfacet
  facet normal 0 0 1
    outer loop
      vertex 64.77263728066356 42.128053101569975 2.4
      vertex 61.66933324366016 39.40421843270247 2.4
      vertex 61.69230037523643 39.288754865108245 2.4
    endloop
  endfacet
  facet normal 0 0 1
    outer loop
      vertex 64.77263728066356 42.128053101569975 2.4
      vertex 61.63149157926016 39.51569638123878 2.4
      vertex 61.66933324366016 39.40421843270247 2.4
    endloop
  endfacet
  facet normal 0 0 1
    outer loop
      vertex 64.77263728066356 42.128053101569975 2.4
      vertex 61.579422863405995 39.621281292110204 2.4
      vertex 61.63149157926016 39.51569638123878 2.4
    endloop
  endfacet
  facet normal 0 0 1
    outer loop
      vertex 64.00467807963562 42.388740122992225 2.4
      vertex 61.43639610306789 39.807677395178096 2.4
      vertex 61.51401800626211 39.71916657821805 2.4
    endloop
  endfacet
  facet normal 0 0 1
    outer loop
      vertex 64.00467807963562 42.388740122992225 2.4
      vertex 61.34788528610785 39.88529929837232 2.4
      vertex 61.43639610306789 39.807677395178096 2.4
    endloop
  endfacet
  facet normal 0 0 1
    outer loop
      vertex 62.4 42.6 2.4
      vertex 60.8 40.0712812921102 2.4
      vertex 63.20926239176432 42.546958140517624 2.4
    endloop
  endfacet
  facet normal 0 0 1
    outer loop
      vertex 63.20926239176432 42.546958140517624 2.4
      vertex 61.25 39.9507041555162 2.4
      vertex 64.00467807963562 42.388740122992225 2.4
    endloop
  endfacet
  facet normal 0 0 1
    outer loop
      vertex 61.69230037523643 33.51124513489175 2.4
      vertex 63.65558491087142 34.460210287149955 2.4
      vertex 64.9636038969321 35.7636038969321 2.4
    endloop
  endfacet
  facet normal 0 0 1
    outer loop
      vertex 63.20926239176432 30.253041859482373 2.4
      vertex 68.38874012299222 38.004678079635624 2.4
      vertex 64.71401800626211 33.080833421781946 2.4
    endloop
  endfacet
  facet normal 0 0 1
    outer loop
      vertex 65.48252642700196 35.50769962476357 2.4
      vertex 64.6363961030679 34.26511481095769 2.4
      vertex 64.71401800626211 34.176603993997645 2.4
    endloop
  endfacet
  facet normal 0 0 1
    outer loop
      vertex 65.94441508912858 35.56850842073984 2.4
      vertex 64.83149157926016 33.97313379701838 2.4
      vertex 64.86933324366017 33.861655848482066 2.4
    endloop
  endfacet
  facet normal 0 0 1
    outer loop
      vertex 65.94441508912858 35.56850842073984 2.4
      vertex 64.779422863406 34.07871870788979 2.4
      vertex 64.83149157926016 33.97313379701838 2.4
    endloop
  endfacet
  facet normal 0 0 1
    outer loop
      vertex 65.94441508912858 35.56850842073984 2.4
      vertex 64.71401800626211 34.176603993997645 2.4
      vertex 64.779422863406 34.07871870788979 2.4
    endloop
  endfacet
  facet normal 0 0 1
    outer loop
      vertex 61.66933324366016 33.861655848482066 2.4
      vertex 64.9636038969321 35.7636038969321 2.4
      vertex 64.88598199373789 35.85211471389215 2.4
    endloop
  endfacet
  facet normal 0 0 1
    outer loop
      vertex 64.76850842073983 36.05558491087142 2.4
      vertex 61.579422863405995 34.07871870788979 2.4
      vertex 64.82057713659401 35.949999999999996 2.4
    endloop
  endfacet
  facet normal 0 0 1
    outer loop
      vertex 61.63149157926016 33.97313379701838 2.4
      vertex 64.88598199373789 35.85211471389215 2.4
      vertex 64.82057713659401 35.949999999999996 2.4
    endloop
  endfacet
  facet normal 0 0 1
    outer loop
      vertex 64.9636038969321 35.7636038969321 2.4
      vertex 63.65558491087142 34.460210287149955 2.4
      vertex 63.76706285940773 34.498051951549954 2.4
    endloop
  endfacet
  facet normal 0 0 1
    outer loop
      vertex 64.9636038969321 35.7636038969321 2.4
      vertex 63.76706285940773 34.498051951549954 2.4
      vertex 63.88252642700195 34.52101908312623 2.4
    endloop
  endfacet
  facet normal 0 0 1
    outer loop
      vertex 65.15 35.620577136594 2.4
      vertex 63.88252642700195 34.52101908312623 2.4
      vertex 64 34.528718707889794 2.4
    endloop
  endfacet
  facet normal 0 0 1
    outer loop
      vertex 65.15 35.620577136594 2.4
      vertex 64 34.528718707889794 2.4
      vertex 64.11747357299805 34.52101908312623 2.4
    endloop
  endfacet
  facet normal 0 0 1
    outer loop
      vertex 64.70769962476356 36.282526427001955 2.4
      vertex 61.43639610306789 34.265114810957684 2.4
      vertex 64.73066675633984 36.16706285940773 2.4
    endloop
  endfacet
  facet normal 0 0 1
    outer loop
      vertex 61.51401800626211 34.176603993997645 2.4
      vertex 64.76850842073983 36.05558491087142 2.4
      vertex 64.73066675633984 36.16706285940773 2.4
    endloop
  endfacet
  facet normal 0 0 1
    outer loop
      vertex 64.70769962476356 36.282526427001955 2.4
      vertex 63.036396103067894 35.7636038969321 2.4
      vertex 62.94788528610785 35.68598199373789 2.4
    endloop
  endfacet
  facet normal 0 0 1
    outer loop
      vertex 63.036396103067894 35.7636038969321 2.4
      vertex 64.70769962476356 36.51747357299804 2.4
      vertex 63.11401800626211 35.85211471389215 2.4
    endloop
  endfacet
  facet normal 0 0 1
    outer loop
      vertex 65.15 35.620577136594 2.4
      vertex 64.23293714059227 34.498051951549954 2.4
      vertex 64.34441508912857 34.460210287149955 2.4
    endloop
  endfacet
  facet normal 0 0 1
    outer loop
      vertex 64.45 34.408141571295786 2.4
      vertex 65.15 35.620577136594 2.4
      vertex 64.34441508912857 34.460210287149955 2.4
    endloop
  endfacet
  facet normal 0 0 1
    outer loop
      vertex 65.15 35.620577136594 2.4
      vertex 64.11747357299805 34.52101908312623 2.4
      vertex 64.23293714059227 34.498051951549954 2.4
    endloop
  endfacet
  facet normal 0 0 1
    outer loop
      vertex 65.48252642700196 35.50769962476357 2.4
      vertex 64.45 34.408141571295786 2.4
      vertex 64.54788528610784 34.342736714151904 2.4
    endloop
  endfacet
  facet normal 0 0 1
    outer loop
      vertex 65.48252642700196 35.50769962476357 2.4
      vertex 64.54788528610784 34.342736714151904 2.4
      vertex 64.6363961030679 34.26511481095769 2.4
    endloop
  endfacet
  facet normal 0 0 1
    outer loop
      vertex 63.88252642700195 34.52101908312623 2.4
      vertex 65.15 35.620577136594 2.4
      vertex 65.05211471389215 35.68598199373789 2.4
    endloop
  endfacet
  facet normal 0 0 1
    outer loop
      vertex 63.88252642700195 34.52101908312623 2.4
      vertex 65.05211471389215 35.68598199373789 2.4
      vertex 64.9636038969321 35.7636038969321 2.4
    endloop
  endfacet
  facet normal 0 0 1
    outer loop
      vertex 64.45 34.408141571295786 2.4
      vertex 65.36706285940772 35.53066675633984 2.4
      vertex 65.25558491087142 35.56850842073984 2.4
    endloop
  endfacet
  facet normal 0 0 1
    outer loop
      vertex 64.45 34.408141571295786 2.4
      vertex 65.25558491087142 35.56850842073984 2.4
      vertex 65.15 35.620577136594 2.4
    endloop
  endfacet
  facet normal 0 0 1
    outer loop
      vertex 64.45 34.408141571295786 2.4
      vertex 65.48252642700196 35.50769962476357 2.4
      vertex 65.36706285940772 35.53066675633984 2.4
    endloop
  endfacet
  facet normal 0 0 1
    outer loop
      vertex 64.71401800626211 34.176603993997645 2.4
      vertex 65.6 35.5 2.4
      vertex 65.48252642700196 35.50769962476357 2.4
    endloop
  endfacet
  facet normal 0 0 1
    outer loop
      vertex 64.71401800626211 34.176603993997645 2.4
      vertex 65.83293714059226 35.53066675633984 2.4
      vertex 65.71747357299805 35.50769962476357 2.4
    endloop
  endfacet
  facet normal 0 0 1
    outer loop
      vertex 64.71401800626211 34.176603993997645 2.4
      vertex 65.71747357299805 35.50769962476357 2.4
      vertex 65.6 35.5 2.4
    endloop
  endfacet
  facet normal 0 0 1
    outer loop
      vertex 64.71401800626211 34.176603993997645 2.4
      vertex 65.94441508912858 35.56850842073984 2.4
      vertex 65.83293714059226 35.53066675633984 2.4
    endloop
  endfacet
  facet normal 0 0 1
    outer loop
      vertex 65.5 31.03064249653648 2.4
      vertex 66.17432085985406 31.48120929019434 2.4
      vertex 68.38874012299222 38.004678079635624 2.4
    endloop
  endfacet
  facet normal 0 0 1
    outer loop
      vertex 66.17432085985406 31.48120929019434 2.4
      vertex 66.7840620433566 32.015937956643405 2.4
      vertex 68.38874012299222 38.004678079635624 2.4
    endloop
  endfacet
  facet normal 0 0 1
    outer loop
      vertex 66.7840620433566 32.015937956643405 2.4
      vertex 67.31879070980565 32.625679140145934 2.4
      vertex 68.54695814051762 37.20926239176432 2.4
    endloop
  endfacet
  facet normal 0 0 1
    outer loop
      vertex 64.86933324366017 33.861655848482066 2.4
      vertex 66.05 35.620577136594 2.4
      vertex 65.94441508912858 35.56850842073984 2.4
    endloop
  endfacet
  facet normal 0 0 1
    outer loop
      vertex 68.38874012299222 38.004678079635624 2.4
      vertex 64.779422863406 33.17871870788979 2.4
      vertex 64.71401800626211 33.080833421781946 2.4
    endloop
  endfacet
  facet normal 0 0 1
    outer loop
      vertex 68.38874012299222 38.004678079635624 2.4
      vertex 64.83149157926016 33.284303618761214 2.4
      vertex 64.779422863406 33.17871870788979 2.4
    endloop
  endfacet
  facet normal 0 0 1
    outer loop
      vertex 68.38874012299222 38.004678079635624 2.4
      vertex 64.86933324366017 33.395781567297526 2.4
      vertex 64.83149157926016 33.284303618761214 2.4
    endloop
  endfacet
  facet normal 0 0 1
    outer loop
      vertex 68.38874012299222 38.004678079635624 2.4
      vertex 64.89230037523643 33.51124513489175 2.4
      vertex 64.86933324366017 33.395781567297526 2.4
    endloop
  endfacet
  facet normal 0 0 1
    outer loop
      vertex 64.86933324366017 33.861655848482066 2.4
      vertex 66.14788528610785 35.68598199373789 2.4
      vertex 66.05 35.620577136594 2.4
    endloop
  endfacet
  facet normal 0 0 1
    outer loop
      vertex 64.86933324366017 33.861655848482066 2.4
      vertex 66.23639610306789 35.7636038969321 2.4
      vertex 66.14788528610785 35.68598199373789 2.4
    endloop
  endfacet
  facet normal 0 0 1
    outer loop
      vertex 68.38874012299222 38.004678079635624 2.4
      vertex 64.9 33.628718707889796 2.4
      vertex 64.89230037523643 33.51124513489175 2.4
    endloop
  endfacet
  facet normal 0 0 1
    outer loop
      vertex 68.38874012299222 38.004678079635624 2.4
      vertex 64.89230037523643 33.74619228088784 2.4
      vertex 64.9 33.628718707889796 2.4
    endloop
  endfacet
  facet normal 0 0 1
    outer loop
      vertex 68.38874012299222 38.004678079635624 2.4
      vertex 64.86933324366017 33.861655848482066 2.4
      vertex 64.89230037523643 33.74619228088784 2.4
    endloop
  endfacet
  facet normal 0 0 1
    outer loop
      vertex 68.38874012299222 38.004678079635624 2.4
      vertex 66.23639610306789 35.7636038969321 2.4
      vertex 64.86933324366017 33.861655848482066 2.4
    endloop
  endfacet
  facet normal 0 0 1
    outer loop
      vertex 64.70769962476356 36.51747357299804 2.4
      vertex 63.179422863405996 35.949999999999996 2.4
      vertex 63.11401800626211 35.85211471389215 2.4
    endloop
  endfacet
  facet normal 0 0 1
    outer loop
      vertex 64.70769962476356 36.51747357299804 2.4
      vertex 63.23149157926016 36.05558491087142 2.4
      vertex 63.179422863405996 35.949999999999996 2.4
    endloop
  endfacet
  facet normal 0 0 1
    outer loop
      vertex 64.70769962476356 36.51747357299804 2.4
      vertex 63.26933324366016 36.16706285940773 2.4
      vertex 63.23149157926016 36.05558491087142 2.4
    endloop
  endfacet
  facet normal 0 0 1
    outer loop
      vertex 63.26933324366016 36.16706285940773 2.4
      vertex 64.82057713659401 36.85 2.4
      vertex 63.29230037523643 36.282526427001955 2.4
    endloop
  endfacet
  facet normal 0 0 1
    outer loop
      vertex 64.82057713659401 36.85 2.4
      vertex 63.3 36.4 2.4
      vertex 63.29230037523643 36.282526427001955 2.4
    endloop
  endfacet
  facet normal 0 0 1
    outer loop
      vertex 64.82057713659401 36.85 2.4
      vertex 63.29230037523643 36.51747357299804 2.4
      vertex 63.3 36.4 2.4
    endloop
  endfacet
  facet normal 0 0 1
    outer loop
      vertex 64.82057713659401 36.85 2.4
      vertex 63.26933324366016 36.63293714059227 2.4
      vertex 63.29230037523643 36.51747357299804 2.4
    endloop
  endfacet
  facet normal 0 0 1
    outer loop
      vertex 63.036396103067894 35.7636038969321 2.4
      vertex 64.70769962476356 36.282526427001955 2.4
      vertex 64.7 36.4 2.4
    endloop
  endfacet
  facet normal 0 0 1
    outer loop
      vertex 63.036396103067894 35.7636038969321 2.4
      vertex 64.7 36.4 2.4
      vertex 64.70769962476356 36.51747357299804 2.4
    endloop
  endfacet
  facet normal 0 0 1
    outer loop
      vertex 63.26933324366016 36.16706285940773 2.4
      vertex 64.70769962476356 36.51747357299804 2.4
      vertex 64.73066675633984 36.63293714059227 2.4
    endloop
  endfacet
  facet normal 0 0 1
    outer loop
      vertex 63.26933324366016 36.16706285940773 2.4
      vertex 64.76850842073983 36.74441508912858 2.4
      vertex 64.82057713659401 36.85 2.4
    endloop
  endfacet
  facet normal 0 0 1
    outer loop
      vertex 63.26933324366016 36.16706285940773 2.4
      vertex 64.73066675633984 36.63293714059227 2.4
      vertex 64.76850842073983 36.74441508912858 2.4
    endloop
  endfacet
  facet normal 0 0 1
    outer loop
      vertex 65.05211471389215 37.11401800626211 2.4
      vertex 63.23149157926016 36.74441508912858 2.4
      vertex 63.26933324366016 36.63293714059227 2.4
    endloop
  endfacet
  facet normal 0 0 1
    outer loop
      vertex 65.05211471389215 37.11401800626211 2.4
      vertex 63.179422863405996 36.85 2.4
      vertex 63.23149157926016 36.74441508912858 2.4
    endloop
  endfacet
  facet normal 0 0 1
    outer loop
      vertex 65.05211471389215 37.11401800626211 2.4
      vertex 63.036396103067894 37.036396103067894 2.4
      vertex 63.11401800626211 36.94788528610785 2.4
    endloop
  endfacet
  facet normal 0 0 1
    outer loop
      vertex 65.05211471389215 37.11401800626211 2.4
      vertex 63.11401800626211 36.94788528610785 2.4
      vertex 63.179422863405996 36.85 2.4
    endloop
  endfacet
  facet normal 0 0 1
    outer loop
      vertex 64.88598199373789 36.94788528610785 2.4
      vertex 63.26933324366016 36.63293714059227 2.4
      vertex 64.82057713659401 36.85 2.4
    endloop
  endfacet
  facet normal 0 0 1
    outer loop
      vertex 64.9636038969321 37.036396103067894 2.4
      vertex 65.05211471389215 37.11401800626211 2.4
      vertex 63.26933324366016 36.63293714059227 2.4
    endloop
  endfacet
  facet normal 0 0 1
    outer loop
      vertex 64.9636038969321 37.036396103067894 2.4
      vertex 63.26933324366016 36.63293714059227 2.4
      vertex 64.88598199373789 36.94788528610785 2.4
    endloop
  endfacet
  facet normal 0 0 1
    outer loop
      vertex 63.036396103067894 37.036396103067894 2.4
      vertex 65.05211471389215 37.11401800626211 2.4
      vertex 65.15 37.179422863405996 2.4
    endloop
  endfacet
  facet normal 0 0 1
    outer loop
      vertex 62.51747357299804 37.29230037523643 2.4
      vertex 63.88252642700195 38.27898091687377 2.4
      vertex 63.76706285940773 38.30194804845004 2.4
    endloop
  endfacet
  facet normal 0 0 1
    outer loop
      vertex 62.51747357299804 37.29230037523643 2.4
      vertex 64 38.2712812921102 2.4
      vertex 63.88252642700195 38.27898091687377 2.4
    endloop
  endfacet
  facet normal 0 0 1
    outer loop
      vertex 62.51747357299804 37.29230037523643 2.4
      vertex 64.11747357299805 38.27898091687377 2.4
      vertex 64 38.2712812921102 2.4
    endloop
  endfacet
  facet normal 0 0 1
    outer loop
      vertex 62.51747357299804 37.29230037523643 2.4
      vertex 64.23293714059227 38.30194804845004 2.4
      vertex 64.11747357299805 38.27898091687377 2.4
    endloop
  endfacet
  facet normal 0 0 1
    outer loop
      vertex 67.76935750346352 39.5 2.4
      vertex 62.74441508912858 37.23149157926016 2.4
      vertex 62.85 37.179422863405996 2.4
    endloop
  endfacet
  facet normal 0 0 1
    outer loop
      vertex 67.76935750346352 39.5 2.4
      vertex 62.51747357299804 37.29230037523643 2.4
      vertex 62.63293714059227 37.26933324366016 2.4
    endloop
  endfacet
  facet normal 0 0 1
    outer loop
      vertex 67.76935750346352 39.5 2.4
      vertex 62.63293714059227 37.26933324366016 2.4
      vertex 62.74441508912858 37.23149157926016 2.4
    endloop
  endfacet
  facet normal 0 0 1
    outer loop
      vertex 67.76935750346352 39.5 2.4
      vertex 62.94788528610785 37.11401800626211 2.4
      vertex 63.036396103067894 37.036396103067894 2.4
    endloop
  endfacet
  facet normal 0 0 1
    outer loop
      vertex 67.76935750346352 39.5 2.4
      vertex 62.85 37.179422863405996 2.4
      vertex 62.94788528610785 37.11401800626211 2.4
    endloop
  endfacet
  facet normal 0 0 1
    outer loop
      vertex 68.12805310156998 38.77263728066355 2.4
      vertex 63.036396103067894 37.036396103067894 2.4
      vertex 65.15 37.179422863405996 2.4
    endloop
  endfacet
  facet normal 0 0 1
    outer loop
      vertex 67.76935750346352 39.5 2.4
      vertex 64.23293714059227 38.30194804845004 2.4
      vertex 62.51747357299804 37.29230037523643 2.4
    endloop
  endfacet
  facet normal 0 0 1
    outer loop
      vertex 67.76935750346352 39.5 2.4
      vertex 64.34441508912857 38.33978971285004 2.4
      vertex 64.23293714059227 38.30194804845004 2.4
    endloop
  endfacet
  facet normal 0 0 1
    outer loop
      vertex 67.76935750346352 39.5 2.4
      vertex 64.45 38.39185842870421 2.4
      vertex 64.34441508912857 38.33978971285004 2.4
    endloop
  endfacet
  facet normal 0 0 1
    outer loop
      vertex 67.76935750346352 39.5 2.4
      vertex 64.54788528610784 38.45726328584809 2.4
      vertex 64.45 38.39185842870421 2.4
    endloop
  endfacet
  facet normal 0 0 1
    outer loop
      vertex 68.38874012299222 38.004678079635624 2.4
      vertex 66.31401800626212 35.85211471389215 2.4
      vertex 66.23639610306789 35.7636038969321 2.4
    endloop
  endfacet
  facet normal 0 0 1
    outer loop
      vertex 68.38874012299222 38.004678079635624 2.4
      vertex 66.43149157926015 36.05558491087142 2.4
      vertex 66.37942286340599 35.949999999999996 2.4
    endloop
  endfacet
  facet normal 0 0 1
    outer loop
      vertex 68.38874012299222 38.004678079635624 2.4
      vertex 66.37942286340599 35.949999999999996 2.4
      vertex 66.31401800626212 35.85211471389215 2.4
    endloop
  endfacet
  facet normal 0 0 1
    outer loop
      vertex 68.38874012299222 38.004678079635624 2.4
      vertex 66.46933324366016 36.16706285940773 2.4
      vertex 66.43149157926015 36.05558491087142 2.4
    endloop
  endfacet
  facet normal 0 0 1
    outer loop
      vertex 68.38874012299222 38.004678079635624 2.4
      vertex 66.49230037523643 36.282526427001955 2.4
      vertex 66.46933324366016 36.16706285940773 2.4
    endloop
  endfacet
  facet normal 0 0 1
    outer loop
      vertex 68.38874012299222 38.004678079635624 2.4
      vertex 66.5 36.4 2.4
      vertex 66.49230037523643 36.282526427001955 2.4
    endloop
  endfacet
  facet normal 0 0 1
    outer loop
      vertex 68.38874012299222 38.004678079635624 2.4
      vertex 66.49230037523643 36.51747357299804 2.4
      vertex 66.5 36.4 2.4
    endloop
  endfacet
  facet normal 0 0 1
    outer loop
      vertex 68.38874012299222 38.004678079635624 2.4
      vertex 66.46933324366016 36.63293714059227 2.4
      vertex 66.49230037523643 36.51747357299804 2.4
    endloop
  endfacet
  facet normal 0 0 1
    outer loop
      vertex 68.38874012299222 38.004678079635624 2.4
      vertex 66.05 37.179422863405996 2.4
      vertex 66.14788528610785 37.11401800626211 2.4
    endloop
  endfacet
  facet normal 0 0 1
    outer loop
      vertex 68.38874012299222 38.004678079635624 2.4
      vertex 66.23639610306789 37.036396103067894 2.4
      vertex 66.31401800626212 36.94788528610785 2.4
    endloop
  endfacet
  facet normal 0 0 1
    outer loop
      vertex 68.38874012299222 38.004678079635624 2.4
      vertex 66.14788528610785 37.11401800626211 2.4
      vertex 66.23639610306789 37.036396103067894 2.4
    endloop
  endfacet
  facet normal 0 0 1
    outer loop
      vertex 68.38874012299222 38.004678079635624 2.4
      vertex 66.43149157926015 36.74441508912858 2.4
      vertex 66.46933324366016 36.63293714059227 2.4
    endloop
  endfacet
  facet normal 0 0 1
    outer loop
      vertex 68.38874012299222 38.004678079635624 2.4
      vertex 66.37942286340599 36.85 2.4
      vertex 66.43149157926015 36.74441508912858 2.4
    endloop
  endfacet
  facet normal 0 0 1
    outer loop
      vertex 68.38874012299222 38.004678079635624 2.4
      vertex 66.31401800626212 36.94788528610785 2.4
      vertex 66.37942286340599 36.85 2.4
    endloop
  endfacet
  facet normal 0 0 1
    outer loop
      vertex 68.12805310156998 38.77263728066355 2.4
      vertex 65.15 37.179422863405996 2.4
      vertex 65.25558491087142 37.23149157926016 2.4
    endloop
  endfacet
  facet normal 0 0 1
    outer loop
      vertex 68.12805310156998 38.77263728066355 2.4
      vertex 65.25558491087142 37.23149157926016 2.4
      vertex 65.36706285940772 37.26933324366016 2.4
    endloop
  endfacet
  facet normal 0 0 1
    outer loop
      vertex 68.12805310156998 38.77263728066355 2.4
      vertex 65.36706285940772 37.26933324366016 2.4
      vertex 65.48252642700196 37.29230037523643 2.4
    endloop
  endfacet
  facet normal 0 0 1
    outer loop
      vertex 68.12805310156998 38.77263728066355 2.4
      vertex 65.48252642700196 37.29230037523643 2.4
      vertex 65.6 37.3 2.4
    endloop
  endfacet
  facet normal 0 0 1
    outer loop
      vertex 68.38874012299222 38.004678079635624 2.4
      vertex 65.83293714059226 37.26933324366016 2.4
      vertex 65.94441508912858 37.23149157926016 2.4
    endloop
  endfacet
  facet normal 0 0 1
    outer loop
      vertex 68.12805310156998 38.77263728066355 2.4
      vertex 65.71747357299805 37.29230037523643 2.4
      vertex 65.83293714059226 37.26933324366016 2.4
    endloop
  endfacet
  facet normal 0 0 1
    outer loop
      vertex 68.12805310156998 38.77263728066355 2.4
      vertex 65.6 37.3 2.4
      vertex 65.71747357299805 37.29230037523643 2.4
    endloop
  endfacet
  facet normal 0 0 1
    outer loop
      vertex 67.76935750346352 39.5 2.4
      vertex 64.6363961030679 38.534885189042306 2.4
      vertex 64.54788528610784 38.45726328584809 2.4
    endloop
  endfacet
  facet normal 0 0 1
    outer loop
      vertex 68.12805310156998 38.77263728066355 2.4
      vertex 67.76935750346352 39.5 2.4
      vertex 63.036396103067894 37.036396103067894 2.4
    endloop
  endfacet
  facet normal 0 0 1
    outer loop
      vertex 68.38874012299222 38.004678079635624 2.4
      vertex 65.94441508912858 37.23149157926016 2.4
      vertex 66.05 37.179422863405996 2.4
    endloop
  endfacet
  facet normal 0 0 1
    outer loop
      vertex 68.38874012299222 38.004678079635624 2.4
      vertex 68.12805310156998 38.77263728066355 2.4
      vertex 65.83293714059226 37.26933324366016 2.4
    endloop
  endfacet
  facet normal 0 0 1
    outer loop
      vertex 67.31879070980565 32.625679140145934 2.4
      vertex 67.76935750346352 33.3 2.4
      vertex 68.6 36.4 2.4
    endloop
  endfacet
  facet normal 0 0 1
    outer loop
      vertex 67.76935750346352 33.3 2.4
      vertex 68.12805310156998 34.027362719336445 2.4
      vertex 68.54695814051762 35.59073760823568 2.4
    endloop
  endfacet
  facet normal 0 0 1
    outer loop
      vertex 68.12805310156998 34.027362719336445 2.4
      vertex 68.38874012299222 34.79532192036437 2.4
      vertex 68.54695814051762 35.59073760823568 2.4
    endloop
  endfacet
  facet normal 0 0 1
    outer loop
      vertex 67.76935750346352 33.3 2.4
      vertex 68.54695814051762 35.59073760823568 2.4
      vertex 68.6 36.4 2.4
    endloop
  endfacet
  facet normal 0 0 1
    outer loop
      vertex 67.31879070980565 32.625679140145934 2.4
      vertex 68.6 36.4 2.4
      vertex 68.54695814051762 37.20926239176432 2.4
    endloop
  endfacet
  facet normal 0 0 1
    outer loop
      vertex 66.7840620433566 32.015937956643405 2.4
      vertex 68.54695814051762 37.20926239176432 2.4
      vertex 68.38874012299222 38.004678079635624 2.4
    endloop
  endfacet
  facet normal 0 0 1
    outer loop
      vertex 66.7840620433566 40.78406204335659 2.4
      vertex 64.86933324366017 39.40421843270247 2.4
      vertex 64.89230037523643 39.288754865108245 2.4
    endloop
  endfacet
  facet normal 0 0 1
    outer loop
      vertex 66.7840620433566 40.78406204335659 2.4
      vertex 64.779422863406 39.621281292110204 2.4
      vertex 64.83149157926016 39.51569638123878 2.4
    endloop
  endfacet
  facet normal 0 0 1
    outer loop
      vertex 66.7840620433566 40.78406204335659 2.4
      vertex 64.71401800626211 39.71916657821805 2.4
      vertex 64.779422863406 39.621281292110204 2.4
    endloop
  endfacet
  facet normal 0 0 1
    outer loop
      vertex 66.7840620433566 40.78406204335659 2.4
      vertex 64.83149157926016 39.51569638123878 2.4
      vertex 64.86933324366017 39.40421843270247 2.4
    endloop
  endfacet
  facet normal 0 0 1
    outer loop
      vertex 65.5 41.76935750346352 2.4
      vertex 61.699999999999996 39.1712812921102 2.4
      vertex 63.363603896932105 39.807677395178096 2.4
    endloop
  endfacet
  facet normal 0 0 1
    outer loop
      vertex 65.5 41.76935750346352 2.4
      vertex 63.363603896932105 39.807677395178096 2.4
      vertex 63.45211471389215 39.88529929837232 2.4
    endloop
  endfacet
  facet normal 0 0 1
    outer loop
      vertex 65.5 41.76935750346352 2.4
      vertex 63.45211471389215 39.88529929837232 2.4
      vertex 63.55 39.9507041555162 2.4
    endloop
  endfacet
  facet normal 0 0 1
    outer loop
      vertex 65.5 41.76935750346352 2.4
      vertex 63.55 39.9507041555162 2.4
      vertex 63.65558491087142 40.00277287137036 2.4
    endloop
  endfacet
  facet normal 0 0 1
    outer loop
      vertex 65.5 41.76935750346352 2.4
      vertex 63.65558491087142 40.00277287137036 2.4
      vertex 63.76706285940773 40.040614535770366 2.4
    endloop
  endfacet
  facet normal 0 0 1
    outer loop
      vertex 65.5 41.76935750346352 2.4
      vertex 63.88252642700195 40.06358166734663 2.4
      vertex 64 40.0712812921102 2.4
    endloop
  endfacet
  facet normal 0 0 1
    outer loop
      vertex 65.5 41.76935750346352 2.4
      vertex 63.76706285940773 40.040614535770366 2.4
      vertex 63.88252642700195 40.06358166734663 2.4
    endloop
  endfacet
  facet normal 0 0 1
    outer loop
      vertex 64.00467807963562 42.388740122992225 2.4
      vertex 61.579422863405995 39.621281292110204 2.4
      vertex 64.77263728066356 42.128053101569975 2.4
    endloop
  endfacet
  facet normal 0 0 1
    outer loop
      vertex 64.77263728066356 42.128053101569975 2.4
      vertex 61.699999999999996 39.1712812921102 2.4
      vertex 65.5 41.76935750346352 2.4
    endloop
  endfacet
  facet normal 0 0 1
    outer loop
      vertex 66.17432085985406 41.318790709805654 2.4
      vertex 64.11747357299805 40.06358166734663 2.4
      vertex 64.23293714059227 40.040614535770366 2.4
    endloop
  endfacet
  facet normal 0 0 1
    outer loop
      vertex 66.17432085985406 41.318790709805654 2.4
      vertex 64.23293714059227 40.040614535770366 2.4
      vertex 64.34441508912857 40.00277287137036 2.4
    endloop
  endfacet
  facet normal 0 0 1
    outer loop
      vertex 66.17432085985406 41.318790709805654 2.4
      vertex 64.34441508912857 40.00277287137036 2.4
      vertex 64.45 39.9507041555162 2.4
    endloop
  endfacet
  facet normal 0 0 1
    outer loop
      vertex 65.5 41.76935750346352 2.4
      vertex 64 40.0712812921102 2.4
      vertex 64.11747357299805 40.06358166734663 2.4
    endloop
  endfacet
  facet normal 0 0 1
    outer loop
      vertex 66.17432085985406 41.318790709805654 2.4
      vertex 64.6363961030679 39.807677395178096 2.4
      vertex 64.71401800626211 39.71916657821805 2.4
    endloop
  endfacet
  facet normal 0 0 1
    outer loop
      vertex 66.17432085985406 41.318790709805654 2.4
      vertex 64.54788528610784 39.88529929837232 2.4
      vertex 64.6363961030679 39.807677395178096 2.4
    endloop
  endfacet
  facet normal 0 0 1
    outer loop
      vertex 66.17432085985406 41.318790709805654 2.4
      vertex 64.45 39.9507041555162 2.4
      vertex 64.54788528610784 39.88529929837232 2.4
    endloop
  endfacet
  facet normal 0 0 1
    outer loop
      vertex 66.17432085985406 41.318790709805654 2.4
      vertex 65.5 41.76935750346352 2.4
      vertex 64.11747357299805 40.06358166734663 2.4
    endloop
  endfacet
  facet normal 0 0 1
    outer loop
      vertex 67.76935750346352 39.5 2.4
      vertex 64.71401800626211 38.62339600600235 2.4
      vertex 64.6363961030679 38.534885189042306 2.4
    endloop
  endfacet
  facet normal 0 0 1
    outer loop
      vertex 67.76935750346352 39.5 2.4
      vertex 64.83149157926016 38.82686620298162 2.4
      vertex 64.779422863406 38.721281292110206 2.4
    endloop
  endfacet
  facet normal 0 0 1
    outer loop
      vertex 67.76935750346352 39.5 2.4
      vertex 64.779422863406 38.721281292110206 2.4
      vertex 64.71401800626211 38.62339600600235 2.4
    endloop
  endfacet
  facet normal 0 0 1
    outer loop
      vertex 67.76935750346352 39.5 2.4
      vertex 64.86933324366017 38.93834415151793 2.4
      vertex 64.83149157926016 38.82686620298162 2.4
    endloop
  endfacet
  facet normal 0 0 1
    outer loop
      vertex 67.31879070980565 40.17432085985406 2.4
      vertex 64.89230037523643 39.05380771911216 2.4
      vertex 64.86933324366017 38.93834415151793 2.4
    endloop
  endfacet
  facet normal 0 0 1
    outer loop
      vertex 67.31879070980565 40.17432085985406 2.4
      vertex 64.9 39.1712812921102 2.4
      vertex 64.89230037523643 39.05380771911216 2.4
    endloop
  endfacet
  facet normal 0 0 1
    outer loop
      vertex 67.76935750346352 39.5 2.4
      vertex 67.31879070980565 40.17432085985406 2.4
      vertex 64.86933324366017 38.93834415151793 2.4
    endloop
  endfacet
  facet normal 0 0 1
    outer loop
      vertex 67.31879070980565 40.17432085985406 2.4
      vertex 64.89230037523643 39.288754865108245 2.4
      vertex 64.9 39.1712812921102 2.4
    endloop
  endfacet
  facet normal 0 0 1
    outer loop
      vertex 67.31879070980565 40.17432085985406 2.4
      vertex 66.7840620433566 40.78406204335659 2.4
      vertex 64.89230037523643 39.288754865108245 2.4
    endloop
  endfacet
  facet normal 0 0 1
    outer loop
      vertex 66.17432085985406 41.318790709805654 2.4
      vertex 64.71401800626211 39.71916657821805 2.4
      vertex 66.7840620433566 40.78406204335659 2.4
    endloop
  endfacet
  facet normal 0 0 -1
    outer loop
      vertex 2 0.5358983848622456 0
      vertex 3.3007764215491977 81.005 0
      vertex 3.539867510441837 80.6471748985613 0
    endloop
  endfacet
  facet normal 0 0 -1
    outer loop
      vertex 2 0.5358983848622456 0
      vertex 3.539867510441837 80.6471748985613 0
      vertex 3.823618689896259 80.32361868989626 0
    endloop
  endfacet
  facet normal 0 0 -1
    outer loop
      vertex 2 0.5358983848622456 0
      vertex 3.110436338037867 81.39097150751886 0
      vertex 3.3007764215491977 81.005 0
    endloop
  endfacet
  facet normal 0 0 -1
    outer loop
      vertex 2 0.5358983848622456 0
      vertex 2.972104031508966 81.7984853416127 0
      vertex 3.110436338037867 81.39097150751886 0
    endloop
  endfacet
  facet normal 0 0 -1
    outer loop
      vertex 2 0.5358983848622456 0
      vertex 2.888146406080164 82.22056882759604 0
      vertex 2.972104031508966 81.7984853416127 0
    endloop
  endfacet
  facet normal 0 0 -1
    outer loop
      vertex 2 0.5358983848622456 0
      vertex 2.8600000000000003 82.65 0
      vertex 2.888146406080164 82.22056882759604 0
    endloop
  endfacet
  facet normal 0 0 -1
    outer loop
      vertex 2 0.5358983848622456 0
      vertex 0 84.8 0
      vertex 2.8600000000000003 82.65 0
    endloop
  endfacet
  facet normal 0 0 -1
    outer loop
      vertex 3.823618689896259 8.476381310103742 0
      vertex 3.823618689896259 80.32361868989626 0
      vertex 4.1471748985613095 80.03986751044184 0
    endloop
  endfacet
  facet normal 0 0 -1
    outer loop
      vertex 4.1471748985613095 8.760132489558163 0
      vertex 4.1471748985613095 80.03986751044184 0
      vertex 4.505 79.8007764215492 0
    endloop
  endfacet
  facet normal 0 0 -1
    outer loop
      vertex 4.505 8.999223578450804 0
      vertex 4.505 79.8007764215492 0
      vertex 4.890971507518855 79.61043633803787 0
    endloop
  endfacet
  facet normal 0 0 -1
    outer loop
      vertex 4.505 8.999223578450804 0
      vertex 4.890971507518855 79.61043633803787 0
      vertex 5.298485341612707 79.47210403150896 0
    endloop
  endfacet
  facet normal 0 0 -1
    outer loop
      vertex 4.505 8.999223578450804 0
      vertex 5.298485341612707 79.47210403150896 0
      vertex 5.720568827596031 79.38814640608017 0
    endloop
  endfacet
  facet normal 0 0 -1
    outer loop
      vertex 4.505 8.999223578450804 0
      vertex 5.720568827596031 79.38814640608017 0
      vertex 6.15 79.36000000000001 0
    endloop
  endfacet
  facet normal -1 0 0
    outer loop
      vertex 0 4 2.4
      vertex 0 84.8 2.4
      vertex 0 84.8 0
    endloop
  endfacet
  facet normal 0 0 1
    outer loop
      vertex 0 4 2.4
      vertex 0.8265866388350593 87.23504571603488 2.4
      vertex 0 84.8 2.4
    endloop
  endfacet
  facet normal 0 0 1
    outer loop
      vertex 0 4 2.4
      vertex 2 88.26410161513775 2.4
      vertex 0.8265866388350593 87.23504571603488 2.4
    endloop
  endfacet
  facet normal 0 0 1
    outer loop
      vertex 2.6999999999999997 10.092350824501015 2.4
      vertex 2.6999999999999997 78.70764917549899 2.4
      vertex 2 88.26410161513775 2.4
    endloop
  endfacet
  facet normal 0 0 -1
    outer loop
      vertex 59.9 39.1712812921102 0
      vertex 6.15 79.36000000000001 0
      vertex 6.57943117240397 79.38814640608017 0
    endloop
  endfacet
  facet normal 0 0 -1
    outer loop
      vertex 59.9 39.1712812921102 0
      vertex 6.57943117240397 79.38814640608017 0
      vertex 7.001514658387293 79.47210403150896 0
    endloop
  endfacet
  facet normal 0 0 -1
    outer loop
      vertex 59.9 39.1712812921102 0
      vertex 7.001514658387293 79.47210403150896 0
      vertex 7.409028492481146 79.61043633803787 0
    endloop
  endfacet
  facet normal 0 0 -1
    outer loop
      vertex 59.9 39.1712812921102 0
      vertex 7.409028492481146 79.61043633803787 0
      vertex 7.795000000000001 79.8007764215492 0
    endloop
  endfacet
  facet normal 0 0 -1
    outer loop
      vertex 59.9 39.1712812921102 0
      vertex 7.795000000000001 79.8007764215492 0
      vertex 8.15282510143869 80.03986751044184 0
    endloop
  endfacet
  facet normal 0 0 -1
    outer loop
      vertex 59.93066675633984 39.40421843270247 0
      vertex 8.15282510143869 80.03986751044184 0
      vertex 8.476381310103742 80.32361868989626 0
    endloop
  endfacet
  facet normal 0 0 1
    outer loop
      vertex 55.28612759966309 33.453337570788804 2.4
      vertex 6.800561835020653 81.07940479473082 2.4
      vertex 4.3 77.74562934842088 2.4
    endloop
  endfacet
  facet normal 0 0 1
    outer loop
      vertex 55.28612759966309 33.453337570788804 2.4
      vertex 7 81.17775681356646 2.4
      vertex 6.800561835020653 81.07940479473082 2.4
    endloop
  endfacet
  facet normal 0 0 1
    outer loop
      vertex 55.28612759966309 33.453337570788804 2.4
      vertex 7.184894429314825 81.3012993215049 2.4
      vertex 7 81.17775681356646 2.4
    endloop
  endfacet
  facet normal 0 0 1
    outer loop
      vertex 55.28612759966309 33.453337570788804 2.4
      vertex 7.352081528017131 81.44791847198287 2.4
      vertex 7.184894429314825 81.3012993215049 2.4
    endloop
  endfacet
  facet normal 0 0 1
    outer loop
      vertex 55.28612759966309 33.453337570788804 2.4
      vertex 7.4987006784951 81.61510557068519 2.4
      vertex 7.352081528017131 81.44791847198287 2.4
    endloop
  endfacet
  facet normal 0 0 1
    outer loop
      vertex 55.28612759966309 33.453337570788804 2.4
      vertex 7.622243186433546 81.80000000000001 2.4
      vertex 7.4987006784951 81.61510557068519 2.4
    endloop
  endfacet
  facet normal 0 0 1
    outer loop
      vertex 55.28612759966309 33.453337570788804 2.4
      vertex 7.720595205269188 81.99943816497935 2.4
      vertex 7.622243186433546 81.80000000000001 2.4
    endloop
  endfacet
  facet normal 0 0 1
    outer loop
      vertex 55.28612759966309 33.453337570788804 2.4
      vertex 7.792073904691416 82.21000762332572 2.4
      vertex 7.720595205269188 81.99943816497935 2.4
    endloop
  endfacet
  facet normal 0 0 -1
    outer loop
      vertex 0 84.8 0
      vertex 2.888146406080164 83.07943117240397 0
      vertex 2.8600000000000003 82.65 0
    endloop
  endfacet
  facet normal 0 0 -1
    outer loop
      vertex 0 84.8 0
      vertex 2.972104031508966 83.50151465838731 0
      vertex 2.888146406080164 83.07943117240397 0
    endloop
  endfacet
  facet normal 0 0 -1
    outer loop
      vertex 0 84.8 0
      vertex 3.110436338037867 83.90902849248116 0
      vertex 2.972104031508966 83.50151465838731 0
    endloop
  endfacet
  facet normal 0 0 -1
    outer loop
      vertex 0 84.8 0
      vertex 3.3007764215491977 84.29500000000002 0
      vertex 3.110436338037867 83.90902849248116 0
    endloop
  endfacet
  facet normal 0 0 -1
    outer loop
      vertex 0 84.8 0
      vertex 0.03422055450475847 85.32210476888021 0
      vertex 0.13629669484372675 85.83527618041008 0
    endloop
  endfacet
  facet normal 0 0 -1
    outer loop
      vertex 0 84.8 0
      vertex 0.13629669484372675 85.83527618041008 0
      vertex 0.30448186995485305 86.33073372946036 0
    endloop
  endfacet
  facet normal 0 0 -1
    outer loop
      vertex 0 84.8 0
      vertex 3.539867510441837 84.65282510143871 0
      vertex 3.3007764215491977 84.29500000000002 0
    endloop
  endfacet
  facet normal 0 0 -1
    outer loop
      vertex 0 84.8 0
      vertex 3.823618689896259 84.97638131010375 0
      vertex 3.539867510441837 84.65282510143871 0
    endloop
  endfacet
  facet normal -0.9978589232386036 0.06540312923014265 6.88500583484067e-19
    outer loop
      vertex 0 84.8 0
      vertex 0.03422055450475847 85.32210476888021 2.4
      vertex 0.03422055450475847 85.32210476888021 0
    endloop
  endfacet
  facet normal -0.98078528040323 0.19509032201613116 0
    outer loop
      vertex 0.03422055450475847 85.32210476888021 0
      vertex 0.03422055450475847 85.32210476888021 2.4
      vertex 0.13629669484372675 85.83527618041008 0
    endloop
  endfacet
  facet normal 0 0 -1
    outer loop
      vertex 0 84.8 0
      vertex 0.30448186995485305 86.33073372946036 0
      vertex 1.1715728752538097 87.62842712474618 0
    endloop
  endfacet
  facet normal 0 0 -1
    outer loop
      vertex 0.30448186995485305 86.33073372946036 0
      vertex 0.5358983848622456 86.8 0
      vertex 1.1715728752538097 87.62842712474618 0
    endloop
  endfacet
  facet normal 0 0 -1
    outer loop
      vertex 0.5358983848622456 86.8 0
      vertex 0.8265866388350593 87.23504571603488 0
      vertex 1.1715728752538097 87.62842712474618 0
    endloop
  endfacet
  facet normal 0 0 -1
    outer loop
      vertex 0 84.8 0
      vertex 1.1715728752538097 87.62842712474618 0
      vertex 4 88.8 0
    endloop
  endfacet
  facet normal 0 0 -1
    outer loop
      vertex 1.1715728752538097 87.62842712474618 0
      vertex 1.5649542839651174 87.97341336116494 0
      vertex 2.4692662705396407 88.49551813004514 0
    endloop
  endfacet
  facet normal 0 0 -1
    outer loop
      vertex 1.5649542839651174 87.97341336116494 0
      vertex 2 88.26410161513775 0
      vertex 2.4692662705396407 88.49551813004514 0
    endloop
  endfacet
  facet normal 0 0 -1
    outer loop
      vertex 0 84.8 0
      vertex 4 88.8 0
      vertex 3.823618689896259 84.97638131010375 0
    endloop
  endfacet
  facet normal 0 0 -1
    outer loop
      vertex 4 88.8 0
      vertex 4.1471748985613095 85.26013248955817 0
      vertex 3.823618689896259 84.97638131010375 0
    endloop
  endfacet
  facet normal 0 0 -1
    outer loop
      vertex 4 88.8 0
      vertex 4.505 85.49922357845081 0
      vertex 4.1471748985613095 85.26013248955817 0
    endloop
  endfacet
  facet normal 0 0 -1
    outer loop
      vertex 4 88.8 0
      vertex 4.890971507518855 85.68956366196214 0
      vertex 4.505 85.49922357845081 0
    endloop
  endfacet
  facet normal 0 0 -1
    outer loop
      vertex 1.1715728752538097 87.62842712474618 0
      vertex 2.4692662705396407 88.49551813004514 0
      vertex 4 88.8 0
    endloop
  endfacet
  facet normal 0 0 -1
    outer loop
      vertex 2.4692662705396407 88.49551813004514 0
      vertex 2.964723819589917 88.66370330515628 0
      vertex 3.4778952311197937 88.76577944549524 0
    endloop
  endfacet
  facet normal 0 0 -1
    outer loop
      vertex 2.4692662705396407 88.49551813004514 0
      vertex 3.4778952311197937 88.76577944549524 0
      vertex 4 88.8 0
    endloop
  endfacet
  facet normal -0.9469301294951076 0.321439465303156 -3.0894930444195326e-18
    outer loop
      vertex 0.13629669484372675 85.83527618041008 0
      vertex 0.30448186995485305 86.33073372946036 2.4
      vertex 0.30448186995485305 86.33073372946036 0
    endloop
  endfacet
  facet normal -0.8968727415326857 0.4422886902190063 0
    outer loop
      vertex 0.30448186995485305 86.33073372946036 0
      vertex 0.30448186995485305 86.33073372946036 2.4
      vertex 0.5358983848622456 86.8 0
    endloop
  endfacet
  facet normal -0.8314696123025428 0.5555702330196058 0
    outer loop
      vertex 0.5358983848622456 86.8 0
      vertex 0.5358983848622456 86.8 2.4
      vertex 0.8265866388350593 87.23504571603488 0
    endloop
  endfacet
  facet normal -0.7518398074789765 0.6593458151000697 0
    outer loop
      vertex 0.8265866388350593 87.23504571603488 0
      vertex 0.8265866388350593 87.23504571603488 2.4
      vertex 1.1715728752538097 87.62842712474618 0
    endloop
  endfacet
  facet normal -0.6593458151000815 0.7518398074789663 -2.9991749316005238e-18
    outer loop
      vertex 1.1715728752538097 87.62842712474618 0
      vertex 1.5649542839651174 87.97341336116494 2.4
      vertex 1.5649542839651174 87.97341336116494 0
    endloop
  endfacet
  facet normal -0.5555702330195879 0.8314696123025549 -1.0959489548772856e-17
    outer loop
      vertex 1.5649542839651174 87.97341336116494 0
      vertex 2 88.26410161513775 2.4
      vertex 2 88.26410161513775 0
    endloop
  endfacet
  facet normal -0.44228869021900447 0.8968727415326868 5.007725220173653e-18
    outer loop
      vertex 2 88.26410161513775 0
      vertex 2.4692662705396407 88.49551813004514 2.4
      vertex 2.4692662705396407 88.49551813004514 0
    endloop
  endfacet
  facet normal -0.32143946530317463 0.9469301294951011 -1.6910009910371646e-18
    outer loop
      vertex 2.4692662705396407 88.49551813004514 0
      vertex 2.964723819589917 88.66370330515628 2.4
      vertex 2.964723819589917 88.66370330515628 0
    endloop
  endfacet
  facet normal -0.19509032201612297 0.9807852804032315 0
    outer loop
      vertex 2.964723819589917 88.66370330515628 0
      vertex 2.964723819589917 88.66370330515628 2.4
      vertex 3.4778952311197937 88.76577944549524 0
    endloop
  endfacet
  facet normal -0.06540312923013908 0.9978589232386038 0
    outer loop
      vertex 3.4778952311197937 88.76577944549524 0
      vertex 3.4778952311197937 88.76577944549524 2.4
      vertex 4 88.8 0
    endloop
  endfacet
  facet normal 0 0 -1
    outer loop
      vertex 4 88.8 0
      vertex 5.298485341612707 85.82789596849105 0
      vertex 4.890971507518855 85.68956366196214 0
    endloop
  endfacet
  facet normal 0 0 -1
    outer loop
      vertex 4 88.8 0
      vertex 5.720568827596031 85.91185359391984 0
      vertex 5.298485341612707 85.82789596849105 0
    endloop
  endfacet
  facet normal 0 0 -1
    outer loop
      vertex 4 88.8 0
      vertex 6.15 85.94 0
      vertex 5.720568827596031 85.91185359391984 0
    endloop
  endfacet
  facet normal 0 0 -1
    outer loop
      vertex 4 88.8 0
      vertex 6.57943117240397 85.91185359391984 0
      vertex 6.15 85.94 0
    endloop
  endfacet
  facet normal 0 0 -1
    outer loop
      vertex 4 88.8 0
      vertex 7.795000000000001 85.49922357845081 0
      vertex 7.409028492481146 85.68956366196214 0
    endloop
  endfacet
  facet normal 0 0 -1
    outer loop
      vertex 4 88.8 0
      vertex 7.001514658387293 85.82789596849105 0
      vertex 6.57943117240397 85.91185359391984 0
    endloop
  endfacet
  facet normal 0 0 -1
    outer loop
      vertex 4 88.8 0
      vertex 7.409028492481146 85.68956366196214 0
      vertex 7.001514658387293 85.82789596849105 0
    endloop
  endfacet
  facet normal -0.9978589232386036 0.06540312923014265 0
    outer loop
      vertex 0 84.8 0
      vertex 0 84.8 2.4
      vertex 0.03422055450475847 85.32210476888021 2.4
    endloop
  endfacet
  facet normal -0.98078528040323 0.19509032201613116 0
    outer loop
      vertex 0.13629669484372675 85.83527618041008 0
      vertex 0.03422055450475847 85.32210476888021 2.4
      vertex 0.13629669484372675 85.83527618041008 2.4
    endloop
  endfacet
  facet normal -0.9469301294951076 0.321439465303156 0
    outer loop
      vertex 0.13629669484372675 85.83527618041008 0
      vertex 0.13629669484372675 85.83527618041008 2.4
      vertex 0.30448186995485305 86.33073372946036 2.4
    endloop
  endfacet
  facet normal -0.8968727415326857 0.4422886902190063 0
    outer loop
      vertex 0.5358983848622456 86.8 0
      vertex 0.30448186995485305 86.33073372946036 2.4
      vertex 0.5358983848622456 86.8 2.4
    endloop
  endfacet
  facet normal -0.8314696123025428 0.5555702330196058 0
    outer loop
      vertex 0.8265866388350593 87.23504571603488 0
      vertex 0.5358983848622456 86.8 2.4
      vertex 0.8265866388350593 87.23504571603488 2.4
    endloop
  endfacet
  facet normal -0.7518398074789765 0.6593458151000697 0
    outer loop
      vertex 1.1715728752538097 87.62842712474618 0
      vertex 0.8265866388350593 87.23504571603488 2.4
      vertex 1.1715728752538097 87.62842712474618 2.4
    endloop
  endfacet
  facet normal -0.6593458151000815 0.7518398074789663 0
    outer loop
      vertex 1.1715728752538097 87.62842712474618 0
      vertex 1.1715728752538097 87.62842712474618 2.4
      vertex 1.5649542839651174 87.97341336116494 2.4
    endloop
  endfacet
  facet normal -0.5555702330195879 0.8314696123025549 0
    outer loop
      vertex 1.5649542839651174 87.97341336116494 0
      vertex 1.5649542839651174 87.97341336116494 2.4
      vertex 2 88.26410161513775 2.4
    endloop
  endfacet
  facet normal -0.44228869021900447 0.8968727415326868 0
    outer loop
      vertex 2 88.26410161513775 0
      vertex 2 88.26410161513775 2.4
      vertex 2.4692662705396407 88.49551813004514 2.4
    endloop
  endfacet
  facet normal -0.32143946530317463 0.9469301294951011 0
    outer loop
      vertex 2.4692662705396407 88.49551813004514 0
      vertex 2.4692662705396407 88.49551813004514 2.4
      vertex 2.964723819589917 88.66370330515628 2.4
    endloop
  endfacet
  facet normal -0.19509032201612297 0.9807852804032315 0
    outer loop
      vertex 3.4778952311197937 88.76577944549524 0
      vertex 2.964723819589917 88.66370330515628 2.4
      vertex 3.4778952311197937 88.76577944549524 2.4
    endloop
  endfacet
  facet normal -0.06540312923013908 0.9978589232386038 0
    outer loop
      vertex 4 88.8 0
      vertex 3.4778952311197937 88.76577944549524 2.4
      vertex 4 88.8 2.4
    endloop
  endfacet
  facet normal 0 0 1
    outer loop
      vertex 2.954002497704217 78.48489496347102 2.4
      vertex 3.5250000000000004 78.1033666301317 2.4
      vertex 2 88.26410161513775 2.4
    endloop
  endfacet
  facet normal 0 0 1
    outer loop
      vertex 2.6999999999999997 78.70764917549899 2.4
      vertex 2.954002497704217 78.48489496347102 2.4
      vertex 2 88.26410161513775 2.4
    endloop
  endfacet
  facet normal 0 0 1
    outer loop
      vertex 3.5250000000000004 78.1033666301317 2.4
      vertex 4.140911980083279 77.79963245431576 2.4
      vertex 2 88.26410161513775 2.4
    endloop
  endfacet
  facet normal 0 0 1
    outer loop
      vertex 4.3 77.74562934842088 2.4
      vertex 4.677756813566455 81.80000000000001 2.4
      vertex 4.579404794730813 81.99943816497935 2.4
    endloop
  endfacet
  facet normal 0 0 1
    outer loop
      vertex 4.140911980083279 77.79963245431576 2.4
      vertex 4.3 77.74562934842088 2.4
      vertex 2 88.26410161513775 2.4
    endloop
  endfacet
  facet normal 0 0 1
    outer loop
      vertex 4.3 77.74562934842088 2.4
      vertex 4.579404794730813 81.99943816497935 2.4
      vertex 2 88.26410161513775 2.4
    endloop
  endfacet
  facet normal 0 0 1
    outer loop
      vertex 4.3 77.74562934842088 2.4
      vertex 5.300000000000001 81.17775681356646 2.4
      vertex 5.115105570685175 81.3012993215049 2.4
    endloop
  endfacet
  facet normal 0 0 1
    outer loop
      vertex 4.3 77.74562934842088 2.4
      vertex 5.499438164979348 81.07940479473082 2.4
      vertex 5.300000000000001 81.17775681356646 2.4
    endloop
  endfacet
  facet normal 0 0 1
    outer loop
      vertex 4.3 77.74562934842088 2.4
      vertex 5.115105570685175 81.3012993215049 2.4
      vertex 4.947918471982869 81.44791847198287 2.4
    endloop
  endfacet
  facet normal 0 0 1
    outer loop
      vertex 4.3 77.74562934842088 2.4
      vertex 4.947918471982869 81.44791847198287 2.4
      vertex 4.801299321504901 81.61510557068519 2.4
    endloop
  endfacet
  facet normal 0 0 1
    outer loop
      vertex 4.3 77.74562934842088 2.4
      vertex 4.801299321504901 81.61510557068519 2.4
      vertex 4.677756813566455 81.80000000000001 2.4
    endloop
  endfacet
  facet normal 0 0 1
    outer loop
      vertex 4.3 77.74562934842088 2.4
      vertex 5.7100076233257155 81.00792609530859 2.4
      vertex 5.499438164979348 81.07940479473082 2.4
    endloop
  endfacet
  facet normal 0 0 1
    outer loop
      vertex 4.3 77.74562934842088 2.4
      vertex 5.928105473225913 80.96454373566453 2.4
      vertex 5.7100076233257155 81.00792609530859 2.4
    endloop
  endfacet
  facet normal 0 0 1
    outer loop
      vertex 4.3 77.74562934842088 2.4
      vertex 6.15 80.95 2.4
      vertex 5.928105473225913 80.96454373566453 2.4
    endloop
  endfacet
  facet normal 0 0 1
    outer loop
      vertex 4.3 77.74562934842088 2.4
      vertex 6.371894526774088 80.96454373566453 2.4
      vertex 6.15 80.95 2.4
    endloop
  endfacet
  facet normal 0 0 1
    outer loop
      vertex 4.3 77.74562934842088 2.4
      vertex 6.589992376674285 81.00792609530859 2.4
      vertex 6.371894526774088 80.96454373566453 2.4
    endloop
  endfacet
  facet normal 0 0 1
    outer loop
      vertex 4.3 77.74562934842088 2.4
      vertex 6.800561835020653 81.07940479473082 2.4
      vertex 6.589992376674285 81.00792609530859 2.4
    endloop
  endfacet
  facet normal 0 0 1
    outer loop
      vertex 0.03422055450475847 85.32210476888021 2.4
      vertex 0.30448186995485305 86.33073372946036 2.4
      vertex 0.13629669484372675 85.83527618041008 2.4
    endloop
  endfacet
  facet normal 0 0 1
    outer loop
      vertex 0 84.8 2.4
      vertex 0.8265866388350593 87.23504571603488 2.4
      vertex 0.03422055450475847 85.32210476888021 2.4
    endloop
  endfacet
  facet normal 0 0 1
    outer loop
      vertex 2 88.26410161513775 2.4
      vertex 4.579404794730813 81.99943816497935 2.4
      vertex 4.5079260953085845 82.21000762332572 2.4
    endloop
  endfacet
  facet normal 0 0 1
    outer loop
      vertex 2 88.26410161513775 2.4
      vertex 4.5079260953085845 82.21000762332572 2.4
      vertex 4.464543735664523 82.42810547322591 2.4
    endloop
  endfacet
  facet normal 0 0 1
    outer loop
      vertex 2 88.26410161513775 2.4
      vertex 4.464543735664523 82.42810547322591 2.4
      vertex 4.45 82.65 2.4
    endloop
  endfacet
  facet normal 0 0 1
    outer loop
      vertex 2 88.26410161513775 2.4
      vertex 4.45 82.65 2.4
      vertex 4.464543735664523 82.8718945267741 2.4
    endloop
  endfacet
  facet normal 0 0 1
    outer loop
      vertex 2 88.26410161513775 2.4
      vertex 4.464543735664523 82.8718945267741 2.4
      vertex 4.5079260953085845 83.08999237667429 2.4
    endloop
  endfacet
  facet normal 0 0 1
    outer loop
      vertex 2 88.26410161513775 2.4
      vertex 4.5079260953085845 83.08999237667429 2.4
      vertex 4.579404794730813 83.30056183502066 2.4
    endloop
  endfacet
  facet normal 0 0 1
    outer loop
      vertex 2 88.26410161513775 2.4
      vertex 4.579404794730813 83.30056183502066 2.4
      vertex 4.677756813566455 83.5 2.4
    endloop
  endfacet
  facet normal 0 0 1
    outer loop
      vertex 2 88.26410161513775 2.4
      vertex 4.677756813566455 83.5 2.4
      vertex 4.801299321504901 83.68489442931482 2.4
    endloop
  endfacet
  facet normal 0 0 1
    outer loop
      vertex 2 88.26410161513775 2.4
      vertex 4.801299321504901 83.68489442931482 2.4
      vertex 4.947918471982869 83.85208152801714 2.4
    endloop
  endfacet
  facet normal 0 0 1
    outer loop
      vertex 2 88.26410161513775 2.4
      vertex 4.947918471982869 83.85208152801714 2.4
      vertex 5.115105570685175 83.99870067849511 2.4
    endloop
  endfacet
  facet normal 0 0 1
    outer loop
      vertex 2 88.26410161513775 2.4
      vertex 5.115105570685175 83.99870067849511 2.4
      vertex 5.300000000000001 84.12224318643355 2.4
    endloop
  endfacet
  facet normal 0 0 1
    outer loop
      vertex 2 88.26410161513775 2.4
      vertex 5.300000000000001 84.12224318643355 2.4
      vertex 5.499438164979348 84.22059520526919 2.4
    endloop
  endfacet
  facet normal 0 0 1
    outer loop
      vertex 2 88.26410161513775 2.4
      vertex 5.499438164979348 84.22059520526919 2.4
      vertex 5.7100076233257155 84.29207390469142 2.4
    endloop
  endfacet
  facet normal 0 0 1
    outer loop
      vertex 0.03422055450475847 85.32210476888021 2.4
      vertex 0.8265866388350593 87.23504571603488 2.4
      vertex 0.30448186995485305 86.33073372946036 2.4
    endloop
  endfacet
  facet normal 0 0 1
    outer loop
      vertex 0.30448186995485305 86.33073372946036 2.4
      vertex 0.8265866388350593 87.23504571603488 2.4
      vertex 0.5358983848622456 86.8 2.4
    endloop
  endfacet
  facet normal 0 0 1
    outer loop
      vertex 0.8265866388350593 87.23504571603488 2.4
      vertex 1.5649542839651174 87.97341336116494 2.4
      vertex 1.1715728752538097 87.62842712474618 2.4
    endloop
  endfacet
  facet normal 0 0 1
    outer loop
      vertex 0.8265866388350593 87.23504571603488 2.4
      vertex 2 88.26410161513775 2.4
      vertex 1.5649542839651174 87.97341336116494 2.4
    endloop
  endfacet
  facet normal 0 0 1
    outer loop
      vertex 2 88.26410161513775 2.4
      vertex 2.964723819589917 88.66370330515628 2.4
      vertex 2.4692662705396407 88.49551813004514 2.4
    endloop
  endfacet
  facet normal 0 0 1
    outer loop
      vertex 2 88.26410161513775 2.4
      vertex 4 88.8 2.4
      vertex 2.964723819589917 88.66370330515628 2.4
    endloop
  endfacet
  facet normal 0 0 1
    outer loop
      vertex 2.964723819589917 88.66370330515628 2.4
      vertex 4 88.8 2.4
      vertex 3.4778952311197937 88.76577944549524 2.4
    endloop
  endfacet
  facet normal 0 0 1
    outer loop
      vertex 2 88.26410161513775 2.4
      vertex 5.7100076233257155 84.29207390469142 2.4
      vertex 5.928105473225913 84.33545626433548 2.4
    endloop
  endfacet
  facet normal 0 0 1
    outer loop
      vertex 2 88.26410161513775 2.4
      vertex 5.928105473225913 84.33545626433548 2.4
      vertex 6.15 84.35000000000001 2.4
    endloop
  endfacet
  facet normal 0 0 1
    outer loop
      vertex 2 88.26410161513775 2.4
      vertex 6.15 84.35000000000001 2.4
      vertex 6.371894526774088 84.33545626433548 2.4
    endloop
  endfacet
  facet normal 0 0 1
    outer loop
      vertex 2 88.26410161513775 2.4
      vertex 6.371894526774088 84.33545626433548 2.4
      vertex 6.589992376674285 84.29207390469142 2.4
    endloop
  endfacet
  facet normal 0 0 1
    outer loop
      vertex 2 88.26410161513775 2.4
      vertex 6.589992376674285 84.29207390469142 2.4
      vertex 6.800561835020653 84.22059520526919 2.4
    endloop
  endfacet
  facet normal 0 0 1
    outer loop
      vertex 2 88.26410161513775 2.4
      vertex 6.800561835020653 84.22059520526919 2.4
      vertex 7 84.12224318643355 2.4
    endloop
  endfacet
  facet normal 0 0 1
    outer loop
      vertex 2 88.26410161513775 2.4
      vertex 7 84.12224318643355 2.4
      vertex 7.184894429314825 83.99870067849511 2.4
    endloop
  endfacet
  facet normal 0 0 1
    outer loop
      vertex 2 88.26410161513775 2.4
      vertex 11.054370651579129 84.5 2.4
      vertex 11.000367545684256 84.65908801991672 2.4
    endloop
  endfacet
  facet normal 0 0 1
    outer loop
      vertex 2 88.26410161513775 2.4
      vertex 11.000367545684256 84.65908801991672 2.4
      vertex 10.696633369868303 85.275 2.4
    endloop
  endfacet
  facet normal 0 0 1
    outer loop
      vertex 2 88.26410161513775 2.4
      vertex 10.696633369868303 85.275 2.4
      vertex 10.315105036528985 85.84599750229579 2.4
    endloop
  endfacet
  facet normal 0 0 1
    outer loop
      vertex 2 88.26410161513775 2.4
      vertex 10.315105036528985 85.84599750229579 2.4
      vertex 10.092350824501013 86.10000000000001 2.4
    endloop
  endfacet
  facet normal 0 0 -1
    outer loop
      vertex 60.02057713659401 39.621281292110204 0
      vertex 8.476381310103742 80.32361868989626 0
      vertex 8.760132489558163 80.6471748985613 0
    endloop
  endfacet
  facet normal 0 0 -1
    outer loop
      vertex 60.1636038969321 39.807677395178096 0
      vertex 8.760132489558163 80.6471748985613 0
      vertex 8.999223578450804 81.005 0
    endloop
  endfacet
  facet normal 0 0 -1
    outer loop
      vertex 60.25211471389215 39.88529929837232 0
      vertex 8.999223578450804 81.005 0
      vertex 9.189563661962135 81.39097150751886 0
    endloop
  endfacet
  facet normal 0 0 -1
    outer loop
      vertex 60.35 39.9507041555162 0
      vertex 9.189563661962135 81.39097150751886 0
      vertex 9.327895968491035 81.7984853416127 0
    endloop
  endfacet
  facet normal 0 0 -1
    outer loop
      vertex 60.455584910871416 40.00277287137036 0
      vertex 9.327895968491035 81.7984853416127 0
      vertex 9.411853593919837 82.22056882759604 0
    endloop
  endfacet
  facet normal 0 0 -1
    outer loop
      vertex 60.56706285940773 40.040614535770366 0
      vertex 9.411853593919837 82.22056882759604 0
      vertex 9.44 82.65 0
    endloop
  endfacet
  facet normal 0 0 -1
    outer loop
      vertex 60.68252642700195 40.06358166734663 0
      vertex 9.44 82.65 0
      vertex 9.411853593919837 83.07943117240397 0
    endloop
  endfacet
  facet normal 0 0 -1
    outer loop
      vertex 60.8 40.0712812921102 0
      vertex 9.411853593919837 83.07943117240397 0
      vertex 9.327895968491035 83.50151465838731 0
    endloop
  endfacet
  facet normal 0 0 -1
    outer loop
      vertex 60.91747357299805 40.06358166734663 0
      vertex 9.327895968491035 83.50151465838731 0
      vertex 9.189563661962135 83.90902849248116 0
    endloop
  endfacet
  facet normal 0 0 -1
    outer loop
      vertex 61.03293714059227 40.040614535770366 0
      vertex 9.189563661962135 83.90902849248116 0
      vertex 8.999223578450804 84.29500000000002 0
    endloop
  endfacet
  facet normal 0 0 -1
    outer loop
      vertex 64.34441508912857 40.00277287137036 0
      vertex 8.999223578450804 84.29500000000002 0
      vertex 8.760132489558163 84.65282510143871 0
    endloop
  endfacet
  facet normal 0 0 1
    outer loop
      vertex 57.71253699663285 42.50882072024251 2.4
      vertex 2 88.26410161513775 2.4
      vertex 7.184894429314825 83.99870067849511 2.4
    endloop
  endfacet
  facet normal 0 0 1
    outer loop
      vertex 54.699999999999996 36.4 2.4
      vertex 7.835456264335478 82.42810547322591 2.4
      vertex 7.792073904691416 82.21000762332572 2.4
    endloop
  endfacet
  facet normal 0 0 1
    outer loop
      vertex 54.96237113757417 38.39290664728941 2.4
      vertex 7.8500000000000005 82.65 2.4
      vertex 7.835456264335478 82.42810547322591 2.4
    endloop
  endfacet
  facet normal 0 0 1
    outer loop
      vertex 55.28612759966309 39.34666242921119 2.4
      vertex 7.835456264335478 82.8718945267741 2.4
      vertex 7.8500000000000005 82.65 2.4
    endloop
  endfacet
  facet normal 0 0 1
    outer loop
      vertex 56.291179279757486 41.08746300336715 2.4
      vertex 7.792073904691416 83.08999237667429 2.4
      vertex 7.835456264335478 82.8718945267741 2.4
    endloop
  endfacet
  facet normal 0 0 1
    outer loop
      vertex 56.95527778486358 41.844722215136414 2.4
      vertex 7.720595205269188 83.30056183502066 2.4
      vertex 7.792073904691416 83.08999237667429 2.4
    endloop
  endfacet
  facet normal 0 0 1
    outer loop
      vertex 56.95527778486358 41.844722215136414 2.4
      vertex 7.622243186433546 83.5 2.4
      vertex 7.720595205269188 83.30056183502066 2.4
    endloop
  endfacet
  facet normal 0 0 1
    outer loop
      vertex 57.71253699663285 42.50882072024251 2.4
      vertex 7.4987006784951 83.68489442931482 2.4
      vertex 7.622243186433546 83.5 2.4
    endloop
  endfacet
  facet normal 0 0 1
    outer loop
      vertex 57.71253699663285 42.50882072024251 2.4
      vertex 7.352081528017131 83.85208152801714 2.4
      vertex 7.4987006784951 83.68489442931482 2.4
    endloop
  endfacet
  facet normal 0 0 1
    outer loop
      vertex 57.71253699663285 42.50882072024251 2.4
      vertex 7.184894429314825 83.99870067849511 2.4
      vertex 7.352081528017131 83.85208152801714 2.4
    endloop
  endfacet
  facet normal 0 0 1
    outer loop
      vertex 58.55 43.068395609140175 2.4
      vertex 11.054370651579129 84.5 2.4
      vertex 2 88.26410161513775 2.4
    endloop
  endfacet
  facet normal 0 0 1
    outer loop
      vertex 58.55 43.068395609140175 2.4
      vertex 23.7 84.5 2.4
      vertex 11.054370651579129 84.5 2.4
    endloop
  endfacet
  facet normal 0 0 1
    outer loop
      vertex 23.7 84.5 2.4
      vertex 61.099999999999994 86.10000000000001 2.4
      vertex 23.7 86.10000000000001 2.4
    endloop
  endfacet
  facet normal 0 0 -1
    outer loop
      vertex 59.9 39.1712812921102 0
      vertex 8.15282510143869 80.03986751044184 0
      vertex 59.907699624763566 39.288754865108245 0
    endloop
  endfacet
  facet normal 0 0 -1
    outer loop
      vertex 59.907699624763566 39.288754865108245 0
      vertex 8.15282510143869 80.03986751044184 0
      vertex 59.93066675633984 39.40421843270247 0
    endloop
  endfacet
  facet normal 0 0 -1
    outer loop
      vertex 59.93066675633984 39.40421843270247 0
      vertex 8.476381310103742 80.32361868989626 0
      vertex 59.96850842073984 39.51569638123878 0
    endloop
  endfacet
  facet normal 0 0 -1
    outer loop
      vertex 59.96850842073984 39.51569638123878 0
      vertex 8.476381310103742 80.32361868989626 0
      vertex 60.02057713659401 39.621281292110204 0
    endloop
  endfacet
  facet normal 0 0 -1
    outer loop
      vertex 60.02057713659401 39.621281292110204 0
      vertex 8.760132489558163 80.6471748985613 0
      vertex 60.08598199373789 39.71916657821805 0
    endloop
  endfacet
  facet normal 0 0 -1
    outer loop
      vertex 60.08598199373789 39.71916657821805 0
      vertex 8.760132489558163 80.6471748985613 0
      vertex 60.1636038969321 39.807677395178096 0
    endloop
  endfacet
  facet normal 0 0 -1
    outer loop
      vertex 60.25211471389215 39.88529929837232 0
      vertex 60.1636038969321 39.807677395178096 0
      vertex 8.999223578450804 81.005 0
    endloop
  endfacet
  facet normal 0 0 -1
    outer loop
      vertex 60.35 39.9507041555162 0
      vertex 60.25211471389215 39.88529929837232 0
      vertex 9.189563661962135 81.39097150751886 0
    endloop
  endfacet
  facet normal 0 0 -1
    outer loop
      vertex 60.455584910871416 40.00277287137036 0
      vertex 60.35 39.9507041555162 0
      vertex 9.327895968491035 81.7984853416127 0
    endloop
  endfacet
  facet normal 0 0 -1
    outer loop
      vertex 60.56706285940773 40.040614535770366 0
      vertex 60.455584910871416 40.00277287137036 0
      vertex 9.411853593919837 82.22056882759604 0
    endloop
  endfacet
  facet normal 0 0 -1
    outer loop
      vertex 60.68252642700195 40.06358166734663 0
      vertex 60.56706285940773 40.040614535770366 0
      vertex 9.44 82.65 0
    endloop
  endfacet
  facet normal 0 0 -1
    outer loop
      vertex 60.8 40.0712812921102 0
      vertex 60.68252642700195 40.06358166734663 0
      vertex 9.411853593919837 83.07943117240397 0
    endloop
  endfacet
  facet normal 0 0 -1
    outer loop
      vertex 60.91747357299805 40.06358166734663 0
      vertex 60.8 40.0712812921102 0
      vertex 9.327895968491035 83.50151465838731 0
    endloop
  endfacet
  facet normal 0 0 -1
    outer loop
      vertex 61.03293714059227 40.040614535770366 0
      vertex 60.91747357299805 40.06358166734663 0
      vertex 9.189563661962135 83.90902849248116 0
    endloop
  endfacet
  facet normal 0 0 -1
    outer loop
      vertex 61.14441508912858 40.00277287137036 0
      vertex 61.03293714059227 40.040614535770366 0
      vertex 8.999223578450804 84.29500000000002 0
    endloop
  endfacet
  facet normal 0 0 -1
    outer loop
      vertex 61.14441508912858 40.00277287137036 0
      vertex 8.999223578450804 84.29500000000002 0
      vertex 63.65558491087142 40.00277287137036 0
    endloop
  endfacet
  facet normal 0 0 -1
    outer loop
      vertex 63.76706285940773 40.040614535770366 0
      vertex 63.65558491087142 40.00277287137036 0
      vertex 8.999223578450804 84.29500000000002 0
    endloop
  endfacet
  facet normal 0 0 -1
    outer loop
      vertex 63.88252642700195 40.06358166734663 0
      vertex 63.76706285940773 40.040614535770366 0
      vertex 8.999223578450804 84.29500000000002 0
    endloop
  endfacet
  facet normal 0 0 -1
    outer loop
      vertex 64.23293714059227 40.040614535770366 0
      vertex 64.11747357299805 40.06358166734663 0
      vertex 8.999223578450804 84.29500000000002 0
    endloop
  endfacet
  facet normal 0 0 -1
    outer loop
      vertex 64.34441508912857 40.00277287137036 0
      vertex 64.23293714059227 40.040614535770366 0
      vertex 8.999223578450804 84.29500000000002 0
    endloop
  endfacet
  facet normal 0 0 -1
    outer loop
      vertex 64 40.0712812921102 0
      vertex 63.88252642700195 40.06358166734663 0
      vertex 8.999223578450804 84.29500000000002 0
    endloop
  endfacet
  facet normal 0 0 -1
    outer loop
      vertex 64.11747357299805 40.06358166734663 0
      vertex 64 40.0712812921102 0
      vertex 8.999223578450804 84.29500000000002 0
    endloop
  endfacet
  facet normal 0 0 -1
    outer loop
      vertex 64.45 39.9507041555162 0
      vertex 64.34441508912857 40.00277287137036 0
      vertex 8.760132489558163 84.65282510143871 0
    endloop
  endfacet
  facet normal 0 0 1
    outer loop
      vertex 55.28612759966309 33.453337570788804 2.4
      vertex 54.96237113757417 34.40709335271059 2.4
      vertex 7.792073904691416 82.21000762332572 2.4
    endloop
  endfacet
  facet normal 0 0 1
    outer loop
      vertex 54.96237113757417 34.40709335271059 2.4
      vertex 54.76587456742166 35.3949483199056 2.4
      vertex 7.792073904691416 82.21000762332572 2.4
    endloop
  endfacet
  facet normal 0 0 1
    outer loop
      vertex 54.76587456742166 35.3949483199056 2.4
      vertex 54.699999999999996 36.4 2.4
      vertex 7.792073904691416 82.21000762332572 2.4
    endloop
  endfacet
  facet normal 0 0 1
    outer loop
      vertex 54.699999999999996 36.4 2.4
      vertex 54.76587456742166 37.405051680094395 2.4
      vertex 7.835456264335478 82.42810547322591 2.4
    endloop
  endfacet
  facet normal 0 0 1
    outer loop
      vertex 54.76587456742166 37.405051680094395 2.4
      vertex 54.96237113757417 38.39290664728941 2.4
      vertex 7.835456264335478 82.42810547322591 2.4
    endloop
  endfacet
  facet normal 0 0 1
    outer loop
      vertex 54.96237113757417 38.39290664728941 2.4
      vertex 55.28612759966309 39.34666242921119 2.4
      vertex 7.8500000000000005 82.65 2.4
    endloop
  endfacet
  facet normal 0 0 1
    outer loop
      vertex 55.28612759966309 39.34666242921119 2.4
      vertex 55.73160439085982 40.25 2.4
      vertex 7.835456264335478 82.8718945267741 2.4
    endloop
  endfacet
  facet normal 0 0 1
    outer loop
      vertex 55.73160439085982 40.25 2.4
      vertex 56.291179279757486 41.08746300336715 2.4
      vertex 7.835456264335478 82.8718945267741 2.4
    endloop
  endfacet
  facet normal 0 0 1
    outer loop
      vertex 56.291179279757486 41.08746300336715 2.4
      vertex 56.95527778486358 41.844722215136414 2.4
      vertex 7.792073904691416 83.08999237667429 2.4
    endloop
  endfacet
  facet normal 0 0 -1
    outer loop
      vertex 4 88.8 0
      vertex 136.64717489856133 8.760132489558163 0
      vertex 7.795000000000001 85.49922357845081 0
    endloop
  endfacet
  facet normal 0 0 -1
    outer loop
      vertex 136.64717489856133 8.760132489558163 0
      vertex 8.760132489558163 84.65282510143871 0
      vertex 8.476381310103742 84.97638131010375 0
    endloop
  endfacet
  facet normal 0 0 -1
    outer loop
      vertex 136.64717489856133 8.760132489558163 0
      vertex 8.15282510143869 85.26013248955817 0
      vertex 7.795000000000001 85.49922357845081 0
    endloop
  endfacet
  facet normal 0 0 -1
    outer loop
      vertex 136.64717489856133 8.760132489558163 0
      vertex 8.476381310103742 84.97638131010375 0
      vertex 8.15282510143869 85.26013248955817 0
    endloop
  endfacet
  facet normal 0 0 1
    outer loop
      vertex 57.71253699663285 42.50882072024251 2.4
      vertex 58.55 43.068395609140175 2.4
      vertex 2 88.26410161513775 2.4
    endloop
  endfacet
  facet normal 0 0 1
    outer loop
      vertex 56.95527778486358 41.844722215136414 2.4
      vertex 57.71253699663285 42.50882072024251 2.4
      vertex 7.622243186433546 83.5 2.4
    endloop
  endfacet
  facet normal 0 0 -1
    outer loop
      vertex 136.64717489856133 8.760132489558163 0
      vertex 64.45 39.9507041555162 0
      vertex 8.760132489558163 84.65282510143871 0
    endloop
  endfacet
  facet normal 0 0 1
    outer loop
      vertex 58.55 43.068395609140175 2.4
      vertex 61.099999999999994 84.5 2.4
      vertex 23.7 84.5 2.4
    endloop
  endfacet
  facet normal 0 1 0
    outer loop
      vertex 4 88.8 0
      vertex 4 88.8 2.4
      vertex 140.8 88.8 0
    endloop
  endfacet
  facet normal 0 0 1
    outer loop
      vertex 23.7 84.5 2.4
      vertex 61.099999999999994 84.5 2.4
      vertex 61.099999999999994 86.10000000000001 2.4
    endloop
  endfacet
  facet normal 0 0 1
    outer loop
      vertex 2 88.26410161513775 2.4
      vertex 142.8 88.26410161513775 2.4
      vertex 4 88.8 2.4
    endloop
  endfacet
  facet normal 0 0 1
    outer loop
      vertex 2 88.26410161513775 2.4
      vertex 10.092350824501013 86.10000000000001 2.4
      vertex 142.8 88.26410161513775 2.4
    endloop
  endfacet
  facet normal 0 0 1
    outer loop
      vertex 10.092350824501013 86.10000000000001 2.4
      vertex 23.7 86.10000000000001 2.4
      vertex 142.8 88.26410161513775 2.4
    endloop
  endfacet
  facet normal 0 0 1
    outer loop
      vertex 11.054370651579129 4.3 2.4
      vertex 133.74562934842086 4.3 2.4
      vertex 120.00842142333985 39.97566541587857 2.4
    endloop
  endfacet
  facet normal 0 0 -1
    outer loop
      vertex 2 0.5358983848622456 0
      vertex 137.005 3.3007764215491977 0
      vertex 137.39097150751888 3.110436338037867 0
    endloop
  endfacet
  facet normal 0 0 -1
    outer loop
      vertex 2 0.5358983848622456 0
      vertex 136.64717489856133 3.539867510441837 0
      vertex 137.005 3.3007764215491977 0
    endloop
  endfacet
  facet normal 0 0 -1
    outer loop
      vertex 2 0.5358983848622456 0
      vertex 136.32361868989625 3.823618689896259 0
      vertex 136.64717489856133 3.539867510441837 0
    endloop
  endfacet
  facet normal 0 0 -1
    outer loop
      vertex 2 0.5358983848622456 0
      vertex 137.39097150751888 3.110436338037867 0
      vertex 137.79848534161272 2.972104031508966 0
    endloop
  endfacet
  facet normal 0 0 -1
    outer loop
      vertex 2 0.5358983848622456 0
      vertex 137.79848534161272 2.972104031508966 0
      vertex 138.22056882759603 2.888146406080164 0
    endloop
  endfacet
  facet normal 0 0 -1
    outer loop
      vertex 2 0.5358983848622456 0
      vertex 138.65 2.8600000000000003 0
      vertex 142.8 0.5358983848622456 0
    endloop
  endfacet
  facet normal 0 0 -1
    outer loop
      vertex 2 0.5358983848622456 0
      vertex 138.22056882759603 2.888146406080164 0
      vertex 138.65 2.8600000000000003 0
    endloop
  endfacet
  facet normal 0 0 -1
    outer loop
      vertex 2 0.5358983848622456 0
      vertex 135.8007764215492 4.505 0
      vertex 136.03986751044184 4.1471748985613095 0
    endloop
  endfacet
  facet normal 0 0 -1
    outer loop
      vertex 2 0.5358983848622456 0
      vertex 136.03986751044184 4.1471748985613095 0
      vertex 136.32361868989625 3.823618689896259 0
    endloop
  endfacet
  facet normal 0 0 -1
    outer loop
      vertex 2 0.5358983848622456 0
      vertex 135.61043633803786 4.890971507518855 0
      vertex 135.8007764215492 4.505 0
    endloop
  endfacet
  facet normal 0 0 -1
    outer loop
      vertex 2 0.5358983848622456 0
      vertex 135.472104031509 5.298485341612707 0
      vertex 135.61043633803786 4.890971507518855 0
    endloop
  endfacet
  facet normal 0 0 -1
    outer loop
      vertex 2 0.5358983848622456 0
      vertex 135.38814640608015 5.720568827596031 0
      vertex 135.472104031509 5.298485341612707 0
    endloop
  endfacet
  facet normal 0 0 -1
    outer loop
      vertex 2 0.5358983848622456 0
      vertex 135.35999999999999 6.15 0
      vertex 135.38814640608015 5.720568827596031 0
    endloop
  endfacet
  facet normal 0 0 -1
    outer loop
      vertex 2 0.5358983848622456 0
      vertex 135.38814640608015 6.57943117240397 0
      vertex 135.35999999999999 6.15 0
    endloop
  endfacet
  facet normal 0 0 -1
    outer loop
      vertex 2 0.5358983848622456 0
      vertex 135.472104031509 7.001514658387293 0
      vertex 135.38814640608015 6.57943117240397 0
    endloop
  endfacet
  facet normal 0 0 -1
    outer loop
      vertex 2 0.5358983848622456 0
      vertex 135.61043633803786 7.409028492481146 0
      vertex 135.472104031509 7.001514658387293 0
    endloop
  endfacet
  facet normal 0 0 -1
    outer loop
      vertex 2 0.5358983848622456 0
      vertex 135.8007764215492 7.795000000000001 0
      vertex 135.61043633803786 7.409028492481146 0
    endloop
  endfacet
  facet normal 0 0 -1
    outer loop
      vertex 2 0.5358983848622456 0
      vertex 136.03986751044184 8.15282510143869 0
      vertex 135.8007764215492 7.795000000000001 0
    endloop
  endfacet
  facet normal 0 0 -1
    outer loop
      vertex 4 0 0
      vertex 142.8 0.5358983848622456 0
      vertex 140.8 0 0
    endloop
  endfacet
  facet normal 0 -1 0
    outer loop
      vertex 4 0 0
      vertex 140.8 0 0
      vertex 140.8 0 2.4
    endloop
  endfacet
  facet normal 0 0 -1
    outer loop
      vertex 2 0.5358983848622456 0
      vertex 136.32361868989625 8.476381310103742 0
      vertex 136.03986751044184 8.15282510143869 0
    endloop
  endfacet
  facet normal 0 0 -1
    outer loop
      vertex 2 0.5358983848622456 0
      vertex 136.64717489856133 8.760132489558163 0
      vertex 136.32361868989625 8.476381310103742 0
    endloop
  endfacet
  facet normal 0 0 1
    outer loop
      vertex 2 0.5358983848622456 2.4
      vertex 142.8 0.5358983848622456 2.4
      vertex 134.707649175499 2.6999999999999997 2.4
    endloop
  endfacet
  facet normal 0 0 1
    outer loop
      vertex 4 0 2.4
      vertex 140.8 0 2.4
      vertex 142.8 0.5358983848622456 2.4
    endloop
  endfacet
  facet normal 0 0 -1
    outer loop
      vertex 60.68252642700195 32.736418332653365 0
      vertex 60.8 32.7287187078898 0
      vertex 136.64717489856133 8.760132489558163 0
    endloop
  endfacet
  facet normal 0 0 -1
    outer loop
      vertex 60.8 32.7287187078898 0
      vertex 60.91747357299805 32.736418332653365 0
      vertex 136.64717489856133 8.760132489558163 0
    endloop
  endfacet
  facet normal 0 0 -1
    outer loop
      vertex 60.91747357299805 32.736418332653365 0
      vertex 61.03293714059227 32.75938546422963 0
      vertex 136.64717489856133 8.760132489558163 0
    endloop
  endfacet
  facet normal 0 0 -1
    outer loop
      vertex 61.03293714059227 32.75938546422963 0
      vertex 61.14441508912858 32.797227128629636 0
      vertex 136.64717489856133 8.760132489558163 0
    endloop
  endfacet
  facet normal 0 0 -1
    outer loop
      vertex 61.14441508912858 32.797227128629636 0
      vertex 61.25 32.8492958444838 0
      vertex 136.64717489856133 8.760132489558163 0
    endloop
  endfacet
  facet normal 0 0 -1
    outer loop
      vertex 136.64717489856133 8.760132489558163 0
      vertex 61.25 32.8492958444838 0
      vertex 63.76706285940773 32.75938546422963 0
    endloop
  endfacet
  facet normal 0 0 -1
    outer loop
      vertex 136.64717489856133 8.760132489558163 0
      vertex 63.76706285940773 32.75938546422963 0
      vertex 63.88252642700195 32.736418332653365 0
    endloop
  endfacet
  facet normal 0 0 -1
    outer loop
      vertex 136.64717489856133 8.760132489558163 0
      vertex 63.88252642700195 32.736418332653365 0
      vertex 64 32.7287187078898 0
    endloop
  endfacet
  facet normal 0 0 -1
    outer loop
      vertex 136.64717489856133 8.760132489558163 0
      vertex 64 32.7287187078898 0
      vertex 64.11747357299805 32.736418332653365 0
    endloop
  endfacet
  facet normal 0 0 -1
    outer loop
      vertex 136.64717489856133 8.760132489558163 0
      vertex 64.11747357299805 32.736418332653365 0
      vertex 64.23293714059227 32.75938546422963 0
    endloop
  endfacet
  facet normal 0 0 -1
    outer loop
      vertex 136.64717489856133 8.760132489558163 0
      vertex 64.23293714059227 32.75938546422963 0
      vertex 64.34441508912857 32.797227128629636 0
    endloop
  endfacet
  facet normal 0 0 -1
    outer loop
      vertex 136.64717489856133 8.760132489558163 0
      vertex 64.34441508912857 32.797227128629636 0
      vertex 64.45 32.8492958444838 0
    endloop
  endfacet
  facet normal 0 0 -1
    outer loop
      vertex 136.64717489856133 8.760132489558163 0
      vertex 64.45 32.8492958444838 0
      vertex 64.54788528610784 32.91470070162768 0
    endloop
  endfacet
  facet normal 0 0 -1
    outer loop
      vertex 136.64717489856133 8.760132489558163 0
      vertex 64.54788528610784 32.91470070162768 0
      vertex 64.6363961030679 32.9923226048219 0
    endloop
  endfacet
  facet normal 0 0 -1
    outer loop
      vertex 136.64717489856133 8.760132489558163 0
      vertex 64.6363961030679 32.9923226048219 0
      vertex 64.71401800626211 33.080833421781946 0
    endloop
  endfacet
  facet normal 0 0 -1
    outer loop
      vertex 136.64717489856133 8.760132489558163 0
      vertex 64.71401800626211 33.080833421781946 0
      vertex 64.779422863406 33.17871870788979 0
    endloop
  endfacet
  facet normal 0 0 -1
    outer loop
      vertex 136.64717489856133 8.760132489558163 0
      vertex 64.779422863406 33.17871870788979 0
      vertex 64.83149157926016 33.284303618761214 0
    endloop
  endfacet
  facet normal 0 0 -1
    outer loop
      vertex 136.64717489856133 8.760132489558163 0
      vertex 64.83149157926016 33.284303618761214 0
      vertex 64.86933324366017 33.395781567297526 0
    endloop
  endfacet
  facet normal 0 0 -1
    outer loop
      vertex 136.64717489856133 8.760132489558163 0
      vertex 64.86933324366017 33.395781567297526 0
      vertex 66.23639610306789 35.7636038969321 0
    endloop
  endfacet
  facet normal 0 0 -1
    outer loop
      vertex 136.64717489856133 8.760132489558163 0
      vertex 66.23639610306789 35.7636038969321 0
      vertex 66.31401800626212 35.85211471389215 0
    endloop
  endfacet
  facet normal 0 0 -1
    outer loop
      vertex 136.64717489856133 8.760132489558163 0
      vertex 66.31401800626212 35.85211471389215 0
      vertex 66.37942286340599 35.949999999999996 0
    endloop
  endfacet
  facet normal 0 0 -1
    outer loop
      vertex 136.64717489856133 8.760132489558163 0
      vertex 66.37942286340599 35.949999999999996 0
      vertex 66.43149157926015 36.05558491087142 0
    endloop
  endfacet
  facet normal 0 0 -1
    outer loop
      vertex 136.64717489856133 8.760132489558163 0
      vertex 66.43149157926015 36.05558491087142 0
      vertex 66.46933324366016 36.16706285940773 0
    endloop
  endfacet
  facet normal 0 0 -1
    outer loop
      vertex 136.64717489856133 8.760132489558163 0
      vertex 66.46933324366016 36.16706285940773 0
      vertex 66.49230037523643 36.282526427001955 0
    endloop
  endfacet
  facet normal 0 0 -1
    outer loop
      vertex 136.64717489856133 8.760132489558163 0
      vertex 66.49230037523643 36.282526427001955 0
      vertex 66.5 36.4 0
    endloop
  endfacet
  facet normal 0 0 -1
    outer loop
      vertex 136.64717489856133 8.760132489558163 0
      vertex 66.5 36.4 0
      vertex 66.49230037523643 36.51747357299804 0
    endloop
  endfacet
  facet normal 0 0 -1
    outer loop
      vertex 136.64717489856133 8.760132489558163 0
      vertex 66.49230037523643 36.51747357299804 0
      vertex 66.46933324366016 36.63293714059227 0
    endloop
  endfacet
  facet normal 0 0 -1
    outer loop
      vertex 136.64717489856133 8.760132489558163 0
      vertex 66.46933324366016 36.63293714059227 0
      vertex 66.43149157926015 36.74441508912858 0
    endloop
  endfacet
  facet normal 0 0 -1
    outer loop
      vertex 136.64717489856133 8.760132489558163 0
      vertex 66.14788528610785 37.11401800626211 0
      vertex 66.05 37.179422863405996 0
    endloop
  endfacet
  facet normal 0 0 -1
    outer loop
      vertex 136.64717489856133 8.760132489558163 0
      vertex 66.37942286340599 36.85 0
      vertex 66.31401800626212 36.94788528610785 0
    endloop
  endfacet
  facet normal 0 0 -1
    outer loop
      vertex 136.64717489856133 8.760132489558163 0
      vertex 66.43149157926015 36.74441508912858 0
      vertex 66.37942286340599 36.85 0
    endloop
  endfacet
  facet normal 0 0 -1
    outer loop
      vertex 136.64717489856133 8.760132489558163 0
      vertex 66.31401800626212 36.94788528610785 0
      vertex 66.23639610306789 37.036396103067894 0
    endloop
  endfacet
  facet normal 0 0 -1
    outer loop
      vertex 136.64717489856133 8.760132489558163 0
      vertex 66.23639610306789 37.036396103067894 0
      vertex 66.14788528610785 37.11401800626211 0
    endloop
  endfacet
  facet normal 0 0 -1
    outer loop
      vertex 136.64717489856133 8.760132489558163 0
      vertex 66.05 37.179422863405996 0
      vertex 64.34441508912857 38.33978971285004 0
    endloop
  endfacet
  facet normal 0 0 -1
    outer loop
      vertex 136.64717489856133 8.760132489558163 0
      vertex 64.34441508912857 38.33978971285004 0
      vertex 64.45 38.39185842870421 0
    endloop
  endfacet
  facet normal 0 0 -1
    outer loop
      vertex 136.64717489856133 8.760132489558163 0
      vertex 64.54788528610784 38.45726328584809 0
      vertex 64.6363961030679 38.534885189042306 0
    endloop
  endfacet
  facet normal 0 0 -1
    outer loop
      vertex 136.64717489856133 8.760132489558163 0
      vertex 64.45 38.39185842870421 0
      vertex 64.54788528610784 38.45726328584809 0
    endloop
  endfacet
  facet normal 0 0 -1
    outer loop
      vertex 136.64717489856133 8.760132489558163 0
      vertex 64.71401800626211 38.62339600600235 0
      vertex 64.779422863406 38.721281292110206 0
    endloop
  endfacet
  facet normal 0 0 -1
    outer loop
      vertex 136.64717489856133 8.760132489558163 0
      vertex 64.6363961030679 38.534885189042306 0
      vertex 64.71401800626211 38.62339600600235 0
    endloop
  endfacet
  facet normal 0 0 -1
    outer loop
      vertex 136.64717489856133 8.760132489558163 0
      vertex 64.779422863406 38.721281292110206 0
      vertex 64.83149157926016 38.82686620298162 0
    endloop
  endfacet
  facet normal 0 0 -1
    outer loop
      vertex 136.64717489856133 8.760132489558163 0
      vertex 64.83149157926016 38.82686620298162 0
      vertex 64.86933324366017 38.93834415151793 0
    endloop
  endfacet
  facet normal 0 0 -1
    outer loop
      vertex 136.64717489856133 8.760132489558163 0
      vertex 64.86933324366017 38.93834415151793 0
      vertex 64.89230037523643 39.05380771911216 0
    endloop
  endfacet
  facet normal 0 0 -1
    outer loop
      vertex 136.64717489856133 8.760132489558163 0
      vertex 64.89230037523643 39.05380771911216 0
      vertex 64.9 39.1712812921102 0
    endloop
  endfacet
  facet normal 0 0 -1
    outer loop
      vertex 136.64717489856133 8.760132489558163 0
      vertex 64.9 39.1712812921102 0
      vertex 64.89230037523643 39.288754865108245 0
    endloop
  endfacet
  facet normal 0 0 -1
    outer loop
      vertex 136.64717489856133 8.760132489558163 0
      vertex 64.89230037523643 39.288754865108245 0
      vertex 64.86933324366017 39.40421843270247 0
    endloop
  endfacet
  facet normal 0 0 -1
    outer loop
      vertex 136.64717489856133 8.760132489558163 0
      vertex 64.83149157926016 39.51569638123878 0
      vertex 64.779422863406 39.621281292110204 0
    endloop
  endfacet
  facet normal 0 0 -1
    outer loop
      vertex 136.64717489856133 8.760132489558163 0
      vertex 64.86933324366017 39.40421843270247 0
      vertex 64.83149157926016 39.51569638123878 0
    endloop
  endfacet
  facet normal 0 0 -1
    outer loop
      vertex 136.64717489856133 8.760132489558163 0
      vertex 64.6363961030679 39.807677395178096 0
      vertex 64.54788528610784 39.88529929837232 0
    endloop
  endfacet
  facet normal 0 0 -1
    outer loop
      vertex 136.64717489856133 8.760132489558163 0
      vertex 64.779422863406 39.621281292110204 0
      vertex 64.71401800626211 39.71916657821805 0
    endloop
  endfacet
  facet normal 0 0 -1
    outer loop
      vertex 136.64717489856133 8.760132489558163 0
      vertex 64.71401800626211 39.71916657821805 0
      vertex 64.6363961030679 39.807677395178096 0
    endloop
  endfacet
  facet normal 0 0 -1
    outer loop
      vertex 136.64717489856133 8.760132489558163 0
      vertex 64.54788528610784 39.88529929837232 0
      vertex 64.45 39.9507041555162 0
    endloop
  endfacet
  facet normal 0 0 1
    outer loop
      vertex 63.405051680094395 28.76587456742166 2.4
      vertex 120.00842142333985 39.97566541587857 2.4
      vertex 64.39290664728941 28.962371137574173 2.4
    endloop
  endfacet
  facet normal 0 0 1
    outer loop
      vertex 64.39290664728941 28.962371137574173 2.4
      vertex 120.00842142333985 39.97566541587857 2.4
      vertex 65.3466624292112 29.28612759966309 2.4
    endloop
  endfacet
  facet normal 0 0 1
    outer loop
      vertex 65.3466624292112 29.28612759966309 2.4
      vertex 120.00842142333985 39.97566541587857 2.4
      vertex 66.25 29.73160439085982 2.4
    endloop
  endfacet
  facet normal 0 0 1
    outer loop
      vertex 66.25 29.73160439085982 2.4
      vertex 120.00842142333985 39.97566541587857 2.4
      vertex 67.08746300336715 30.291179279757486 2.4
    endloop
  endfacet
  facet normal 0 0 1
    outer loop
      vertex 67.08746300336715 30.291179279757486 2.4
      vertex 120.00842142333985 39.97566541587857 2.4
      vertex 67.84472221513641 30.955277784863583 2.4
    endloop
  endfacet
  facet normal 0 0 1
    outer loop
      vertex 67.84472221513641 30.955277784863583 2.4
      vertex 120.00842142333985 39.97566541587857 2.4
      vertex 68.50882072024251 31.71253699663285 2.4
    endloop
  endfacet
  facet normal 0 0 1
    outer loop
      vertex 68.50882072024251 31.71253699663285 2.4
      vertex 119.25194970290474 40.17836140246614 2.4
      vertex 69.06839560914018 32.55 2.4
    endloop
  endfacet
  facet normal 0 0 1
    outer loop
      vertex 69.06839560914018 32.55 2.4
      vertex 118.27867965644036 40.82867965644035 2.4
      vertex 69.51387240033691 33.453337570788804 2.4
    endloop
  endfacet
  facet normal 0 0 1
    outer loop
      vertex 69.51387240033691 33.453337570788804 2.4
      vertex 118.0199399791263 41.12371571297383 2.4
      vertex 69.83762886242583 34.40709335271059 2.4
    endloop
  endfacet
  facet normal 0 0 1
    outer loop
      vertex 69.83762886242583 34.40709335271059 2.4
      vertex 117.80192378864669 41.449999999999996 2.4
      vertex 70.03412543257834 35.3949483199056 2.4
    endloop
  endfacet
  facet normal 0 0 1
    outer loop
      vertex 70.03412543257834 35.3949483199056 2.4
      vertex 117.50222252113281 42.173542864692436 2.4
      vertex 70.1 36.4 2.4
    endloop
  endfacet
  facet normal 0 0 1
    outer loop
      vertex 70.1 36.4 2.4
      vertex 117.42566541587857 42.558421423339844 2.4
      vertex 70.03412543257834 37.405051680094395 2.4
    endloop
  endfacet
  facet normal 0 0 1
    outer loop
      vertex 70.03412543257834 37.405051680094395 2.4
      vertex 117.4 42.949999999999996 2.4
      vertex 69.83762886242583 38.39290664728941 2.4
    endloop
  endfacet
  facet normal 0 0 1
    outer loop
      vertex 69.83762886242583 38.39290664728941 2.4
      vertex 117.50222252113281 43.726457135307555 2.4
      vertex 69.51387240033691 39.34666242921119 2.4
    endloop
  endfacet
  facet normal 0 0 1
    outer loop
      vertex 69.51387240033691 39.34666242921119 2.4
      vertex 117.80192378864669 44.449999999999996 2.4
      vertex 69.06839560914018 40.25 2.4
    endloop
  endfacet
  facet normal 0 0 1
    outer loop
      vertex 68.50882072024251 41.08746300336715 2.4
      vertex 69.06839560914018 40.25 2.4
      vertex 118.0199399791263 44.77628428702616 2.4
    endloop
  endfacet
  facet normal 0 0 1
    outer loop
      vertex 67.84472221513641 41.844722215136414 2.4
      vertex 68.50882072024251 41.08746300336715 2.4
      vertex 118.57371571297385 45.3300600208737 2.4
    endloop
  endfacet
  facet normal 0 0 1
    outer loop
      vertex 68.50882072024251 31.71253699663285 2.4
      vertex 119.62354286469244 40.05222252113279 2.4
      vertex 119.25194970290474 40.17836140246614 2.4
    endloop
  endfacet
  facet normal 0 0 1
    outer loop
      vertex 68.50882072024251 31.71253699663285 2.4
      vertex 120.00842142333985 39.97566541587857 2.4
      vertex 119.62354286469244 40.05222252113279 2.4
    endloop
  endfacet
  facet normal 0 0 1
    outer loop
      vertex 69.06839560914018 32.55 2.4
      vertex 118.57371571297385 40.56993997912629 2.4
      vertex 118.27867965644036 40.82867965644035 2.4
    endloop
  endfacet
  facet normal 0 0 1
    outer loop
      vertex 69.06839560914018 32.55 2.4
      vertex 118.9 40.35192378864668 2.4
      vertex 118.57371571297385 40.56993997912629 2.4
    endloop
  endfacet
  facet normal 0 0 1
    outer loop
      vertex 69.06839560914018 32.55 2.4
      vertex 119.25194970290474 40.17836140246614 2.4
      vertex 118.9 40.35192378864668 2.4
    endloop
  endfacet
  facet normal 0 0 1
    outer loop
      vertex 69.51387240033691 33.453337570788804 2.4
      vertex 118.27867965644036 40.82867965644035 2.4
      vertex 118.0199399791263 41.12371571297383 2.4
    endloop
  endfacet
  facet normal 0 0 1
    outer loop
      vertex 70.03412543257834 35.3949483199056 2.4
      vertex 117.62836140246614 41.80194970290473 2.4
      vertex 117.50222252113281 42.173542864692436 2.4
    endloop
  endfacet
  facet normal 0 0 1
    outer loop
      vertex 70.1 36.4 2.4
      vertex 117.50222252113281 42.173542864692436 2.4
      vertex 117.42566541587857 42.558421423339844 2.4
    endloop
  endfacet
  facet normal 0 0 1
    outer loop
      vertex 70.03412543257834 37.405051680094395 2.4
      vertex 117.42566541587857 42.558421423339844 2.4
      vertex 117.4 42.949999999999996 2.4
    endloop
  endfacet
  facet normal 0 0 1
    outer loop
      vertex 69.83762886242583 38.39290664728941 2.4
      vertex 117.4 42.949999999999996 2.4
      vertex 117.42566541587857 43.34157857666015 2.4
    endloop
  endfacet
  facet normal 0 0 1
    outer loop
      vertex 69.83762886242583 34.40709335271059 2.4
      vertex 118.0199399791263 41.12371571297383 2.4
      vertex 117.80192378864669 41.449999999999996 2.4
    endloop
  endfacet
  facet normal 0 0 1
    outer loop
      vertex 70.03412543257834 35.3949483199056 2.4
      vertex 117.80192378864669 41.449999999999996 2.4
      vertex 117.62836140246614 41.80194970290473 2.4
    endloop
  endfacet
  facet normal 0 0 1
    outer loop
      vertex 69.83762886242583 38.39290664728941 2.4
      vertex 117.42566541587857 43.34157857666015 2.4
      vertex 117.50222252113281 43.726457135307555 2.4
    endloop
  endfacet
  facet normal 0 0 1
    outer loop
      vertex 69.51387240033691 39.34666242921119 2.4
      vertex 117.50222252113281 43.726457135307555 2.4
      vertex 117.62836140246614 44.09805029709526 2.4
    endloop
  endfacet
  facet normal 0 0 1
    outer loop
      vertex 69.51387240033691 39.34666242921119 2.4
      vertex 117.62836140246614 44.09805029709526 2.4
      vertex 117.80192378864669 44.449999999999996 2.4
    endloop
  endfacet
  facet normal 0 0 1
    outer loop
      vertex 69.06839560914018 40.25 2.4
      vertex 117.80192378864669 44.449999999999996 2.4
      vertex 118.0199399791263 44.77628428702616 2.4
    endloop
  endfacet
  facet normal 0 0 1
    outer loop
      vertex 68.50882072024251 41.08746300336715 2.4
      vertex 118.0199399791263 44.77628428702616 2.4
      vertex 118.27867965644036 45.07132034355964 2.4
    endloop
  endfacet
  facet normal 0 0 1
    outer loop
      vertex 68.50882072024251 41.08746300336715 2.4
      vertex 118.27867965644036 45.07132034355964 2.4
      vertex 118.57371571297385 45.3300600208737 2.4
    endloop
  endfacet
  facet normal 0 0 1
    outer loop
      vertex 67.84472221513641 41.844722215136414 2.4
      vertex 118.57371571297385 45.3300600208737 2.4
      vertex 118.9 45.54807621135331 2.4
    endloop
  endfacet
  facet normal 0 0 1
    outer loop
      vertex 67.84472221513641 41.844722215136414 2.4
      vertex 118.9 45.54807621135331 2.4
      vertex 119.25194970290474 45.721638597533854 2.4
    endloop
  endfacet
  facet normal 0 0 -1
    outer loop
      vertex 142.8 0.5358983848622456 0
      vertex 138.65 2.8600000000000003 0
      vertex 139.07943117240399 2.888146406080164 0
    endloop
  endfacet
  facet normal 0 0 -1
    outer loop
      vertex 140.8 0 0
      vertex 141.8352761804101 0.13629669484372675 0
      vertex 141.32210476888022 0.03422055450475847 0
    endloop
  endfacet
  facet normal 0 0 -1
    outer loop
      vertex 140.8 0 0
      vertex 142.8 0.5358983848622456 0
      vertex 141.8352761804101 0.13629669484372675 0
    endloop
  endfacet
  facet normal 0 0 -1
    outer loop
      vertex 141.8352761804101 0.13629669484372675 0
      vertex 142.8 0.5358983848622456 0
      vertex 142.33073372946038 0.30448186995485305 0
    endloop
  endfacet
  facet normal 0 0 -1
    outer loop
      vertex 142.8 0.5358983848622456 0
      vertex 139.07943117240399 2.888146406080164 0
      vertex 139.5015146583873 2.972104031508966 0
    endloop
  endfacet
  facet normal 0 0 -1
    outer loop
      vertex 142.8 0.5358983848622456 0
      vertex 139.5015146583873 2.972104031508966 0
      vertex 139.90902849248113 3.110436338037867 0
    endloop
  endfacet
  facet normal 0 0 -1
    outer loop
      vertex 142.8 0.5358983848622456 0
      vertex 139.90902849248113 3.110436338037867 0
      vertex 140.29500000000002 3.3007764215491977 0
    endloop
  endfacet
  facet normal 0 0 -1
    outer loop
      vertex 142.8 0.5358983848622456 0
      vertex 140.29500000000002 3.3007764215491977 0
      vertex 140.65282510143868 3.539867510441837 0
    endloop
  endfacet
  facet normal 0 0 -1
    outer loop
      vertex 142.8 0.5358983848622456 0
      vertex 140.65282510143868 3.539867510441837 0
      vertex 140.97638131010376 3.823618689896259 0
    endloop
  endfacet
  facet normal 0 0 -1
    outer loop
      vertex 142.8 0.5358983848622456 0
      vertex 143.6284271247462 1.1715728752538097 0
      vertex 143.2350457160349 0.8265866388350593 0
    endloop
  endfacet
  facet normal 0 0 -1
    outer loop
      vertex 142.8 0.5358983848622456 0
      vertex 144.26410161513778 2 0
      vertex 143.6284271247462 1.1715728752538097 0
    endloop
  endfacet
  facet normal 0 0 -1
    outer loop
      vertex 143.6284271247462 1.1715728752538097 0
      vertex 144.26410161513778 2 0
      vertex 143.97341336116494 1.5649542839651174 0
    endloop
  endfacet
  facet normal 0 0 -1
    outer loop
      vertex 142.8 0.5358983848622456 0
      vertex 144.8 4 0
      vertex 144.26410161513778 2 0
    endloop
  endfacet
  facet normal 0 0 -1
    outer loop
      vertex 144.26410161513778 2 0
      vertex 144.66370330515628 2.964723819589917 0
      vertex 144.49551813004516 2.4692662705396407 0
    endloop
  endfacet
  facet normal 0.06540312923014265 -0.9978589232386036 6.88500583484067e-19
    outer loop
      vertex 140.8 0 0
      vertex 141.32210476888022 0.03422055450475847 0
      vertex 141.32210476888022 0.03422055450475847 2.4
    endloop
  endfacet
  facet normal 0.19509032201613116 -0.98078528040323 0
    outer loop
      vertex 141.32210476888022 0.03422055450475847 0
      vertex 141.8352761804101 0.13629669484372675 0
      vertex 141.32210476888022 0.03422055450475847 2.4
    endloop
  endfacet
  facet normal 0.321439465303156 -0.9469301294951076 -3.0894930444195326e-18
    outer loop
      vertex 141.8352761804101 0.13629669484372675 0
      vertex 142.33073372946038 0.30448186995485305 0
      vertex 142.33073372946038 0.30448186995485305 2.4
    endloop
  endfacet
  facet normal 0.4422886902190063 -0.8968727415326857 0
    outer loop
      vertex 142.33073372946038 0.30448186995485305 0
      vertex 142.8 0.5358983848622456 0
      vertex 142.33073372946038 0.30448186995485305 2.4
    endloop
  endfacet
  facet normal 0.5555702330195933 -0.8314696123025512 0
    outer loop
      vertex 142.8 0.5358983848622456 0
      vertex 143.2350457160349 0.8265866388350593 0
      vertex 142.8 0.5358983848622456 2.4
    endloop
  endfacet
  facet normal 0.6593458151000833 -0.7518398074789647 -5.940216258965595e-18
    outer loop
      vertex 143.2350457160349 0.8265866388350593 0
      vertex 143.6284271247462 1.1715728752538097 0
      vertex 143.6284271247462 1.1715728752538097 2.4
    endloop
  endfacet
  facet normal 0.7518398074789798 -0.6593458151000662 0
    outer loop
      vertex 143.6284271247462 1.1715728752538097 0
      vertex 143.97341336116494 1.5649542839651174 0
      vertex 143.6284271247462 1.1715728752538097 2.4
    endloop
  endfacet
  facet normal 0.8314696123025297 -0.5555702330196254 -1.9947532870647883e-19
    outer loop
      vertex 143.97341336116494 1.5649542839651174 0
      vertex 144.26410161513778 2 0
      vertex 144.26410161513778 2 2.4
    endloop
  endfacet
  facet normal 0.8968727415326976 -0.4422886902189826 0
    outer loop
      vertex 144.26410161513778 2 0
      vertex 144.49551813004516 2.4692662705396407 0
      vertex 144.26410161513778 2 2.4
    endloop
  endfacet
  facet normal 0 0 -1
    outer loop
      vertex 142.8 0.5358983848622456 0
      vertex 140.97638131010376 3.823618689896259 0
      vertex 141.26013248955817 4.1471748985613095 0
    endloop
  endfacet
  facet normal 0 0 -1
    outer loop
      vertex 144.8 4 0
      vertex 141.26013248955817 4.1471748985613095 0
      vertex 141.49922357845082 4.505 0
    endloop
  endfacet
  facet normal 0 0 -1
    outer loop
      vertex 142.8 0.5358983848622456 0
      vertex 141.26013248955817 4.1471748985613095 0
      vertex 144.8 4 0
    endloop
  endfacet
  facet normal 0 0 -1
    outer loop
      vertex 144.26410161513778 2 0
      vertex 144.8 4 0
      vertex 144.66370330515628 2.964723819589917 0
    endloop
  endfacet
  facet normal 0 0 -1
    outer loop
      vertex 144.66370330515628 2.964723819589917 0
      vertex 144.8 4 0
      vertex 144.76577944549524 3.4778952311197937 0
    endloop
  endfacet
  facet normal 0 0 -1
    outer loop
      vertex 144.8 4 0
      vertex 141.49922357845082 4.505 0
      vertex 141.68956366196215 4.890971507518855 0
    endloop
  endfacet
  facet normal 0 0 -1
    outer loop
      vertex 144.8 4 0
      vertex 141.68956366196215 4.890971507518855 0
      vertex 141.82789596849102 5.298485341612707 0
    endloop
  endfacet
  facet normal 0 0 -1
    outer loop
      vertex 144.8 4 0
      vertex 141.82789596849102 5.298485341612707 0
      vertex 141.91185359391986 5.720568827596031 0
    endloop
  endfacet
  facet normal 0 0 -1
    outer loop
      vertex 144.8 4 0
      vertex 141.91185359391986 5.720568827596031 0
      vertex 141.94000000000003 6.15 0
    endloop
  endfacet
  facet normal 0.9469301294951094 -0.32143946530315026 5.508704904645587e-18
    outer loop
      vertex 144.49551813004516 2.4692662705396407 0
      vertex 144.66370330515628 2.964723819589917 0
      vertex 144.66370330515628 2.964723819589917 2.4
    endloop
  endfacet
  facet normal 0.9807852804032315 -0.19509032201612297 0
    outer loop
      vertex 144.66370330515628 2.964723819589917 0
      vertex 144.76577944549524 3.4778952311197937 0
      vertex 144.66370330515628 2.964723819589917 2.4
    endloop
  endfacet
  facet normal 0.997858923238602 -0.06540312923016611 2.224306990027146e-19
    outer loop
      vertex 144.76577944549524 3.4778952311197937 0
      vertex 144.8 4 0
      vertex 144.8 4 2.4
    endloop
  endfacet
  facet normal 0.06540312923014265 -0.9978589232386036 0
    outer loop
      vertex 140.8 0 0
      vertex 141.32210476888022 0.03422055450475847 2.4
      vertex 140.8 0 2.4
    endloop
  endfacet
  facet normal 0.19509032201613116 -0.98078528040323 0
    outer loop
      vertex 141.8352761804101 0.13629669484372675 0
      vertex 141.8352761804101 0.13629669484372675 2.4
      vertex 141.32210476888022 0.03422055450475847 2.4
    endloop
  endfacet
  facet normal 0.321439465303156 -0.9469301294951076 0
    outer loop
      vertex 141.8352761804101 0.13629669484372675 0
      vertex 142.33073372946038 0.30448186995485305 2.4
      vertex 141.8352761804101 0.13629669484372675 2.4
    endloop
  endfacet
  facet normal 0.4422886902190063 -0.8968727415326857 0
    outer loop
      vertex 142.8 0.5358983848622456 0
      vertex 142.8 0.5358983848622456 2.4
      vertex 142.33073372946038 0.30448186995485305 2.4
    endloop
  endfacet
  facet normal 0.5555702330195933 -0.8314696123025512 0
    outer loop
      vertex 143.2350457160349 0.8265866388350593 0
      vertex 143.2350457160349 0.8265866388350593 2.4
      vertex 142.8 0.5358983848622456 2.4
    endloop
  endfacet
  facet normal 0.6593458151000833 -0.7518398074789647 0
    outer loop
      vertex 143.2350457160349 0.8265866388350593 0
      vertex 143.6284271247462 1.1715728752538097 2.4
      vertex 143.2350457160349 0.8265866388350593 2.4
    endloop
  endfacet
  facet normal 0.7518398074789798 -0.6593458151000662 0
    outer loop
      vertex 143.97341336116494 1.5649542839651174 0
      vertex 143.97341336116494 1.5649542839651174 2.4
      vertex 143.6284271247462 1.1715728752538097 2.4
    endloop
  endfacet
  facet normal 0.8314696123025297 -0.5555702330196254 0
    outer loop
      vertex 143.97341336116494 1.5649542839651174 0
      vertex 144.26410161513778 2 2.4
      vertex 143.97341336116494 1.5649542839651174 2.4
    endloop
  endfacet
  facet normal 0.8968727415326976 -0.4422886902189826 0
    outer loop
      vertex 144.49551813004516 2.4692662705396407 0
      vertex 144.49551813004516 2.4692662705396407 2.4
      vertex 144.26410161513778 2 2.4
    endloop
  endfacet
  facet normal 0.9469301294951094 -0.32143946530315026 0
    outer loop
      vertex 144.49551813004516 2.4692662705396407 0
      vertex 144.66370330515628 2.964723819589917 2.4
      vertex 144.49551813004516 2.4692662705396407 2.4
    endloop
  endfacet
  facet normal 0.9807852804032315 -0.19509032201612297 0
    outer loop
      vertex 144.76577944549524 3.4778952311197937 0
      vertex 144.76577944549524 3.4778952311197937 2.4
      vertex 144.66370330515628 2.964723819589917 2.4
    endloop
  endfacet
  facet normal 0.997858923238602 -0.06540312923016611 0
    outer loop
      vertex 144.76577944549524 3.4778952311197937 0
      vertex 144.8 4 2.4
      vertex 144.76577944549524 3.4778952311197937 2.4
    endloop
  endfacet
  facet normal 0 0 1
    outer loop
      vertex 133.79963245431574 4.140911980083279 2.4
      vertex 134.1033666301317 3.5250000000000004 2.4
      vertex 133.74562934842086 4.3 2.4
    endloop
  endfacet
  facet normal 0 0 1
    outer loop
      vertex 134.707649175499 2.6999999999999997 2.4
      vertex 142.8 0.5358983848622456 2.4
      vertex 134.48489496347102 2.954002497704217 2.4
    endloop
  endfacet
  facet normal 0 0 1
    outer loop
      vertex 134.48489496347102 2.954002497704217 2.4
      vertex 142.8 0.5358983848622456 2.4
      vertex 134.1033666301317 3.5250000000000004 2.4
    endloop
  endfacet
  facet normal 0 0 1
    outer loop
      vertex 134.1033666301317 3.5250000000000004 2.4
      vertex 137.4479184719829 4.947918471982869 2.4
      vertex 137.3012993215049 5.115105570685175 2.4
    endloop
  endfacet
  facet normal 0 0 1
    outer loop
      vertex 134.1033666301317 3.5250000000000004 2.4
      vertex 137.3012993215049 5.115105570685175 2.4
      vertex 137.17775681356645 5.300000000000001 2.4
    endloop
  endfacet
  facet normal 0 0 1
    outer loop
      vertex 134.1033666301317 3.5250000000000004 2.4
      vertex 137.17775681356645 5.300000000000001 2.4
      vertex 137.0794047947308 5.499438164979348 2.4
    endloop
  endfacet
  facet normal 0 0 1
    outer loop
      vertex 134.1033666301317 3.5250000000000004 2.4
      vertex 137.6151055706852 4.801299321504901 2.4
      vertex 137.4479184719829 4.947918471982869 2.4
    endloop
  endfacet
  facet normal 0 0 1
    outer loop
      vertex 134.1033666301317 3.5250000000000004 2.4
      vertex 137.0079260953086 5.7100076233257155 2.4
      vertex 136.96454373566453 5.928105473225913 2.4
    endloop
  endfacet
  facet normal 0 0 1
    outer loop
      vertex 134.1033666301317 3.5250000000000004 2.4
      vertex 136.96454373566453 5.928105473225913 2.4
      vertex 136.95000000000002 6.15 2.4
    endloop
  endfacet
  facet normal 0 0 1
    outer loop
      vertex 134.1033666301317 3.5250000000000004 2.4
      vertex 137.0794047947308 5.499438164979348 2.4
      vertex 137.0079260953086 5.7100076233257155 2.4
    endloop
  endfacet
  facet normal 0 0 1
    outer loop
      vertex 134.1033666301317 3.5250000000000004 2.4
      vertex 136.95000000000002 6.15 2.4
      vertex 136.96454373566453 6.371894526774088 2.4
    endloop
  endfacet
  facet normal 0 0 1
    outer loop
      vertex 134.1033666301317 3.5250000000000004 2.4
      vertex 136.96454373566453 6.371894526774088 2.4
      vertex 137.0079260953086 6.589992376674285 2.4
    endloop
  endfacet
  facet normal 0 0 1
    outer loop
      vertex 134.1033666301317 3.5250000000000004 2.4
      vertex 142.8 0.5358983848622456 2.4
      vertex 137.6151055706852 4.801299321504901 2.4
    endloop
  endfacet
  facet normal 0 0 1
    outer loop
      vertex 142.8 0.5358983848622456 2.4
      vertex 137.8 4.677756813566455 2.4
      vertex 137.6151055706852 4.801299321504901 2.4
    endloop
  endfacet
  facet normal 0 0 1
    outer loop
      vertex 142.8 0.5358983848622456 2.4
      vertex 137.99943816497935 4.579404794730813 2.4
      vertex 137.8 4.677756813566455 2.4
    endloop
  endfacet
  facet normal 0 0 1
    outer loop
      vertex 142.8 0.5358983848622456 2.4
      vertex 138.2100076233257 4.5079260953085845 2.4
      vertex 137.99943816497935 4.579404794730813 2.4
    endloop
  endfacet
  facet normal 0 0 1
    outer loop
      vertex 142.8 0.5358983848622456 2.4
      vertex 138.4281054732259 4.464543735664523 2.4
      vertex 138.2100076233257 4.5079260953085845 2.4
    endloop
  endfacet
  facet normal 0 0 1
    outer loop
      vertex 142.8 0.5358983848622456 2.4
      vertex 138.65 4.45 2.4
      vertex 138.4281054732259 4.464543735664523 2.4
    endloop
  endfacet
  facet normal 0 0 1
    outer loop
      vertex 142.8 0.5358983848622456 2.4
      vertex 138.8718945267741 4.464543735664523 2.4
      vertex 138.65 4.45 2.4
    endloop
  endfacet
  facet normal 0 0 1
    outer loop
      vertex 142.8 0.5358983848622456 2.4
      vertex 139.0899923766743 4.5079260953085845 2.4
      vertex 138.8718945267741 4.464543735664523 2.4
    endloop
  endfacet
  facet normal 0 0 1
    outer loop
      vertex 140.8 0 2.4
      vertex 141.32210476888022 0.03422055450475847 2.4
      vertex 141.8352761804101 0.13629669484372675 2.4
    endloop
  endfacet
  facet normal 0 0 1
    outer loop
      vertex 140.8 0 2.4
      vertex 141.8352761804101 0.13629669484372675 2.4
      vertex 142.8 0.5358983848622456 2.4
    endloop
  endfacet
  facet normal 0 0 1
    outer loop
      vertex 141.8352761804101 0.13629669484372675 2.4
      vertex 142.33073372946038 0.30448186995485305 2.4
      vertex 142.8 0.5358983848622456 2.4
    endloop
  endfacet
  facet normal 0 0 1
    outer loop
      vertex 142.8 0.5358983848622456 2.4
      vertex 143.2350457160349 0.8265866388350593 2.4
      vertex 143.6284271247462 1.1715728752538097 2.4
    endloop
  endfacet
  facet normal 0 0 1
    outer loop
      vertex 142.8 0.5358983848622456 2.4
      vertex 143.6284271247462 1.1715728752538097 2.4
      vertex 144.26410161513778 2 2.4
    endloop
  endfacet
  facet normal 0 0 1
    outer loop
      vertex 143.6284271247462 1.1715728752538097 2.4
      vertex 143.97341336116494 1.5649542839651174 2.4
      vertex 144.26410161513778 2 2.4
    endloop
  endfacet
  facet normal 0 0 1
    outer loop
      vertex 142.8 0.5358983848622456 2.4
      vertex 144.26410161513778 2 2.4
      vertex 144.8 4 2.4
    endloop
  endfacet
  facet normal 0 0 1
    outer loop
      vertex 144.26410161513778 2 2.4
      vertex 144.49551813004516 2.4692662705396407 2.4
      vertex 144.66370330515628 2.964723819589917 2.4
    endloop
  endfacet
  facet normal 0 0 1
    outer loop
      vertex 142.8 0.5358983848622456 2.4
      vertex 139.30056183502066 4.579404794730813 2.4
      vertex 139.0899923766743 4.5079260953085845 2.4
    endloop
  endfacet
  facet normal 0 0 1
    outer loop
      vertex 142.8 0.5358983848622456 2.4
      vertex 139.5 4.677756813566455 2.4
      vertex 139.30056183502066 4.579404794730813 2.4
    endloop
  endfacet
  facet normal 0 0 1
    outer loop
      vertex 142.8 0.5358983848622456 2.4
      vertex 139.68489442931482 4.801299321504901 2.4
      vertex 139.5 4.677756813566455 2.4
    endloop
  endfacet
  facet normal 0 0 1
    outer loop
      vertex 142.8 0.5358983848622456 2.4
      vertex 139.85208152801712 4.947918471982869 2.4
      vertex 139.68489442931482 4.801299321504901 2.4
    endloop
  endfacet
  facet normal 0 0 1
    outer loop
      vertex 142.8 0.5358983848622456 2.4
      vertex 139.9987006784951 5.115105570685175 2.4
      vertex 139.85208152801712 4.947918471982869 2.4
    endloop
  endfacet
  facet normal 0 0 1
    outer loop
      vertex 142.8 0.5358983848622456 2.4
      vertex 140.12224318643356 5.300000000000001 2.4
      vertex 139.9987006784951 5.115105570685175 2.4
    endloop
  endfacet
  facet normal 0 0 1
    outer loop
      vertex 142.8 0.5358983848622456 2.4
      vertex 140.2205952052692 5.499438164979348 2.4
      vertex 140.12224318643356 5.300000000000001 2.4
    endloop
  endfacet
  facet normal 0 0 1
    outer loop
      vertex 142.8 0.5358983848622456 2.4
      vertex 140.29207390469142 5.7100076233257155 2.4
      vertex 140.2205952052692 5.499438164979348 2.4
    endloop
  endfacet
  facet normal 0 0 1
    outer loop
      vertex 142.8 0.5358983848622456 2.4
      vertex 140.33545626433548 5.928105473225913 2.4
      vertex 140.29207390469142 5.7100076233257155 2.4
    endloop
  endfacet
  facet normal 0 0 1
    outer loop
      vertex 142.8 0.5358983848622456 2.4
      vertex 140.35 6.15 2.4
      vertex 140.33545626433548 5.928105473225913 2.4
    endloop
  endfacet
  facet normal 0 0 1
    outer loop
      vertex 142.8 0.5358983848622456 2.4
      vertex 140.33545626433548 6.371894526774088 2.4
      vertex 140.35 6.15 2.4
    endloop
  endfacet
  facet normal 0 0 1
    outer loop
      vertex 142.8 0.5358983848622456 2.4
      vertex 140.29207390469142 6.589992376674285 2.4
      vertex 140.33545626433548 6.371894526774088 2.4
    endloop
  endfacet
  facet normal 0 0 1
    outer loop
      vertex 142.8 0.5358983848622456 2.4
      vertex 140.2205952052692 6.800561835020653 2.4
      vertex 140.29207390469142 6.589992376674285 2.4
    endloop
  endfacet
  facet normal 0 0 1
    outer loop
      vertex 144.26410161513778 2 2.4
      vertex 144.66370330515628 2.964723819589917 2.4
      vertex 144.8 4 2.4
    endloop
  endfacet
  facet normal 0 0 1
    outer loop
      vertex 144.66370330515628 2.964723819589917 2.4
      vertex 144.76577944549524 3.4778952311197937 2.4
      vertex 144.8 4 2.4
    endloop
  endfacet
  facet normal 0 0 1
    outer loop
      vertex 134.1033666301317 3.5250000000000004 2.4
      vertex 137.0079260953086 6.589992376674285 2.4
      vertex 137.0794047947308 6.800561835020653 2.4
    endloop
  endfacet
  facet normal 0 0 1
    outer loop
      vertex 134.1033666301317 3.5250000000000004 2.4
      vertex 137.0794047947308 6.800561835020653 2.4
      vertex 137.17775681356645 7 2.4
    endloop
  endfacet
  facet normal 0 0 1
    outer loop
      vertex 140.5 11.054370651579132 2.4
      vertex 139.9987006784951 7.184894429314825 2.4
      vertex 140.12224318643356 7 2.4
    endloop
  endfacet
  facet normal 0 0 1
    outer loop
      vertex 140.5 11.054370651579132 2.4
      vertex 139.85208152801712 7.352081528017131 2.4
      vertex 139.9987006784951 7.184894429314825 2.4
    endloop
  endfacet
  facet normal 0 0 1
    outer loop
      vertex 140.5 11.054370651579132 2.4
      vertex 139.68489442931482 7.4987006784951 2.4
      vertex 139.85208152801712 7.352081528017131 2.4
    endloop
  endfacet
  facet normal 0 0 1
    outer loop
      vertex 142.8 0.5358983848622456 2.4
      vertex 140.5 11.054370651579132 2.4
      vertex 140.2205952052692 6.800561835020653 2.4
    endloop
  endfacet
  facet normal 0 0 1
    outer loop
      vertex 142.8 0.5358983848622456 2.4
      vertex 140.65908801991674 11.000367545684256 2.4
      vertex 140.5 11.054370651579132 2.4
    endloop
  endfacet
  facet normal 0 0 1
    outer loop
      vertex 140.5 11.054370651579132 2.4
      vertex 140.12224318643356 7 2.4
      vertex 140.2205952052692 6.800561835020653 2.4
    endloop
  endfacet
  facet normal 0 0 1
    outer loop
      vertex 142.8 0.5358983848622456 2.4
      vertex 141.275 10.696633369868303 2.4
      vertex 140.65908801991674 11.000367545684256 2.4
    endloop
  endfacet
  facet normal 0 0 1
    outer loop
      vertex 142.8 0.5358983848622456 2.4
      vertex 142.1 10.092350824501032 2.4
      vertex 141.8459975022958 10.315105036528985 2.4
    endloop
  endfacet
  facet normal 0 0 1
    outer loop
      vertex 142.8 0.5358983848622456 2.4
      vertex 141.8459975022958 10.315105036528985 2.4
      vertex 141.275 10.696633369868303 2.4
    endloop
  endfacet
  facet normal 0 0 1
    outer loop
      vertex 134.1033666301317 3.5250000000000004 2.4
      vertex 120.00842142333985 39.97566541587857 2.4
      vertex 133.74562934842086 4.3 2.4
    endloop
  endfacet
  facet normal 0 0 1
    outer loop
      vertex 134.1033666301317 3.5250000000000004 2.4
      vertex 137.17775681356645 7 2.4
      vertex 120.00842142333985 39.97566541587857 2.4
    endloop
  endfacet
  facet normal 0 0 1
    outer loop
      vertex 120.00842142333985 39.97566541587857 2.4
      vertex 137.17775681356645 7 2.4
      vertex 137.3012993215049 7.184894429314825 2.4
    endloop
  endfacet
  facet normal 0 0 1
    outer loop
      vertex 120.00842142333985 39.97566541587857 2.4
      vertex 137.3012993215049 7.184894429314825 2.4
      vertex 137.4479184719829 7.352081528017131 2.4
    endloop
  endfacet
  facet normal 0 0 1
    outer loop
      vertex 120.00842142333985 39.97566541587857 2.4
      vertex 137.4479184719829 7.352081528017131 2.4
      vertex 137.6151055706852 7.4987006784951 2.4
    endloop
  endfacet
  facet normal 0 0 1
    outer loop
      vertex 120.00842142333985 39.97566541587857 2.4
      vertex 137.6151055706852 7.4987006784951 2.4
      vertex 137.8 7.622243186433546 2.4
    endloop
  endfacet
  facet normal 0 0 1
    outer loop
      vertex 120.00842142333985 39.97566541587857 2.4
      vertex 137.8 7.622243186433546 2.4
      vertex 137.99943816497935 7.720595205269188 2.4
    endloop
  endfacet
  facet normal 0 0 1
    outer loop
      vertex 120.00842142333985 39.97566541587857 2.4
      vertex 137.99943816497935 7.720595205269188 2.4
      vertex 138.2100076233257 7.792073904691416 2.4
    endloop
  endfacet
  facet normal 0 0 1
    outer loop
      vertex 120.00842142333985 39.97566541587857 2.4
      vertex 138.2100076233257 7.792073904691416 2.4
      vertex 138.4281054732259 7.835456264335478 2.4
    endloop
  endfacet
  facet normal 0 0 1
    outer loop
      vertex 120.00842142333985 39.97566541587857 2.4
      vertex 138.4281054732259 7.835456264335478 2.4
      vertex 138.65 7.8500000000000005 2.4
    endloop
  endfacet
  facet normal 0 0 1
    outer loop
      vertex 120.79157857666016 39.97566541587857 2.4
      vertex 138.65 7.8500000000000005 2.4
      vertex 138.8718945267741 7.835456264335478 2.4
    endloop
  endfacet
  facet normal 0 0 1
    outer loop
      vertex 121.54805029709527 40.17836140246614 2.4
      vertex 138.8718945267741 7.835456264335478 2.4
      vertex 139.0899923766743 7.792073904691416 2.4
    endloop
  endfacet
  facet normal 0 0 1
    outer loop
      vertex 122.22628428702616 40.56993997912629 2.4
      vertex 139.0899923766743 7.792073904691416 2.4
      vertex 139.30056183502066 7.720595205269188 2.4
    endloop
  endfacet
  facet normal 0 0 1
    outer loop
      vertex 122.7800600208737 41.12371571297383 2.4
      vertex 139.30056183502066 7.720595205269188 2.4
      vertex 139.5 7.622243186433546 2.4
    endloop
  endfacet
  facet normal 0 0 1
    outer loop
      vertex 123.2977774788672 42.173542864692436 2.4
      vertex 139.5 7.622243186433546 2.4
      vertex 139.68489442931482 7.4987006784951 2.4
    endloop
  endfacet
  facet normal 0 0 1
    outer loop
      vertex 140.5 11.054370651579132 2.4
      vertex 123.4 42.949999999999996 2.4
      vertex 139.68489442931482 7.4987006784951 2.4
    endloop
  endfacet
  facet normal 0 0 1
    outer loop
      vertex 120.00842142333985 39.97566541587857 2.4
      vertex 138.65 7.8500000000000005 2.4
      vertex 120.4 39.949999999999996 2.4
    endloop
  endfacet
  facet normal 0 0 1
    outer loop
      vertex 120.4 39.949999999999996 2.4
      vertex 138.65 7.8500000000000005 2.4
      vertex 120.79157857666016 39.97566541587857 2.4
    endloop
  endfacet
  facet normal 0 0 -1
    outer loop
      vertex 137.005 8.999223578450804 0
      vertex 136.64717489856133 8.760132489558163 0
      vertex 137.005 79.8007764215492 0
    endloop
  endfacet
  facet normal 0 0 -1
    outer loop
      vertex 137.39097150751888 9.189563661962135 0
      vertex 137.005 8.999223578450804 0
      vertex 137.39097150751888 79.61043633803787 0
    endloop
  endfacet
  facet normal 0 0 -1
    outer loop
      vertex 137.79848534161272 9.327895968491035 0
      vertex 137.39097150751888 9.189563661962135 0
      vertex 137.79848534161272 79.47210403150896 0
    endloop
  endfacet
  facet normal 0 0 -1
    outer loop
      vertex 138.22056882759603 9.411853593919837 0
      vertex 137.79848534161272 9.327895968491035 0
      vertex 138.22056882759603 79.38814640608017 0
    endloop
  endfacet
  facet normal 0 0 -1
    outer loop
      vertex 138.22056882759603 9.411853593919837 0
      vertex 138.65 79.36000000000001 0
      vertex 138.65 9.44 0
    endloop
  endfacet
  facet normal 0 0 -1
    outer loop
      vertex 138.65 9.44 0
      vertex 139.07943117240399 79.38814640608017 0
      vertex 139.07943117240399 9.411853593919837 0
    endloop
  endfacet
  facet normal 0 0 -1
    outer loop
      vertex 139.07943117240399 9.411853593919837 0
      vertex 139.5015146583873 79.47210403150896 0
      vertex 139.5015146583873 9.327895968491035 0
    endloop
  endfacet
  facet normal 0 0 -1
    outer loop
      vertex 139.5015146583873 9.327895968491035 0
      vertex 139.90902849248113 79.61043633803787 0
      vertex 139.90902849248113 9.189563661962135 0
    endloop
  endfacet
  facet normal 0 0 -1
    outer loop
      vertex 139.90902849248113 9.189563661962135 0
      vertex 140.29500000000002 79.8007764215492 0
      vertex 140.29500000000002 8.999223578450804 0
    endloop
  endfacet
  facet normal 0 0 -1
    outer loop
      vertex 144.8 4 0
      vertex 141.94000000000003 6.15 0
      vertex 142.8 88.26410161513775 0
    endloop
  endfacet
  facet normal 1 0 0
    outer loop
      vertex 144.8 4 0
      vertex 144.8 84.8 0
      vertex 144.8 4 2.4
    endloop
  endfacet
  facet normal 0 0 1
    outer loop
      vertex 120.79157857666016 39.97566541587857 2.4
      vertex 138.8718945267741 7.835456264335478 2.4
      vertex 121.17645713530757 40.05222252113279 2.4
    endloop
  endfacet
  facet normal 0 0 1
    outer loop
      vertex 121.17645713530757 40.05222252113279 2.4
      vertex 138.8718945267741 7.835456264335478 2.4
      vertex 121.54805029709527 40.17836140246614 2.4
    endloop
  endfacet
  facet normal 0 0 1
    outer loop
      vertex 121.54805029709527 40.17836140246614 2.4
      vertex 139.0899923766743 7.792073904691416 2.4
      vertex 121.9 40.35192378864668 2.4
    endloop
  endfacet
  facet normal 0 0 1
    outer loop
      vertex 121.9 40.35192378864668 2.4
      vertex 139.0899923766743 7.792073904691416 2.4
      vertex 122.22628428702616 40.56993997912629 2.4
    endloop
  endfacet
  facet normal 0 0 1
    outer loop
      vertex 122.22628428702616 40.56993997912629 2.4
      vertex 139.30056183502066 7.720595205269188 2.4
      vertex 122.52132034355965 40.82867965644035 2.4
    endloop
  endfacet
  facet normal 0 0 1
    outer loop
      vertex 122.52132034355965 40.82867965644035 2.4
      vertex 139.30056183502066 7.720595205269188 2.4
      vertex 122.7800600208737 41.12371571297383 2.4
    endloop
  endfacet
  facet normal 0 0 1
    outer loop
      vertex 122.7800600208737 41.12371571297383 2.4
      vertex 139.5 7.622243186433546 2.4
      vertex 122.99807621135332 41.449999999999996 2.4
    endloop
  endfacet
  facet normal 0 0 1
    outer loop
      vertex 122.99807621135332 41.449999999999996 2.4
      vertex 139.5 7.622243186433546 2.4
      vertex 123.17163859753387 41.80194970290473 2.4
    endloop
  endfacet
  facet normal 0 0 1
    outer loop
      vertex 123.17163859753387 41.80194970290473 2.4
      vertex 139.5 7.622243186433546 2.4
      vertex 123.2977774788672 42.173542864692436 2.4
    endloop
  endfacet
  facet normal 0 0 1
    outer loop
      vertex 123.2977774788672 42.173542864692436 2.4
      vertex 139.68489442931482 7.4987006784951 2.4
      vertex 123.37433458412144 42.558421423339844 2.4
    endloop
  endfacet
  facet normal 0 0 1
    outer loop
      vertex 123.37433458412144 42.558421423339844 2.4
      vertex 139.68489442931482 7.4987006784951 2.4
      vertex 123.4 42.949999999999996 2.4
    endloop
  endfacet
  facet normal 0 0 1
    outer loop
      vertex 142.8 0.5358983848622456 2.4
      vertex 142.1 78.70764917549897 2.4
      vertex 142.1 10.092350824501032 2.4
    endloop
  endfacet
  facet normal 0 0 1
    outer loop
      vertex 142.8 0.5358983848622456 2.4
      vertex 144.8 4 2.4
      vertex 142.8 88.26410161513775 2.4
    endloop
  endfacet
  facet normal 0 0 -1
    outer loop
      vertex 142.8 88.26410161513775 0
      vertex 141.94000000000003 6.15 0
      vertex 141.91185359391986 6.57943117240397 0
    endloop
  endfacet
  facet normal 0 0 -1
    outer loop
      vertex 142.8 88.26410161513775 0
      vertex 141.91185359391986 6.57943117240397 0
      vertex 141.82789596849102 7.001514658387293 0
    endloop
  endfacet
  facet normal 0 0 -1
    outer loop
      vertex 142.8 88.26410161513775 0
      vertex 141.82789596849102 7.001514658387293 0
      vertex 141.68956366196215 7.409028492481146 0
    endloop
  endfacet
  facet normal 0 0 -1
    outer loop
      vertex 142.8 88.26410161513775 0
      vertex 141.68956366196215 7.409028492481146 0
      vertex 141.49922357845082 7.795000000000001 0
    endloop
  endfacet
  facet normal 0 0 -1
    outer loop
      vertex 142.8 88.26410161513775 0
      vertex 140.65282510143868 8.760132489558163 0
      vertex 140.29500000000002 8.999223578450804 0
    endloop
  endfacet
  facet normal 0 0 -1
    outer loop
      vertex 142.8 88.26410161513775 0
      vertex 141.26013248955817 8.15282510143869 0
      vertex 140.97638131010376 8.476381310103742 0
    endloop
  endfacet
  facet normal 0 0 -1
    outer loop
      vertex 142.8 88.26410161513775 0
      vertex 141.49922357845082 7.795000000000001 0
      vertex 141.26013248955817 8.15282510143869 0
    endloop
  endfacet
  facet normal 0 0 -1
    outer loop
      vertex 142.8 88.26410161513775 0
      vertex 140.97638131010376 8.476381310103742 0
      vertex 140.65282510143868 8.760132489558163 0
    endloop
  endfacet
  facet normal 0 0 1
    outer loop
      vertex 140.5 11.054370651579132 2.4
      vertex 140.5 77.74562934842088 2.4
      vertex 123.4 42.949999999999996 2.4
    endloop
  endfacet
  facet normal 0 0 1
    outer loop
      vertex 58.55 43.068395609140175 2.4
      vertex 59.453337570788804 43.51387240033691 2.4
      vertex 142.8 88.26410161513775 2.4
    endloop
  endfacet
  facet normal 0 0 1
    outer loop
      vertex 59.453337570788804 43.51387240033691 2.4
      vertex 60.40709335271059 43.837628862425824 2.4
      vertex 142.8 88.26410161513775 2.4
    endloop
  endfacet
  facet normal 0 0 1
    outer loop
      vertex 60.40709335271059 43.837628862425824 2.4
      vertex 61.3949483199056 44.034125432578335 2.4
      vertex 142.8 88.26410161513775 2.4
    endloop
  endfacet
  facet normal 0 0 1
    outer loop
      vertex 61.3949483199056 44.034125432578335 2.4
      vertex 62.4 44.1 2.4
      vertex 142.8 88.26410161513775 2.4
    endloop
  endfacet
  facet normal 0 0 1
    outer loop
      vertex 62.4 44.1 2.4
      vertex 63.405051680094395 44.034125432578335 2.4
      vertex 142.8 88.26410161513775 2.4
    endloop
  endfacet
  facet normal 0 0 1
    outer loop
      vertex 63.405051680094395 44.034125432578335 2.4
      vertex 64.39290664728941 43.837628862425824 2.4
      vertex 142.8 88.26410161513775 2.4
    endloop
  endfacet
  facet normal 0 0 1
    outer loop
      vertex 67.84472221513641 41.844722215136414 2.4
      vertex 119.25194970290474 45.721638597533854 2.4
      vertex 119.62354286469244 45.8477774788672 2.4
    endloop
  endfacet
  facet normal 0 0 1
    outer loop
      vertex 67.84472221513641 41.844722215136414 2.4
      vertex 119.62354286469244 45.8477774788672 2.4
      vertex 120.00842142333985 45.924334584121425 2.4
    endloop
  endfacet
  facet normal 0 0 -1
    outer loop
      vertex 4 88.8 0
      vertex 135.38814640608015 82.22056882759604 0
      vertex 136.64717489856133 8.760132489558163 0
    endloop
  endfacet
  facet normal 0 0 1
    outer loop
      vertex 67.84472221513641 41.844722215136414 2.4
      vertex 142.8 88.26410161513775 2.4
      vertex 67.08746300336715 42.50882072024251 2.4
    endloop
  endfacet
  facet normal 0 0 1
    outer loop
      vertex 67.08746300336715 42.50882072024251 2.4
      vertex 142.8 88.26410161513775 2.4
      vertex 66.25 43.068395609140175 2.4
    endloop
  endfacet
  facet normal 0 0 1
    outer loop
      vertex 64.39290664728941 43.837628862425824 2.4
      vertex 65.3466624292112 43.51387240033691 2.4
      vertex 142.8 88.26410161513775 2.4
    endloop
  endfacet
  facet normal 0 0 1
    outer loop
      vertex 65.3466624292112 43.51387240033691 2.4
      vertex 66.25 43.068395609140175 2.4
      vertex 142.8 88.26410161513775 2.4
    endloop
  endfacet
  facet normal 0 0 1
    outer loop
      vertex 67.84472221513641 41.844722215136414 2.4
      vertex 120.00842142333985 45.924334584121425 2.4
      vertex 137.3012993215049 81.61510557068519 2.4
    endloop
  endfacet
  facet normal 0 0 1
    outer loop
      vertex 58.55 43.068395609140175 2.4
      vertex 133.74562934842086 84.5 2.4
      vertex 61.099999999999994 84.5 2.4
    endloop
  endfacet
  facet normal 0 0 1
    outer loop
      vertex 23.7 86.10000000000001 2.4
      vertex 61.099999999999994 86.10000000000001 2.4
      vertex 142.8 88.26410161513775 2.4
    endloop
  endfacet
  facet normal 0 0 -1
    outer loop
      vertex 4 88.8 0
      vertex 135.35999999999999 82.65 0
      vertex 135.38814640608015 82.22056882759604 0
    endloop
  endfacet
  facet normal 0 0 -1
    outer loop
      vertex 4 88.8 0
      vertex 135.38814640608015 83.07943117240397 0
      vertex 135.35999999999999 82.65 0
    endloop
  endfacet
  facet normal 0 0 -1
    outer loop
      vertex 4 88.8 0
      vertex 135.472104031509 83.50151465838731 0
      vertex 135.38814640608015 83.07943117240397 0
    endloop
  endfacet
  facet normal 0 0 -1
    outer loop
      vertex 4 88.8 0
      vertex 135.61043633803786 83.90902849248116 0
      vertex 135.472104031509 83.50151465838731 0
    endloop
  endfacet
  facet normal 0 0 -1
    outer loop
      vertex 4 88.8 0
      vertex 135.8007764215492 84.29500000000002 0
      vertex 135.61043633803786 83.90902849248116 0
    endloop
  endfacet
  facet normal 0 0 -1
    outer loop
      vertex 4 88.8 0
      vertex 136.03986751044184 84.65282510143871 0
      vertex 135.8007764215492 84.29500000000002 0
    endloop
  endfacet
  facet normal 0 0 -1
    outer loop
      vertex 4 88.8 0
      vertex 136.32361868989625 84.97638131010375 0
      vertex 136.03986751044184 84.65282510143871 0
    endloop
  endfacet
  facet normal 0 0 -1
    outer loop
      vertex 4 88.8 0
      vertex 136.64717489856133 85.26013248955817 0
      vertex 136.32361868989625 84.97638131010375 0
    endloop
  endfacet
  facet normal 0 0 -1
    outer loop
      vertex 4 88.8 0
      vertex 137.005 85.49922357845081 0
      vertex 136.64717489856133 85.26013248955817 0
    endloop
  endfacet
  facet normal 0 0 -1
    outer loop
      vertex 4 88.8 0
      vertex 137.39097150751888 85.68956366196214 0
      vertex 137.005 85.49922357845081 0
    endloop
  endfacet
  facet normal 0 0 -1
    outer loop
      vertex 4 88.8 0
      vertex 142.8 88.26410161513775 0
      vertex 137.39097150751888 85.68956366196214 0
    endloop
  endfacet
  facet normal 0 0 -1
    outer loop
      vertex 4 88.8 0
      vertex 140.8 88.8 0
      vertex 142.8 88.26410161513775 0
    endloop
  endfacet
  facet normal 0 1 0
    outer loop
      vertex 4 88.8 2.4
      vertex 140.8 88.8 2.4
      vertex 140.8 88.8 0
    endloop
  endfacet
  facet normal 0 0 1
    outer loop
      vertex 4 88.8 2.4
      vertex 142.8 88.26410161513775 2.4
      vertex 140.8 88.8 2.4
    endloop
  endfacet
  facet normal 0 0 1
    outer loop
      vertex 120.00842142333985 45.924334584121425 2.4
      vertex 120.4 45.949999999999996 2.4
      vertex 138.65 80.95 2.4
    endloop
  endfacet
  facet normal 0 0 1
    outer loop
      vertex 120.4 45.949999999999996 2.4
      vertex 120.79157857666016 45.924334584121425 2.4
      vertex 138.8718945267741 80.96454373566453 2.4
    endloop
  endfacet
  facet normal 0 0 -1
    outer loop
      vertex 136.64717489856133 8.760132489558163 0
      vertex 135.8007764215492 81.005 0
      vertex 136.03986751044184 80.6471748985613 0
    endloop
  endfacet
  facet normal 0 0 -1
    outer loop
      vertex 136.64717489856133 8.760132489558163 0
      vertex 136.32361868989625 80.32361868989626 0
      vertex 136.64717489856133 80.03986751044184 0
    endloop
  endfacet
  facet normal 0 0 -1
    outer loop
      vertex 136.64717489856133 8.760132489558163 0
      vertex 136.64717489856133 80.03986751044184 0
      vertex 137.005 79.8007764215492 0
    endloop
  endfacet
  facet normal 0 0 -1
    outer loop
      vertex 136.64717489856133 8.760132489558163 0
      vertex 136.03986751044184 80.6471748985613 0
      vertex 136.32361868989625 80.32361868989626 0
    endloop
  endfacet
  facet normal 0 0 -1
    outer loop
      vertex 137.005 8.999223578450804 0
      vertex 137.005 79.8007764215492 0
      vertex 137.39097150751888 79.61043633803787 0
    endloop
  endfacet
  facet normal 0 0 -1
    outer loop
      vertex 137.39097150751888 9.189563661962135 0
      vertex 137.39097150751888 79.61043633803787 0
      vertex 137.79848534161272 79.47210403150896 0
    endloop
  endfacet
  facet normal 0 0 -1
    outer loop
      vertex 137.79848534161272 9.327895968491035 0
      vertex 137.79848534161272 79.47210403150896 0
      vertex 138.22056882759603 79.38814640608017 0
    endloop
  endfacet
  facet normal 0 0 -1
    outer loop
      vertex 136.64717489856133 8.760132489558163 0
      vertex 135.61043633803786 81.39097150751886 0
      vertex 135.8007764215492 81.005 0
    endloop
  endfacet
  facet normal 0 0 -1
    outer loop
      vertex 136.64717489856133 8.760132489558163 0
      vertex 135.472104031509 81.7984853416127 0
      vertex 135.61043633803786 81.39097150751886 0
    endloop
  endfacet
  facet normal 0 0 -1
    outer loop
      vertex 136.64717489856133 8.760132489558163 0
      vertex 135.38814640608015 82.22056882759604 0
      vertex 135.472104031509 81.7984853416127 0
    endloop
  endfacet
  facet normal 0 0 -1
    outer loop
      vertex 138.22056882759603 9.411853593919837 0
      vertex 138.22056882759603 79.38814640608017 0
      vertex 138.65 79.36000000000001 0
    endloop
  endfacet
  facet normal 0 0 -1
    outer loop
      vertex 138.65 9.44 0
      vertex 138.65 79.36000000000001 0
      vertex 139.07943117240399 79.38814640608017 0
    endloop
  endfacet
  facet normal 0 0 -1
    outer loop
      vertex 139.07943117240399 9.411853593919837 0
      vertex 139.07943117240399 79.38814640608017 0
      vertex 139.5015146583873 79.47210403150896 0
    endloop
  endfacet
  facet normal 0 0 -1
    outer loop
      vertex 139.5015146583873 9.327895968491035 0
      vertex 139.5015146583873 79.47210403150896 0
      vertex 139.90902849248113 79.61043633803787 0
    endloop
  endfacet
  facet normal 0 0 -1
    outer loop
      vertex 139.90902849248113 9.189563661962135 0
      vertex 139.90902849248113 79.61043633803787 0
      vertex 140.29500000000002 79.8007764215492 0
    endloop
  endfacet
  facet normal 0 0 -1
    outer loop
      vertex 140.29500000000002 8.999223578450804 0
      vertex 140.29500000000002 79.8007764215492 0
      vertex 140.65282510143868 80.03986751044184 0
    endloop
  endfacet
  facet normal 0 0 -1
    outer loop
      vertex 140.29500000000002 8.999223578450804 0
      vertex 140.65282510143868 80.03986751044184 0
      vertex 140.97638131010376 80.32361868989626 0
    endloop
  endfacet
  facet normal 0 0 -1
    outer loop
      vertex 140.29500000000002 8.999223578450804 0
      vertex 140.97638131010376 80.32361868989626 0
      vertex 141.26013248955817 80.6471748985613 0
    endloop
  endfacet
  facet normal 0 0 -1
    outer loop
      vertex 140.29500000000002 8.999223578450804 0
      vertex 141.26013248955817 80.6471748985613 0
      vertex 141.49922357845082 81.005 0
    endloop
  endfacet
  facet normal 0 0 -1
    outer loop
      vertex 140.29500000000002 8.999223578450804 0
      vertex 141.49922357845082 81.005 0
      vertex 141.68956366196215 81.39097150751886 0
    endloop
  endfacet
  facet normal 0 0 -1
    outer loop
      vertex 140.29500000000002 8.999223578450804 0
      vertex 141.68956366196215 81.39097150751886 0
      vertex 141.82789596849102 81.7984853416127 0
    endloop
  endfacet
  facet normal 0 0 -1
    outer loop
      vertex 140.29500000000002 8.999223578450804 0
      vertex 141.82789596849102 81.7984853416127 0
      vertex 141.91185359391986 82.22056882759604 0
    endloop
  endfacet
  facet normal 0 0 -1
    outer loop
      vertex 140.29500000000002 8.999223578450804 0
      vertex 141.91185359391986 82.22056882759604 0
      vertex 141.94000000000003 82.65 0
    endloop
  endfacet
  facet normal 0 0 -1
    outer loop
      vertex 142.8 88.26410161513775 0
      vertex 140.29500000000002 8.999223578450804 0
      vertex 141.94000000000003 82.65 0
    endloop
  endfacet
  facet normal 0 0 -1
    outer loop
      vertex 144.8 4 0
      vertex 142.8 88.26410161513775 0
      vertex 144.8 84.8 0
    endloop
  endfacet
  facet normal 1 0 0
    outer loop
      vertex 144.8 4 2.4
      vertex 144.8 84.8 0
      vertex 144.8 84.8 2.4
    endloop
  endfacet
  facet normal 0 0 1
    outer loop
      vertex 123.4 42.949999999999996 2.4
      vertex 139.85208152801712 81.44791847198287 2.4
      vertex 123.37433458412144 43.34157857666015 2.4
    endloop
  endfacet
  facet normal 0 0 1
    outer loop
      vertex 123.2977774788672 43.726457135307555 2.4
      vertex 123.37433458412144 43.34157857666015 2.4
      vertex 139.85208152801712 81.44791847198287 2.4
    endloop
  endfacet
  facet normal 0 0 1
    outer loop
      vertex 123.2977774788672 43.726457135307555 2.4
      vertex 139.68489442931482 81.3012993215049 2.4
      vertex 123.17163859753387 44.09805029709526 2.4
    endloop
  endfacet
  facet normal 0 0 1
    outer loop
      vertex 123.17163859753387 44.09805029709526 2.4
      vertex 139.68489442931482 81.3012993215049 2.4
      vertex 122.99807621135332 44.449999999999996 2.4
    endloop
  endfacet
  facet normal 0 0 1
    outer loop
      vertex 122.99807621135332 44.449999999999996 2.4
      vertex 139.5 81.17775681356646 2.4
      vertex 122.7800600208737 44.77628428702616 2.4
    endloop
  endfacet
  facet normal 0 0 1
    outer loop
      vertex 120.79157857666016 45.924334584121425 2.4
      vertex 121.17645713530757 45.8477774788672 2.4
      vertex 138.8718945267741 80.96454373566453 2.4
    endloop
  endfacet
  facet normal 0 0 1
    outer loop
      vertex 121.54805029709527 45.721638597533854 2.4
      vertex 139.0899923766743 81.00792609530859 2.4
      vertex 121.17645713530757 45.8477774788672 2.4
    endloop
  endfacet
  facet normal 0 0 1
    outer loop
      vertex 121.54805029709527 45.721638597533854 2.4
      vertex 121.9 45.54807621135331 2.4
      vertex 139.0899923766743 81.00792609530859 2.4
    endloop
  endfacet
  facet normal 0 0 1
    outer loop
      vertex 121.9 45.54807621135331 2.4
      vertex 122.22628428702616 45.3300600208737 2.4
      vertex 139.30056183502066 81.07940479473082 2.4
    endloop
  endfacet
  facet normal 0 0 1
    outer loop
      vertex 122.52132034355965 45.07132034355964 2.4
      vertex 139.30056183502066 81.07940479473082 2.4
      vertex 122.22628428702616 45.3300600208737 2.4
    endloop
  endfacet
  facet normal 0 0 1
    outer loop
      vertex 122.52132034355965 45.07132034355964 2.4
      vertex 122.7800600208737 44.77628428702616 2.4
      vertex 139.5 81.17775681356646 2.4
    endloop
  endfacet
  facet normal 0 0 1
    outer loop
      vertex 142.8 0.5358983848622456 2.4
      vertex 142.8 88.26410161513775 2.4
      vertex 142.1 78.70764917549897 2.4
    endloop
  endfacet
  facet normal 0 0 1
    outer loop
      vertex 144.8 4 2.4
      vertex 144.8 84.8 2.4
      vertex 142.8 88.26410161513775 2.4
    endloop
  endfacet
  facet normal 0 0 1
    outer loop
      vertex 58.55 43.068395609140175 2.4
      vertex 142.8 88.26410161513775 2.4
      vertex 133.74562934842086 84.5 2.4
    endloop
  endfacet
  facet normal 0 0 1
    outer loop
      vertex 67.84472221513641 41.844722215136414 2.4
      vertex 137.3012993215049 81.61510557068519 2.4
      vertex 137.17775681356645 81.80000000000001 2.4
    endloop
  endfacet
  facet normal 0 0 1
    outer loop
      vertex 67.84472221513641 41.844722215136414 2.4
      vertex 137.17775681356645 81.80000000000001 2.4
      vertex 137.0794047947308 81.99943816497935 2.4
    endloop
  endfacet
  facet normal 0 0 1
    outer loop
      vertex 67.84472221513641 41.844722215136414 2.4
      vertex 137.0079260953086 82.21000762332572 2.4
      vertex 136.96454373566453 82.42810547322591 2.4
    endloop
  endfacet
  facet normal 0 0 1
    outer loop
      vertex 67.84472221513641 41.844722215136414 2.4
      vertex 136.96454373566453 82.42810547322591 2.4
      vertex 136.95000000000002 82.65 2.4
    endloop
  endfacet
  facet normal 0 0 1
    outer loop
      vertex 67.84472221513641 41.844722215136414 2.4
      vertex 137.0794047947308 81.99943816497935 2.4
      vertex 137.0079260953086 82.21000762332572 2.4
    endloop
  endfacet
  facet normal 0 0 1
    outer loop
      vertex 67.84472221513641 41.844722215136414 2.4
      vertex 136.95000000000002 82.65 2.4
      vertex 136.96454373566453 82.8718945267741 2.4
    endloop
  endfacet
  facet normal 0 0 1
    outer loop
      vertex 67.84472221513641 41.844722215136414 2.4
      vertex 136.96454373566453 82.8718945267741 2.4
      vertex 137.0079260953086 83.08999237667429 2.4
    endloop
  endfacet
  facet normal 0 0 1
    outer loop
      vertex 67.84472221513641 41.844722215136414 2.4
      vertex 137.0079260953086 83.08999237667429 2.4
      vertex 137.0794047947308 83.30056183502066 2.4
    endloop
  endfacet
  facet normal 0 0 1
    outer loop
      vertex 67.84472221513641 41.844722215136414 2.4
      vertex 137.0794047947308 83.30056183502066 2.4
      vertex 137.17775681356645 83.5 2.4
    endloop
  endfacet
  facet normal 0 0 1
    outer loop
      vertex 67.84472221513641 41.844722215136414 2.4
      vertex 137.17775681356645 83.5 2.4
      vertex 137.3012993215049 83.68489442931482 2.4
    endloop
  endfacet
  facet normal 0 0 1
    outer loop
      vertex 67.84472221513641 41.844722215136414 2.4
      vertex 137.3012993215049 83.68489442931482 2.4
      vertex 137.4479184719829 83.85208152801714 2.4
    endloop
  endfacet
  facet normal 0 0 1
    outer loop
      vertex 67.84472221513641 41.844722215136414 2.4
      vertex 137.4479184719829 83.85208152801714 2.4
      vertex 137.6151055706852 83.99870067849511 2.4
    endloop
  endfacet
  facet normal 0 0 1
    outer loop
      vertex 67.84472221513641 41.844722215136414 2.4
      vertex 137.6151055706852 83.99870067849511 2.4
      vertex 137.8 84.12224318643355 2.4
    endloop
  endfacet
  facet normal 0 0 1
    outer loop
      vertex 67.84472221513641 41.844722215136414 2.4
      vertex 137.8 84.12224318643355 2.4
      vertex 142.8 88.26410161513775 2.4
    endloop
  endfacet
  facet normal 0 0 1
    outer loop
      vertex 61.099999999999994 86.10000000000001 2.4
      vertex 134.707649175499 86.10000000000001 2.4
      vertex 142.8 88.26410161513775 2.4
    endloop
  endfacet
  facet normal 0 0 1
    outer loop
      vertex 120.00842142333985 45.924334584121425 2.4
      vertex 138.2100076233257 81.00792609530859 2.4
      vertex 137.99943816497935 81.07940479473082 2.4
    endloop
  endfacet
  facet normal 0 0 1
    outer loop
      vertex 120.00842142333985 45.924334584121425 2.4
      vertex 138.4281054732259 80.96454373566453 2.4
      vertex 138.2100076233257 81.00792609530859 2.4
    endloop
  endfacet
  facet normal 0 0 1
    outer loop
      vertex 120.00842142333985 45.924334584121425 2.4
      vertex 138.65 80.95 2.4
      vertex 138.4281054732259 80.96454373566453 2.4
    endloop
  endfacet
  facet normal 0 0 1
    outer loop
      vertex 120.4 45.949999999999996 2.4
      vertex 138.8718945267741 80.96454373566453 2.4
      vertex 138.65 80.95 2.4
    endloop
  endfacet
  facet normal 0 0 1
    outer loop
      vertex 121.17645713530757 45.8477774788672 2.4
      vertex 139.0899923766743 81.00792609530859 2.4
      vertex 138.8718945267741 80.96454373566453 2.4
    endloop
  endfacet
  facet normal 0 0 1
    outer loop
      vertex 121.9 45.54807621135331 2.4
      vertex 139.30056183502066 81.07940479473082 2.4
      vertex 139.0899923766743 81.00792609530859 2.4
    endloop
  endfacet
  facet normal 0 0 1
    outer loop
      vertex 123.4 42.949999999999996 2.4
      vertex 140.5 77.74562934842088 2.4
      vertex 139.85208152801712 81.44791847198287 2.4
    endloop
  endfacet
  facet normal 0 0 1
    outer loop
      vertex 122.52132034355965 45.07132034355964 2.4
      vertex 139.5 81.17775681356646 2.4
      vertex 139.30056183502066 81.07940479473082 2.4
    endloop
  endfacet
  facet normal 0 0 1
    outer loop
      vertex 123.2977774788672 43.726457135307555 2.4
      vertex 139.85208152801712 81.44791847198287 2.4
      vertex 139.68489442931482 81.3012993215049 2.4
    endloop
  endfacet
  facet normal 0 0 1
    outer loop
      vertex 122.99807621135332 44.449999999999996 2.4
      vertex 139.68489442931482 81.3012993215049 2.4
      vertex 139.5 81.17775681356646 2.4
    endloop
  endfacet
  facet normal 0 0 1
    outer loop
      vertex 120.00842142333985 45.924334584121425 2.4
      vertex 137.4479184719829 81.44791847198287 2.4
      vertex 137.3012993215049 81.61510557068519 2.4
    endloop
  endfacet
  facet normal 0 0 1
    outer loop
      vertex 120.00842142333985 45.924334584121425 2.4
      vertex 137.6151055706852 81.3012993215049 2.4
      vertex 137.4479184719829 81.44791847198287 2.4
    endloop
  endfacet
  facet normal 0 0 1
    outer loop
      vertex 120.00842142333985 45.924334584121425 2.4
      vertex 137.8 81.17775681356646 2.4
      vertex 137.6151055706852 81.3012993215049 2.4
    endloop
  endfacet
  facet normal 0 0 1
    outer loop
      vertex 120.00842142333985 45.924334584121425 2.4
      vertex 137.99943816497935 81.07940479473082 2.4
      vertex 137.8 81.17775681356646 2.4
    endloop
  endfacet
  facet normal 0 0 -1
    outer loop
      vertex 142.8 88.26410161513775 0
      vertex 137.79848534161272 85.82789596849105 0
      vertex 137.39097150751888 85.68956366196214 0
    endloop
  endfacet
  facet normal 0 0 -1
    outer loop
      vertex 142.8 88.26410161513775 0
      vertex 138.22056882759603 85.91185359391984 0
      vertex 137.79848534161272 85.82789596849105 0
    endloop
  endfacet
  facet normal 0 0 -1
    outer loop
      vertex 142.8 88.26410161513775 0
      vertex 138.65 85.94 0
      vertex 138.22056882759603 85.91185359391984 0
    endloop
  endfacet
  facet normal 0 0 -1
    outer loop
      vertex 142.8 88.26410161513775 0
      vertex 139.07943117240399 85.91185359391984 0
      vertex 138.65 85.94 0
    endloop
  endfacet
  facet normal 0 0 -1
    outer loop
      vertex 142.8 88.26410161513775 0
      vertex 141.94000000000003 82.65 0
      vertex 141.91185359391986 83.07943117240397 0
    endloop
  endfacet
  facet normal 0 0 -1
    outer loop
      vertex 142.8 88.26410161513775 0
      vertex 141.91185359391986 83.07943117240397 0
      vertex 141.82789596849102 83.50151465838731 0
    endloop
  endfacet
  facet normal 0 0 -1
    outer loop
      vertex 142.8 88.26410161513775 0
      vertex 141.82789596849102 83.50151465838731 0
      vertex 141.68956366196215 83.90902849248116 0
    endloop
  endfacet
  facet normal 0 0 -1
    outer loop
      vertex 142.8 88.26410161513775 0
      vertex 141.26013248955817 84.65282510143871 0
      vertex 140.97638131010376 84.97638131010375 0
    endloop
  endfacet
  facet normal 0 0 -1
    outer loop
      vertex 142.8 88.26410161513775 0
      vertex 141.49922357845082 84.29500000000002 0
      vertex 141.26013248955817 84.65282510143871 0
    endloop
  endfacet
  facet normal 0 0 -1
    outer loop
      vertex 142.8 88.26410161513775 0
      vertex 141.68956366196215 83.90902849248116 0
      vertex 141.49922357845082 84.29500000000002 0
    endloop
  endfacet
  facet normal 0 0 -1
    outer loop
      vertex 144.8 84.8 0
      vertex 144.66370330515628 85.83527618041008 0
      vertex 144.76577944549524 85.32210476888021 0
    endloop
  endfacet
  facet normal 0 0 -1
    outer loop
      vertex 144.8 84.8 0
      vertex 144.26410161513778 86.8 0
      vertex 144.66370330515628 85.83527618041008 0
    endloop
  endfacet
  facet normal 0.997858923238602 0.06540312923016545 9.855743239914569e-19
    outer loop
      vertex 144.8 84.8 0
      vertex 144.76577944549524 85.32210476888021 0
      vertex 144.76577944549524 85.32210476888021 2.4
    endloop
  endfacet
  facet normal 0.9807852804032309 0.19509032201612622 0
    outer loop
      vertex 144.76577944549524 85.32210476888021 0
      vertex 144.66370330515628 85.83527618041008 0
      vertex 144.76577944549524 85.32210476888021 2.4
    endloop
  endfacet
  facet normal 0.9469301294951114 0.32143946530314454 0
    outer loop
      vertex 144.66370330515628 85.83527618041008 0
      vertex 144.49551813004516 86.33073372946036 0
      vertex 144.66370330515628 85.83527618041008 2.4
    endloop
  endfacet
  facet normal 0 0 -1
    outer loop
      vertex 142.8 88.26410161513775 0
      vertex 139.5015146583873 85.82789596849105 0
      vertex 139.07943117240399 85.91185359391984 0
    endloop
  endfacet
  facet normal 0 0 -1
    outer loop
      vertex 142.8 88.26410161513775 0
      vertex 139.90902849248113 85.68956366196214 0
      vertex 139.5015146583873 85.82789596849105 0
    endloop
  endfacet
  facet normal 0 0 -1
    outer loop
      vertex 142.8 88.26410161513775 0
      vertex 140.65282510143868 85.26013248955817 0
      vertex 140.29500000000002 85.49922357845081 0
    endloop
  endfacet
  facet normal 0 0 -1
    outer loop
      vertex 142.8 88.26410161513775 0
      vertex 140.29500000000002 85.49922357845081 0
      vertex 139.90902849248113 85.68956366196214 0
    endloop
  endfacet
  facet normal 0 0 -1
    outer loop
      vertex 142.8 88.26410161513775 0
      vertex 140.97638131010376 84.97638131010375 0
      vertex 140.65282510143868 85.26013248955817 0
    endloop
  endfacet
  facet normal 0 0 -1
    outer loop
      vertex 140.8 88.8 0
      vertex 141.32210476888022 88.76577944549524 0
      vertex 141.8352761804101 88.66370330515628 0
    endloop
  endfacet
  facet normal 0 0 -1
    outer loop
      vertex 140.8 88.8 0
      vertex 141.8352761804101 88.66370330515628 0
      vertex 142.8 88.26410161513775 0
    endloop
  endfacet
  facet normal 0 0 -1
    outer loop
      vertex 141.8352761804101 88.66370330515628 0
      vertex 142.33073372946038 88.49551813004514 0
      vertex 142.8 88.26410161513775 0
    endloop
  endfacet
  facet normal 0 0 -1
    outer loop
      vertex 144.8 84.8 0
      vertex 142.8 88.26410161513775 0
      vertex 144.26410161513778 86.8 0
    endloop
  endfacet
  facet normal 0 0 -1
    outer loop
      vertex 144.66370330515628 85.83527618041008 0
      vertex 144.26410161513778 86.8 0
      vertex 144.49551813004516 86.33073372946036 0
    endloop
  endfacet
  facet normal 0 0 -1
    outer loop
      vertex 143.97341336116494 87.23504571603488 0
      vertex 144.26410161513778 86.8 0
      vertex 143.6284271247462 87.62842712474618 0
    endloop
  endfacet
  facet normal 0 0 -1
    outer loop
      vertex 144.26410161513778 86.8 0
      vertex 142.8 88.26410161513775 0
      vertex 143.6284271247462 87.62842712474618 0
    endloop
  endfacet
  facet normal 0 0 -1
    outer loop
      vertex 143.6284271247462 87.62842712474618 0
      vertex 142.8 88.26410161513775 0
      vertex 143.2350457160349 87.97341336116494 0
    endloop
  endfacet
  facet normal 0.06540312923013841 0.9978589232386038 0
    outer loop
      vertex 140.8 88.8 0
      vertex 140.8 88.8 2.4
      vertex 141.32210476888022 88.76577944549524 0
    endloop
  endfacet
  facet normal 0.19509032201612622 0.9807852804032309 -1.9467062703002232e-18
    outer loop
      vertex 141.32210476888022 88.76577944549524 0
      vertex 141.8352761804101 88.66370330515628 2.4
      vertex 141.8352761804101 88.66370330515628 0
    endloop
  endfacet
  facet normal 0.3214394653031689 0.9469301294951031 0
    outer loop
      vertex 141.8352761804101 88.66370330515628 0
      vertex 141.8352761804101 88.66370330515628 2.4
      vertex 142.33073372946038 88.49551813004514 0
    endloop
  endfacet
  facet normal 0.8968727415326953 0.4422886902189873 -2.761404359122168e-18
    outer loop
      vertex 144.49551813004516 86.33073372946036 0
      vertex 144.26410161513778 86.8 0
      vertex 144.26410161513778 86.8 2.4
    endloop
  endfacet
  facet normal 0.7518398074789787 0.6593458151000674 0
    outer loop
      vertex 143.97341336116494 87.23504571603488 0
      vertex 143.6284271247462 87.62842712474618 0
      vertex 143.97341336116494 87.23504571603488 2.4
    endloop
  endfacet
  facet normal 0.8314696123025271 0.5555702330196293 0
    outer loop
      vertex 143.97341336116494 87.23504571603488 0
      vertex 143.97341336116494 87.23504571603488 2.4
      vertex 144.26410161513778 86.8 0
    endloop
  endfacet
  facet normal 0.6593458151000963 0.7518398074789534 0
    outer loop
      vertex 143.6284271247462 87.62842712474618 0
      vertex 143.2350457160349 87.97341336116494 0
      vertex 143.6284271247462 87.62842712474618 2.4
    endloop
  endfacet
  facet normal 0.44228869021900913 0.8968727415326845 2.447589343605105e-18
    outer loop
      vertex 142.33073372946038 88.49551813004514 0
      vertex 142.8 88.26410161513775 2.4
      vertex 142.8 88.26410161513775 0
    endloop
  endfacet
  facet normal 0.5555702330195792 0.8314696123025607 3.8364696116760715e-18
    outer loop
      vertex 143.2350457160349 87.97341336116494 0
      vertex 142.8 88.26410161513775 0
      vertex 142.8 88.26410161513775 2.4
    endloop
  endfacet
  facet normal 0.997858923238602 0.06540312923016545 0
    outer loop
      vertex 144.8 84.8 0
      vertex 144.76577944549524 85.32210476888021 2.4
      vertex 144.8 84.8 2.4
    endloop
  endfacet
  facet normal 0.9807852804032309 0.19509032201612622 0
    outer loop
      vertex 144.66370330515628 85.83527618041008 0
      vertex 144.66370330515628 85.83527618041008 2.4
      vertex 144.76577944549524 85.32210476888021 2.4
    endloop
  endfacet
  facet normal 0.06540312923013841 0.9978589232386038 0
    outer loop
      vertex 141.32210476888022 88.76577944549524 0
      vertex 140.8 88.8 2.4
      vertex 141.32210476888022 88.76577944549524 2.4
    endloop
  endfacet
  facet normal 0.19509032201612622 0.9807852804032309 0
    outer loop
      vertex 141.32210476888022 88.76577944549524 0
      vertex 141.32210476888022 88.76577944549524 2.4
      vertex 141.8352761804101 88.66370330515628 2.4
    endloop
  endfacet
  facet normal 0.44228869021900913 0.8968727415326845 0
    outer loop
      vertex 142.33073372946038 88.49551813004514 0
      vertex 142.33073372946038 88.49551813004514 2.4
      vertex 142.8 88.26410161513775 2.4
    endloop
  endfacet
  facet normal 0.3214394653031689 0.9469301294951031 0
    outer loop
      vertex 142.33073372946038 88.49551813004514 0
      vertex 141.8352761804101 88.66370330515628 2.4
      vertex 142.33073372946038 88.49551813004514 2.4
    endloop
  endfacet
  facet normal 0.9469301294951114 0.32143946530314454 0
    outer loop
      vertex 144.49551813004516 86.33073372946036 0
      vertex 144.49551813004516 86.33073372946036 2.4
      vertex 144.66370330515628 85.83527618041008 2.4
    endloop
  endfacet
  facet normal 0.8968727415326953 0.4422886902189873 0
    outer loop
      vertex 144.49551813004516 86.33073372946036 0
      vertex 144.26410161513778 86.8 2.4
      vertex 144.49551813004516 86.33073372946036 2.4
    endloop
  endfacet
  facet normal 0.8314696123025271 0.5555702330196293 0
    outer loop
      vertex 144.26410161513778 86.8 0
      vertex 143.97341336116494 87.23504571603488 2.4
      vertex 144.26410161513778 86.8 2.4
    endloop
  endfacet
  facet normal 0.5555702330195792 0.8314696123025607 0
    outer loop
      vertex 143.2350457160349 87.97341336116494 0
      vertex 142.8 88.26410161513775 2.4
      vertex 143.2350457160349 87.97341336116494 2.4
    endloop
  endfacet
  facet normal 0.6593458151000963 0.7518398074789534 0
    outer loop
      vertex 143.2350457160349 87.97341336116494 0
      vertex 143.2350457160349 87.97341336116494 2.4
      vertex 143.6284271247462 87.62842712474618 2.4
    endloop
  endfacet
  facet normal 0.7518398074789787 0.6593458151000674 0
    outer loop
      vertex 143.6284271247462 87.62842712474618 0
      vertex 143.6284271247462 87.62842712474618 2.4
      vertex 143.97341336116494 87.23504571603488 2.4
    endloop
  endfacet
  facet normal 0 0 1
    outer loop
      vertex 140.5 77.74562934842088 2.4
      vertex 139.9987006784951 81.61510557068519 2.4
      vertex 139.85208152801712 81.44791847198287 2.4
    endloop
  endfacet
  facet normal 0 0 1
    outer loop
      vertex 140.5 77.74562934842088 2.4
      vertex 140.12224318643356 81.80000000000001 2.4
      vertex 139.9987006784951 81.61510557068519 2.4
    endloop
  endfacet
  facet normal 0 0 1
    outer loop
      vertex 140.5 77.74562934842088 2.4
      vertex 140.2205952052692 81.99943816497935 2.4
      vertex 140.12224318643356 81.80000000000001 2.4
    endloop
  endfacet
  facet normal 0 0 1
    outer loop
      vertex 140.5 77.74562934842088 2.4
      vertex 140.29207390469142 82.21000762332572 2.4
      vertex 140.2205952052692 81.99943816497935 2.4
    endloop
  endfacet
  facet normal 0 0 1
    outer loop
      vertex 140.5 77.74562934842088 2.4
      vertex 140.33545626433548 82.42810547322591 2.4
      vertex 140.29207390469142 82.21000762332572 2.4
    endloop
  endfacet
  facet normal 0 0 1
    outer loop
      vertex 140.5 77.74562934842088 2.4
      vertex 140.65908801991674 77.79963245431576 2.4
      vertex 142.8 88.26410161513775 2.4
    endloop
  endfacet
  facet normal 0 0 1
    outer loop
      vertex 140.65908801991674 77.79963245431576 2.4
      vertex 141.275 78.1033666301317 2.4
      vertex 142.8 88.26410161513775 2.4
    endloop
  endfacet
  facet normal 0 0 1
    outer loop
      vertex 141.275 78.1033666301317 2.4
      vertex 141.8459975022958 78.48489496347102 2.4
      vertex 142.8 88.26410161513775 2.4
    endloop
  endfacet
  facet normal 0 0 1
    outer loop
      vertex 141.8459975022958 78.48489496347102 2.4
      vertex 142.1 78.70764917549897 2.4
      vertex 142.8 88.26410161513775 2.4
    endloop
  endfacet
  facet normal 0 0 1
    outer loop
      vertex 140.5 77.74562934842088 2.4
      vertex 142.8 88.26410161513775 2.4
      vertex 140.33545626433548 82.42810547322591 2.4
    endloop
  endfacet
  facet normal 0 0 1
    outer loop
      vertex 133.74562934842086 84.5 2.4
      vertex 142.8 88.26410161513775 2.4
      vertex 133.79963245431574 84.65908801991672 2.4
    endloop
  endfacet
  facet normal 0 0 1
    outer loop
      vertex 142.8 88.26410161513775 2.4
      vertex 137.8 84.12224318643355 2.4
      vertex 137.99943816497935 84.22059520526919 2.4
    endloop
  endfacet
  facet normal 0 0 1
    outer loop
      vertex 142.8 88.26410161513775 2.4
      vertex 137.99943816497935 84.22059520526919 2.4
      vertex 138.2100076233257 84.29207390469142 2.4
    endloop
  endfacet
  facet normal 0 0 1
    outer loop
      vertex 142.8 88.26410161513775 2.4
      vertex 138.2100076233257 84.29207390469142 2.4
      vertex 138.4281054732259 84.33545626433548 2.4
    endloop
  endfacet
  facet normal 0 0 1
    outer loop
      vertex 142.8 88.26410161513775 2.4
      vertex 138.4281054732259 84.33545626433548 2.4
      vertex 138.65 84.35000000000001 2.4
    endloop
  endfacet
  facet normal 0 0 1
    outer loop
      vertex 142.8 88.26410161513775 2.4
      vertex 138.65 84.35000000000001 2.4
      vertex 138.8718945267741 84.33545626433548 2.4
    endloop
  endfacet
  facet normal 0 0 1
    outer loop
      vertex 142.8 88.26410161513775 2.4
      vertex 138.8718945267741 84.33545626433548 2.4
      vertex 139.0899923766743 84.29207390469142 2.4
    endloop
  endfacet
  facet normal 0 0 1
    outer loop
      vertex 133.79963245431574 84.65908801991672 2.4
      vertex 142.8 88.26410161513775 2.4
      vertex 134.1033666301317 85.275 2.4
    endloop
  endfacet
  facet normal 0 0 1
    outer loop
      vertex 134.1033666301317 85.275 2.4
      vertex 142.8 88.26410161513775 2.4
      vertex 134.48489496347102 85.84599750229579 2.4
    endloop
  endfacet
  facet normal 0 0 1
    outer loop
      vertex 134.48489496347102 85.84599750229579 2.4
      vertex 142.8 88.26410161513775 2.4
      vertex 134.707649175499 86.10000000000001 2.4
    endloop
  endfacet
  facet normal 0 0 1
    outer loop
      vertex 142.8 88.26410161513775 2.4
      vertex 140.35 82.65 2.4
      vertex 140.33545626433548 82.42810547322591 2.4
    endloop
  endfacet
  facet normal 0 0 1
    outer loop
      vertex 142.8 88.26410161513775 2.4
      vertex 140.33545626433548 82.8718945267741 2.4
      vertex 140.35 82.65 2.4
    endloop
  endfacet
  facet normal 0 0 1
    outer loop
      vertex 142.8 88.26410161513775 2.4
      vertex 140.2205952052692 83.30056183502066 2.4
      vertex 140.29207390469142 83.08999237667429 2.4
    endloop
  endfacet
  facet normal 0 0 1
    outer loop
      vertex 142.8 88.26410161513775 2.4
      vertex 140.29207390469142 83.08999237667429 2.4
      vertex 140.33545626433548 82.8718945267741 2.4
    endloop
  endfacet
  facet normal 0 0 1
    outer loop
      vertex 142.8 88.26410161513775 2.4
      vertex 139.9987006784951 83.68489442931482 2.4
      vertex 140.12224318643356 83.5 2.4
    endloop
  endfacet
  facet normal 0 0 1
    outer loop
      vertex 142.8 88.26410161513775 2.4
      vertex 140.12224318643356 83.5 2.4
      vertex 140.2205952052692 83.30056183502066 2.4
    endloop
  endfacet
  facet normal 0 0 1
    outer loop
      vertex 142.8 88.26410161513775 2.4
      vertex 139.85208152801712 83.85208152801714 2.4
      vertex 139.9987006784951 83.68489442931482 2.4
    endloop
  endfacet
  facet normal 0 0 1
    outer loop
      vertex 142.8 88.26410161513775 2.4
      vertex 139.0899923766743 84.29207390469142 2.4
      vertex 139.30056183502066 84.22059520526919 2.4
    endloop
  endfacet
  facet normal 0 0 1
    outer loop
      vertex 142.8 88.26410161513775 2.4
      vertex 139.30056183502066 84.22059520526919 2.4
      vertex 139.5 84.12224318643355 2.4
    endloop
  endfacet
  facet normal 0 0 1
    outer loop
      vertex 142.8 88.26410161513775 2.4
      vertex 139.5 84.12224318643355 2.4
      vertex 139.68489442931482 83.99870067849511 2.4
    endloop
  endfacet
  facet normal 0 0 1
    outer loop
      vertex 142.8 88.26410161513775 2.4
      vertex 139.68489442931482 83.99870067849511 2.4
      vertex 139.85208152801712 83.85208152801714 2.4
    endloop
  endfacet
  facet normal 0 0 1
    outer loop
      vertex 144.8 84.8 2.4
      vertex 144.76577944549524 85.32210476888021 2.4
      vertex 144.66370330515628 85.83527618041008 2.4
    endloop
  endfacet
  facet normal 0 0 1
    outer loop
      vertex 140.8 88.8 2.4
      vertex 141.8352761804101 88.66370330515628 2.4
      vertex 141.32210476888022 88.76577944549524 2.4
    endloop
  endfacet
  facet normal 0 0 1
    outer loop
      vertex 140.8 88.8 2.4
      vertex 142.8 88.26410161513775 2.4
      vertex 141.8352761804101 88.66370330515628 2.4
    endloop
  endfacet
  facet normal 0 0 1
    outer loop
      vertex 141.8352761804101 88.66370330515628 2.4
      vertex 142.8 88.26410161513775 2.4
      vertex 142.33073372946038 88.49551813004514 2.4
    endloop
  endfacet
  facet normal 0 0 1
    outer loop
      vertex 144.8 84.8 2.4
      vertex 144.66370330515628 85.83527618041008 2.4
      vertex 142.8 88.26410161513775 2.4
    endloop
  endfacet
  facet normal 0 0 1
    outer loop
      vertex 144.66370330515628 85.83527618041008 2.4
      vertex 144.49551813004516 86.33073372946036 2.4
      vertex 144.26410161513778 86.8 2.4
    endloop
  endfacet
  facet normal 0 0 1
    outer loop
      vertex 144.66370330515628 85.83527618041008 2.4
      vertex 144.26410161513778 86.8 2.4
      vertex 143.97341336116494 87.23504571603488 2.4
    endloop
  endfacet
  facet normal 0 0 1
    outer loop
      vertex 144.66370330515628 85.83527618041008 2.4
      vertex 143.97341336116494 87.23504571603488 2.4
      vertex 142.8 88.26410161513775 2.4
    endloop
  endfacet
  facet normal 0 0 1
    outer loop
      vertex 143.97341336116494 87.23504571603488 2.4
      vertex 143.6284271247462 87.62842712474618 2.4
      vertex 142.8 88.26410161513775 2.4
    endloop
  endfacet
  facet normal 0 0 1
    outer loop
      vertex 143.6284271247462 87.62842712474618 2.4
      vertex 143.2350457160349 87.97341336116494 2.4
      vertex 142.8 88.26410161513775 2.4
    endloop
  endfacet
  facet normal 0.5555702330196022 0.8314696123025452 0
    outer loop
      vertex 2.954002497704217 78.48489496347102 2.4
      vertex 2.954002497704217 78.48489496347102 5.4
      vertex 3.5250000000000004 78.1033666301317 2.4
    endloop
  endfacet
  facet normal 0.6593458151000602 0.7518398074789849 0
    outer loop
      vertex 2.6999999999999997 78.70764917549899 2.4
      vertex 2.6999999999999997 78.70764917549899 5.4
      vertex 2.954002497704217 78.48489496347102 2.4
    endloop
  endfacet
  facet normal 0.4422886902189946 0.8968727415326915 0
    outer loop
      vertex 3.5250000000000004 78.1033666301317 2.4
      vertex 3.5250000000000004 78.1033666301317 5.4
      vertex 4.140911980083279 77.79963245431576 2.4
    endloop
  endfacet
  facet normal 0.32143946530319445 0.9469301294950946 0
    outer loop
      vertex 4.140911980083279 77.79963245431576 2.4
      vertex 4.140911980083279 77.79963245431576 5.4
      vertex 4.3 77.74562934842088 2.4
    endloop
  endfacet
  facet normal -0.9469301294951057 -0.32143946530316114 0
    outer loop
      vertex 11.054370651579129 84.5 2.4
      vertex 11.054370651579129 84.5 5.4
      vertex 11.000367545684256 84.65908801991672 2.4
    endloop
  endfacet
  facet normal -0.8968727415326895 -0.4422886902189988 5.121685628516168e-18
    outer loop
      vertex 10.696633369868303 85.275 2.4
      vertex 11.000367545684256 84.65908801991672 2.4
      vertex 11.000367545684256 84.65908801991672 5.4
    endloop
  endfacet
  facet normal -0.8314696123025448 -0.5555702330196032 0
    outer loop
      vertex 10.696633369868303 85.275 2.4
      vertex 10.696633369868303 85.275 5.4
      vertex 10.315105036528985 85.84599750229579 2.4
    endloop
  endfacet
  facet normal -0.7518398074789792 -0.6593458151000668 0
    outer loop
      vertex 10.315105036528985 85.84599750229579 2.4
      vertex 10.315105036528985 85.84599750229579 5.4
      vertex 10.092350824501013 86.10000000000001 2.4
    endloop
  endfacet
  facet normal 0.5555702330196022 0.8314696123025452 0
    outer loop
      vertex 3.5250000000000004 78.1033666301317 2.4
      vertex 2.954002497704217 78.48489496347102 5.4
      vertex 3.5250000000000004 78.1033666301317 5.4
    endloop
  endfacet
  facet normal 0.6593458151000602 0.7518398074789849 0
    outer loop
      vertex 2.954002497704217 78.48489496347102 2.4
      vertex 2.6999999999999997 78.70764917549899 5.4
      vertex 2.954002497704217 78.48489496347102 5.4
    endloop
  endfacet
  facet normal 0.4422886902189946 0.8968727415326915 0
    outer loop
      vertex 4.140911980083279 77.79963245431576 2.4
      vertex 3.5250000000000004 78.1033666301317 5.4
      vertex 4.140911980083279 77.79963245431576 5.4
    endloop
  endfacet
  facet normal 0.32143946530319445 0.9469301294950946 0
    outer loop
      vertex 4.3 77.74562934842088 2.4
      vertex 4.140911980083279 77.79963245431576 5.4
      vertex 4.3 77.74562934842088 5.4
    endloop
  endfacet
  facet normal -0.9469301294951057 -0.32143946530316114 0
    outer loop
      vertex 11.000367545684256 84.65908801991672 2.4
      vertex 11.054370651579129 84.5 5.4
      vertex 11.000367545684256 84.65908801991672 5.4
    endloop
  endfacet
  facet normal -0.7518398074789792 -0.6593458151000668 0
    outer loop
      vertex 10.092350824501013 86.10000000000001 2.4
      vertex 10.315105036528985 85.84599750229579 5.4
      vertex 10.092350824501013 86.10000000000001 5.4
    endloop
  endfacet
  facet normal -0.8968727415326895 -0.4422886902189988 0
    outer loop
      vertex 10.696633369868303 85.275 2.4
      vertex 11.000367545684256 84.65908801991672 5.4
      vertex 10.696633369868303 85.275 5.4
    endloop
  endfacet
  facet normal -0.8314696123025448 -0.5555702330196032 0
    outer loop
      vertex 10.315105036528985 85.84599750229579 2.4
      vertex 10.696633369868303 85.275 5.4
      vertex 10.315105036528985 85.84599750229579 5.4
    endloop
  endfacet
  facet normal 0.6593458151000692 -0.7518398074789772 -1.6002860775648415e-18
    outer loop
      vertex 2.6999999999999997 10.092350824501015 2.4
      vertex 2.954002497704217 10.315105036528985 2.4
      vertex 2.954002497704217 10.315105036528985 5.4
    endloop
  endfacet
  facet normal 0.5555702330196022 -0.8314696123025452 5.356154915720426e-18
    outer loop
      vertex 2.954002497704217 10.315105036528985 2.4
      vertex 3.5250000000000004 10.696633369868303 2.4
      vertex 3.5250000000000004 10.696633369868303 5.4
    endloop
  endfacet
  facet normal 0.4422886902190009 -0.8968727415326886 -3.477723771108908e-18
    outer loop
      vertex 3.5250000000000004 10.696633369868303 2.4
      vertex 4.140911980083279 11.000367545684256 2.4
      vertex 4.140911980083279 11.000367545684256 5.4
    endloop
  endfacet
  facet normal 0.321439465303166 -0.9469301294951041 1.2098088663741902e-18
    outer loop
      vertex 4.140911980083279 11.000367545684256 2.4
      vertex 4.3 11.054370651579129 2.4
      vertex 4.3 11.054370651579129 5.4
    endloop
  endfacet
  facet normal -0.7518398074789772 0.6593458151000692 0
    outer loop
      vertex 10.092350824501015 2.6999999999999997 2.4
      vertex 10.092350824501015 2.6999999999999997 5.4
      vertex 10.315105036528985 2.954002497704217 2.4
    endloop
  endfacet
  facet normal -0.8314696123025452 0.5555702330196022 0
    outer loop
      vertex 10.315105036528985 2.954002497704217 2.4
      vertex 10.315105036528985 2.954002497704217 5.4
      vertex 10.696633369868303 3.5250000000000004 2.4
    endloop
  endfacet
  facet normal -0.8968727415326886 0.4422886902190009 0
    outer loop
      vertex 10.696633369868303 3.5250000000000004 2.4
      vertex 10.696633369868303 3.5250000000000004 5.4
      vertex 11.000367545684256 4.140911980083279 2.4
    endloop
  endfacet
  facet normal -0.9469301294951041 0.321439465303166 0
    outer loop
      vertex 11.000367545684256 4.140911980083279 2.4
      vertex 11.000367545684256 4.140911980083279 5.4
      vertex 11.054370651579129 4.3 2.4
    endloop
  endfacet
  facet normal 0.6593458151000692 -0.7518398074789772 0
    outer loop
      vertex 2.6999999999999997 10.092350824501015 2.4
      vertex 2.954002497704217 10.315105036528985 5.4
      vertex 2.6999999999999997 10.092350824501015 5.4
    endloop
  endfacet
  facet normal 0.5555702330196022 -0.8314696123025452 0
    outer loop
      vertex 2.954002497704217 10.315105036528985 2.4
      vertex 3.5250000000000004 10.696633369868303 5.4
      vertex 2.954002497704217 10.315105036528985 5.4
    endloop
  endfacet
  facet normal 0.4422886902190009 -0.8968727415326886 0
    outer loop
      vertex 3.5250000000000004 10.696633369868303 2.4
      vertex 4.140911980083279 11.000367545684256 5.4
      vertex 3.5250000000000004 10.696633369868303 5.4
    endloop
  endfacet
  facet normal 0.321439465303166 -0.9469301294951041 0
    outer loop
      vertex 4.140911980083279 11.000367545684256 2.4
      vertex 4.3 11.054370651579129 5.4
      vertex 4.140911980083279 11.000367545684256 5.4
    endloop
  endfacet
  facet normal -0.7518398074789772 0.6593458151000692 0
    outer loop
      vertex 10.315105036528985 2.954002497704217 2.4
      vertex 10.092350824501015 2.6999999999999997 5.4
      vertex 10.315105036528985 2.954002497704217 5.4
    endloop
  endfacet
  facet normal -0.8314696123025452 0.5555702330196022 0
    outer loop
      vertex 10.696633369868303 3.5250000000000004 2.4
      vertex 10.315105036528985 2.954002497704217 5.4
      vertex 10.696633369868303 3.5250000000000004 5.4
    endloop
  endfacet
  facet normal -0.8968727415326886 0.4422886902190009 0
    outer loop
      vertex 11.000367545684256 4.140911980083279 2.4
      vertex 10.696633369868303 3.5250000000000004 5.4
      vertex 11.000367545684256 4.140911980083279 5.4
    endloop
  endfacet
  facet normal -0.9469301294951041 0.321439465303166 0
    outer loop
      vertex 11.054370651579129 4.3 2.4
      vertex 11.000367545684256 4.140911980083279 5.4
      vertex 11.054370651579129 4.3 5.4
    endloop
  endfacet
  facet normal 0.946930129495096 -0.32143946530318956 6.425703219702117e-20
    outer loop
      vertex 133.74562934842086 84.5 2.4
      vertex 133.79963245431574 84.65908801991672 2.4
      vertex 133.79963245431574 84.65908801991672 5.4
    endloop
  endfacet
  facet normal 0.8968727415326926 -0.4422886902189926 4.913814679519253e-18
    outer loop
      vertex 133.79963245431574 84.65908801991672 2.4
      vertex 134.1033666301317 85.275 2.4
      vertex 134.1033666301317 85.275 5.4
    endloop
  endfacet
  facet normal 0.831469612302535 -0.5555702330196174 5.859495194067613e-18
    outer loop
      vertex 134.1033666301317 85.275 2.4
      vertex 134.48489496347102 85.84599750229579 2.4
      vertex 134.48489496347102 85.84599750229579 5.4
    endloop
  endfacet
  facet normal 0.7518398074789688 -0.6593458151000788 -4.1345410871451055e-19
    outer loop
      vertex 134.48489496347102 85.84599750229579 2.4
      vertex 134.707649175499 86.10000000000001 2.4
      vertex 134.707649175499 86.10000000000001 5.4
    endloop
  endfacet
  facet normal -0.32143946530316386 0.9469301294951049 0
    outer loop
      vertex 140.5 77.74562934842088 2.4
      vertex 140.5 77.74562934842088 5.4
      vertex 140.65908801991674 77.79963245431576 2.4
    endloop
  endfacet
  facet normal -0.4422886902190008 0.8968727415326886 0
    outer loop
      vertex 140.65908801991674 77.79963245431576 2.4
      vertex 140.65908801991674 77.79963245431576 5.4
      vertex 141.275 78.1033666301317 2.4
    endloop
  endfacet
  facet normal -0.5555702330195935 0.8314696123025511 0
    outer loop
      vertex 141.275 78.1033666301317 2.4
      vertex 141.275 78.1033666301317 5.4
      vertex 141.8459975022958 78.48489496347102 2.4
    endloop
  endfacet
  facet normal -0.659345815100073 0.7518398074789739 0
    outer loop
      vertex 141.8459975022958 78.48489496347102 2.4
      vertex 141.8459975022958 78.48489496347102 5.4
      vertex 142.1 78.70764917549897 2.4
    endloop
  endfacet
  facet normal 0.946930129495096 -0.32143946530318956 0
    outer loop
      vertex 133.74562934842086 84.5 2.4
      vertex 133.79963245431574 84.65908801991672 5.4
      vertex 133.74562934842086 84.5 5.4
    endloop
  endfacet
  facet normal 0.8968727415326926 -0.4422886902189926 0
    outer loop
      vertex 133.79963245431574 84.65908801991672 2.4
      vertex 134.1033666301317 85.275 5.4
      vertex 133.79963245431574 84.65908801991672 5.4
    endloop
  endfacet
  facet normal 0.831469612302535 -0.5555702330196174 0
    outer loop
      vertex 134.1033666301317 85.275 2.4
      vertex 134.48489496347102 85.84599750229579 5.4
      vertex 134.1033666301317 85.275 5.4
    endloop
  endfacet
  facet normal 0.7518398074789688 -0.6593458151000788 0
    outer loop
      vertex 134.48489496347102 85.84599750229579 2.4
      vertex 134.707649175499 86.10000000000001 5.4
      vertex 134.48489496347102 85.84599750229579 5.4
    endloop
  endfacet
  facet normal -0.32143946530316386 0.9469301294951049 0
    outer loop
      vertex 140.65908801991674 77.79963245431576 2.4
      vertex 140.5 77.74562934842088 5.4
      vertex 140.65908801991674 77.79963245431576 5.4
    endloop
  endfacet
  facet normal -0.4422886902190008 0.8968727415326886 0
    outer loop
      vertex 141.275 78.1033666301317 2.4
      vertex 140.65908801991674 77.79963245431576 5.4
      vertex 141.275 78.1033666301317 5.4
    endloop
  endfacet
  facet normal -0.5555702330195935 0.8314696123025511 0
    outer loop
      vertex 141.8459975022958 78.48489496347102 2.4
      vertex 141.275 78.1033666301317 5.4
      vertex 141.8459975022958 78.48489496347102 5.4
    endloop
  endfacet
  facet normal -0.659345815100073 0.7518398074789739 0
    outer loop
      vertex 142.1 78.70764917549897 2.4
      vertex 141.8459975022958 78.48489496347102 5.4
      vertex 142.1 78.70764917549897 5.4
    endloop
  endfacet
  facet normal 0.7518398074789641 0.6593458151000838 7.568412670735259e-19
    outer loop
      vertex 134.707649175499 2.6999999999999997 2.4
      vertex 134.48489496347102 2.954002497704217 2.4
      vertex 134.48489496347102 2.954002497704217 5.4
    endloop
  endfacet
  facet normal 0.8314696123025358 0.5555702330196165 3.3911123460538306e-18
    outer loop
      vertex 134.48489496347102 2.954002497704217 2.4
      vertex 134.1033666301317 3.5250000000000004 2.4
      vertex 134.1033666301317 3.5250000000000004 5.4
    endloop
  endfacet
  facet normal 0.8968727415326915 0.4422886902189946 0
    outer loop
      vertex 133.79963245431574 4.140911980083279 2.4
      vertex 133.79963245431574 4.140911980083279 5.4
      vertex 134.1033666301317 3.5250000000000004 2.4
    endloop
  endfacet
  facet normal 0.9469301294950946 0.32143946530319445 -2.4057974822773848e-19
    outer loop
      vertex 133.79963245431574 4.140911980083279 2.4
      vertex 133.74562934842086 4.3 2.4
      vertex 133.74562934842086 4.3 5.4
    endloop
  endfacet
  facet normal -0.32143946530315437 -0.946930129495108 1.7003311972635508e-18
    outer loop
      vertex 140.5 11.054370651579132 2.4
      vertex 140.65908801991674 11.000367545684256 2.4
      vertex 140.65908801991674 11.000367545684256 5.4
    endloop
  endfacet
  facet normal -0.442288690219007 -0.8968727415326855 -1.4541618011129654e-18
    outer loop
      vertex 140.65908801991674 11.000367545684256 2.4
      vertex 141.275 10.696633369868303 2.4
      vertex 141.275 10.696633369868303 5.4
    endloop
  endfacet
  facet normal -0.659345815100076 -0.7518398074789713 -1.1554204359643765e-18
    outer loop
      vertex 141.8459975022958 10.315105036528985 2.4
      vertex 142.1 10.092350824501032 2.4
      vertex 142.1 10.092350824501032 5.4
    endloop
  endfacet
  facet normal -0.5555702330195935 -0.8314696123025511 -5.748827058674497e-18
    outer loop
      vertex 141.275 10.696633369868303 2.4
      vertex 141.8459975022958 10.315105036528985 2.4
      vertex 141.8459975022958 10.315105036528985 5.4
    endloop
  endfacet
  facet normal 0.8314696123025358 0.5555702330196165 0
    outer loop
      vertex 134.48489496347102 2.954002497704217 2.4
      vertex 134.1033666301317 3.5250000000000004 5.4
      vertex 134.48489496347102 2.954002497704217 5.4
    endloop
  endfacet
  facet normal 0.8968727415326915 0.4422886902189946 0
    outer loop
      vertex 134.1033666301317 3.5250000000000004 2.4
      vertex 133.79963245431574 4.140911980083279 5.4
      vertex 134.1033666301317 3.5250000000000004 5.4
    endloop
  endfacet
  facet normal 0.7518398074789641 0.6593458151000838 0
    outer loop
      vertex 134.707649175499 2.6999999999999997 2.4
      vertex 134.48489496347102 2.954002497704217 5.4
      vertex 134.707649175499 2.6999999999999997 5.4
    endloop
  endfacet
  facet normal 0.9469301294950946 0.32143946530319445 0
    outer loop
      vertex 133.79963245431574 4.140911980083279 2.4
      vertex 133.74562934842086 4.3 5.4
      vertex 133.79963245431574 4.140911980083279 5.4
    endloop
  endfacet
  facet normal -0.32143946530315437 -0.946930129495108 0
    outer loop
      vertex 140.5 11.054370651579132 2.4
      vertex 140.65908801991674 11.000367545684256 5.4
      vertex 140.5 11.054370651579132 5.4
    endloop
  endfacet
  facet normal -0.442288690219007 -0.8968727415326855 0
    outer loop
      vertex 140.65908801991674 11.000367545684256 2.4
      vertex 141.275 10.696633369868303 5.4
      vertex 140.65908801991674 11.000367545684256 5.4
    endloop
  endfacet
  facet normal -0.659345815100076 -0.7518398074789713 0
    outer loop
      vertex 141.8459975022958 10.315105036528985 2.4
      vertex 142.1 10.092350824501032 5.4
      vertex 141.8459975022958 10.315105036528985 5.4
    endloop
  endfacet
  facet normal -0.5555702330195935 -0.8314696123025511 0
    outer loop
      vertex 141.275 10.696633369868303 2.4
      vertex 141.8459975022958 10.315105036528985 5.4
      vertex 141.275 10.696633369868303 5.4
    endloop
  endfacet
  facet normal 0 0 1
    outer loop
      vertex 10.315105036528985 2.954002497704217 5.4
      vertex 35.592622390947476 4.3 5.4
      vertex 10.696633369868303 3.5250000000000004 5.4
    endloop
  endfacet
  facet normal 0 0 1
    outer loop
      vertex 10.696633369868303 3.5250000000000004 5.4
      vertex 35.592622390947476 4.3 5.4
      vertex 11.000367545684256 4.140911980083279 5.4
    endloop
  endfacet
  facet normal 0 0 1
    outer loop
      vertex 11.000367545684256 4.140911980083279 5.4
      vertex 35.592622390947476 4.3 5.4
      vertex 11.054370651579129 4.3 5.4
    endloop
  endfacet
  facet normal -1 0 0
    outer loop
      vertex 2.6999999999999997 10.092350824501015 2.4
      vertex 2.6999999999999997 10.092350824501015 5.4
      vertex 2.6999999999999997 78.70764917549899 2.4
    endloop
  endfacet
  facet normal 0 0 1
    outer loop
      vertex 2.6999999999999997 10.092350824501015 5.4
      vertex 2.954002497704217 10.315105036528985 5.4
      vertex 4.3 64.40737760905253 5.4
    endloop
  endfacet
  facet normal 0 0 1
    outer loop
      vertex 2.954002497704217 10.315105036528985 5.4
      vertex 3.5250000000000004 10.696633369868303 5.4
      vertex 4.3 64.40737760905253 5.4
    endloop
  endfacet
  facet normal 0 0 1
    outer loop
      vertex 3.5250000000000004 10.696633369868303 5.4
      vertex 4.140911980083279 11.000367545684256 5.4
      vertex 4.3 64.40737760905253 5.4
    endloop
  endfacet
  facet normal 0 0 1
    outer loop
      vertex 4.140911980083279 11.000367545684256 5.4
      vertex 4.3 11.054370651579129 5.4
      vertex 4.3 64.40737760905253 5.4
    endloop
  endfacet
  facet normal 0 -1 0
    outer loop
      vertex 10.092350824501015 2.6999999999999997 2.4
      vertex 134.707649175499 2.6999999999999997 5.4
      vertex 10.092350824501015 2.6999999999999997 5.4
    endloop
  endfacet
  facet normal 0 0 1
    outer loop
      vertex 10.092350824501015 2.6999999999999997 5.4
      vertex 134.707649175499 2.6999999999999997 5.4
      vertex 10.315105036528985 2.954002497704217 5.4
    endloop
  endfacet
  facet normal 0 0 1
    outer loop
      vertex 10.315105036528985 2.954002497704217 5.4
      vertex 134.707649175499 2.6999999999999997 5.4
      vertex 35.592622390947476 4.3 5.4
    endloop
  endfacet
  facet normal 0 0 1
    outer loop
      vertex 2.6999999999999997 10.092350824501015 5.4
      vertex 4.3 64.40737760905253 5.4
      vertex 2.954002497704217 78.48489496347102 5.4
    endloop
  endfacet
  facet normal -1 0 0
    outer loop
      vertex 2.6999999999999997 10.092350824501015 5.4
      vertex 2.6999999999999997 78.70764917549899 5.4
      vertex 2.6999999999999997 78.70764917549899 2.4
    endloop
  endfacet
  facet normal 0 0 1
    outer loop
      vertex 2.6999999999999997 10.092350824501015 5.4
      vertex 2.954002497704217 78.48489496347102 5.4
      vertex 2.6999999999999997 78.70764917549899 5.4
    endloop
  endfacet
  facet normal 0 1 0
    outer loop
      vertex 10.092350824501013 86.10000000000001 2.4
      vertex 10.092350824501013 86.10000000000001 5.4
      vertex 23.7 86.10000000000001 2.4
    endloop
  endfacet
  facet normal 0 0 1
    outer loop
      vertex 4.3 64.40737760905253 5.4
      vertex 4.140911980083279 77.79963245431576 5.4
      vertex 3.5250000000000004 78.1033666301317 5.4
    endloop
  endfacet
  facet normal 0 0 1
    outer loop
      vertex 4.3 64.40737760905253 5.4
      vertex 4.3 77.74562934842088 5.4
      vertex 4.140911980083279 77.79963245431576 5.4
    endloop
  endfacet
  facet normal 0 0 1
    outer loop
      vertex 4.3 64.40737760905253 5.4
      vertex 3.5250000000000004 78.1033666301317 5.4
      vertex 2.954002497704217 78.48489496347102 5.4
    endloop
  endfacet
  facet normal 0 0 1
    outer loop
      vertex 11.054370651579129 84.5 5.4
      vertex 23.7 84.5 5.4
      vertex 11.000367545684256 84.65908801991672 5.4
    endloop
  endfacet
  facet normal 0 0 1
    outer loop
      vertex 10.315105036528985 85.84599750229579 5.4
      vertex 23.7 86.10000000000001 5.4
      vertex 10.092350824501013 86.10000000000001 5.4
    endloop
  endfacet
  facet normal 0 0 1
    outer loop
      vertex 10.696633369868303 85.275 5.4
      vertex 11.000367545684256 84.65908801991672 5.4
      vertex 23.7 84.5 5.4
    endloop
  endfacet
  facet normal 0 0 1
    outer loop
      vertex 10.696633369868303 85.275 5.4
      vertex 23.7 84.5 5.4
      vertex 10.315105036528985 85.84599750229579 5.4
    endloop
  endfacet
  facet normal 0 1 0
    outer loop
      vertex 23.7 86.10000000000001 2.4
      vertex 10.092350824501013 86.10000000000001 5.4
      vertex 23.7 86.10000000000001 5.4
    endloop
  endfacet
  facet normal 0 0 1
    outer loop
      vertex 10.315105036528985 85.84599750229579 5.4
      vertex 23.7 84.5 5.4
      vertex 23.7 86.10000000000001 5.4
    endloop
  endfacet
  facet normal 0 -1 0
    outer loop
      vertex 10.092350824501015 2.6999999999999997 2.4
      vertex 134.707649175499 2.6999999999999997 2.4
      vertex 134.707649175499 2.6999999999999997 5.4
    endloop
  endfacet
  facet normal 0 0 1
    outer loop
      vertex 35.592622390947476 4.3 5.4
      vertex 134.707649175499 2.6999999999999997 5.4
      vertex 134.48489496347102 2.954002497704217 5.4
    endloop
  endfacet
  facet normal 0 0 1
    outer loop
      vertex 35.592622390947476 4.3 5.4
      vertex 134.1033666301317 3.5250000000000004 5.4
      vertex 133.79963245431574 4.140911980083279 5.4
    endloop
  endfacet
  facet normal 0 0 1
    outer loop
      vertex 35.592622390947476 4.3 5.4
      vertex 134.48489496347102 2.954002497704217 5.4
      vertex 134.1033666301317 3.5250000000000004 5.4
    endloop
  endfacet
  facet normal 0 0 1
    outer loop
      vertex 35.592622390947476 4.3 5.4
      vertex 133.79963245431574 4.140911980083279 5.4
      vertex 133.74562934842086 4.3 5.4
    endloop
  endfacet
  facet normal 0 0 1
    outer loop
      vertex 141.275 10.696633369868303 5.4
      vertex 141.8459975022958 10.315105036528985 5.4
      vertex 140.5 24.39262239094748 5.4
    endloop
  endfacet
  facet normal 0 0 1
    outer loop
      vertex 140.5 11.054370651579132 5.4
      vertex 140.65908801991674 11.000367545684256 5.4
      vertex 140.5 24.39262239094748 5.4
    endloop
  endfacet
  facet normal 0 0 1
    outer loop
      vertex 140.65908801991674 11.000367545684256 5.4
      vertex 141.275 10.696633369868303 5.4
      vertex 140.5 24.39262239094748 5.4
    endloop
  endfacet
  facet normal 1 0 0
    outer loop
      vertex 142.1 10.092350824501032 2.4
      vertex 142.1 78.70764917549897 5.4
      vertex 142.1 10.092350824501032 5.4
    endloop
  endfacet
  facet normal 0 0 1
    outer loop
      vertex 141.8459975022958 10.315105036528985 5.4
      vertex 142.1 10.092350824501032 5.4
      vertex 142.1 78.70764917549897 5.4
    endloop
  endfacet
  facet normal 0 0 1
    outer loop
      vertex 141.8459975022958 10.315105036528985 5.4
      vertex 142.1 78.70764917549897 5.4
      vertex 140.5 24.39262239094748 5.4
    endloop
  endfacet
  facet normal 0 1 0
    outer loop
      vertex 61.099999999999994 86.10000000000001 2.4
      vertex 61.099999999999994 86.10000000000001 5.4
      vertex 134.707649175499 86.10000000000001 2.4
    endloop
  endfacet
  facet normal 0 0 1
    outer loop
      vertex 61.099999999999994 84.5 5.4
      vertex 134.707649175499 86.10000000000001 5.4
      vertex 61.099999999999994 86.10000000000001 5.4
    endloop
  endfacet
  facet normal 1 0 0
    outer loop
      vertex 142.1 10.092350824501032 2.4
      vertex 142.1 78.70764917549897 2.4
      vertex 142.1 78.70764917549897 5.4
    endloop
  endfacet
  facet normal 0 0 1
    outer loop
      vertex 140.5 24.39262239094748 5.4
      vertex 140.65908801991674 77.79963245431576 5.4
      vertex 140.5 77.74562934842088 5.4
    endloop
  endfacet
  facet normal 0 0 1
    outer loop
      vertex 140.5 24.39262239094748 5.4
      vertex 141.275 78.1033666301317 5.4
      vertex 140.65908801991674 77.79963245431576 5.4
    endloop
  endfacet
  facet normal 0 0 1
    outer loop
      vertex 140.5 24.39262239094748 5.4
      vertex 141.8459975022958 78.48489496347102 5.4
      vertex 141.275 78.1033666301317 5.4
    endloop
  endfacet
  facet normal 0 0 1
    outer loop
      vertex 140.5 24.39262239094748 5.4
      vertex 142.1 78.70764917549897 5.4
      vertex 141.8459975022958 78.48489496347102 5.4
    endloop
  endfacet
  facet normal 0 1 0
    outer loop
      vertex 61.099999999999994 86.10000000000001 5.4
      vertex 134.707649175499 86.10000000000001 5.4
      vertex 134.707649175499 86.10000000000001 2.4
    endloop
  endfacet
  facet normal 0 0 1
    outer loop
      vertex 61.099999999999994 84.5 5.4
      vertex 133.74562934842086 84.5 5.4
      vertex 133.79963245431574 84.65908801991672 5.4
    endloop
  endfacet
  facet normal 0 0 1
    outer loop
      vertex 61.099999999999994 84.5 5.4
      vertex 133.79963245431574 84.65908801991672 5.4
      vertex 134.1033666301317 85.275 5.4
    endloop
  endfacet
  facet normal 0 0 1
    outer loop
      vertex 61.099999999999994 84.5 5.4
      vertex 134.1033666301317 85.275 5.4
      vertex 134.48489496347102 85.84599750229579 5.4
    endloop
  endfacet
  facet normal 0 0 1
    outer loop
      vertex 61.099999999999994 84.5 5.4
      vertex 134.48489496347102 85.84599750229579 5.4
      vertex 134.707649175499 86.10000000000001 5.4
    endloop
  endfacet
  facet normal 0 1 0
    outer loop
      vertex 11.054370651579129 4.3 2.4
      vertex 11.054370651579129 4.3 5.4
      vertex 35.592622390947476 4.3 5.4
    endloop
  endfacet
  facet normal 1 0 0
    outer loop
      vertex 4.3 11.054370651579129 2.4
      vertex 4.3 64.40737760905253 5.4
      vertex 4.3 11.054370651579129 5.4
    endloop
  endfacet
  facet normal 0 1 0
    outer loop
      vertex 11.054370651579129 4.3 2.4
      vertex 35.592622390947476 4.3 5.4
      vertex 133.74562934842086 4.3 5.4
    endloop
  endfacet
  facet normal 1 0 0
    outer loop
      vertex 4.3 11.054370651579129 2.4
      vertex 4.3 77.74562934842088 2.4
      vertex 4.3 77.74562934842088 5.4
    endloop
  endfacet
  facet normal 1 0 0
    outer loop
      vertex 4.3 11.054370651579129 2.4
      vertex 4.3 77.74562934842088 5.4
      vertex 4.3 64.40737760905253 5.4
    endloop
  endfacet
  facet normal 0 -1 0
    outer loop
      vertex 11.054370651579129 84.5 2.4
      vertex 23.7 84.5 2.4
      vertex 23.7 84.5 5.4
    endloop
  endfacet
  facet normal 0 -1 0
    outer loop
      vertex 11.054370651579129 84.5 2.4
      vertex 23.7 84.5 5.4
      vertex 11.054370651579129 84.5 5.4
    endloop
  endfacet
  facet normal 0 1 0
    outer loop
      vertex 11.054370651579129 4.3 2.4
      vertex 133.74562934842086 4.3 5.4
      vertex 133.74562934842086 4.3 2.4
    endloop
  endfacet
  facet normal -1 0 0
    outer loop
      vertex 140.5 11.054370651579132 2.4
      vertex 140.5 11.054370651579132 5.4
      vertex 140.5 77.74562934842088 2.4
    endloop
  endfacet
  facet normal -1 0 0
    outer loop
      vertex 140.5 11.054370651579132 5.4
      vertex 140.5 24.39262239094748 5.4
      vertex 140.5 77.74562934842088 2.4
    endloop
  endfacet
  facet normal 0 -1 0
    outer loop
      vertex 61.099999999999994 84.5 2.4
      vertex 133.74562934842086 84.5 5.4
      vertex 61.099999999999994 84.5 5.4
    endloop
  endfacet
  facet normal -1 0 0
    outer loop
      vertex 140.5 24.39262239094748 5.4
      vertex 140.5 77.74562934842088 5.4
      vertex 140.5 77.74562934842088 2.4
    endloop
  endfacet
  facet normal 0 -1 0
    outer loop
      vertex 61.099999999999994 84.5 2.4
      vertex 133.74562934842086 84.5 2.4
      vertex 133.74562934842086 84.5 5.4
    endloop
  endfacet
  facet normal 1 0 0
    outer loop
      vertex 23.7 84.5 2.4
      vertex 23.7 86.10000000000001 2.4
      vertex 23.7 86.10000000000001 5.4
    endloop
  endfacet
  facet normal 1 0 0
    outer loop
      vertex 23.7 84.5 2.4
      vertex 23.7 86.10000000000001 5.4
      vertex 23.7 84.5 5.4
    endloop
  endfacet
  facet normal -1 0 0
    outer loop
      vertex 61.099999999999994 84.5 2.4
      vertex 61.099999999999994 84.5 5.4
      vertex 61.099999999999994 86.10000000000001 2.4
    endloop
  endfacet
  facet normal -1 0 0
    outer loop
      vertex 61.099999999999994 86.10000000000001 2.4
      vertex 61.099999999999994 84.5 5.4
      vertex 61.099999999999994 86.10000000000001 5.4
    endloop
  endfacet
  facet normal -0.555570233019601 -0.831469612302546 6.292516401087329e-18
    outer loop
      vertex 58.55 29.73160439085982 2.4
      vertex 57.71253699663285 30.291179279757486 6.390000000000001
      vertex 57.71253699663285 30.291179279757486 2.4
    endloop
  endfacet
  facet normal -0.7518398074789762 -0.6593458151000701 0
    outer loop
      vertex 56.291179279757486 31.71253699663285 2.4
      vertex 56.95527778486358 30.955277784863583 2.4
      vertex 56.291179279757486 31.71253699663285 6.390000000000001
    endloop
  endfacet
  facet normal -0.831469612302546 -0.555570233019601 6.292516401087329e-18
    outer loop
      vertex 56.291179279757486 31.71253699663285 2.4
      vertex 55.73160439085982 32.55 6.390000000000001
      vertex 55.73160439085982 32.55 2.4
    endloop
  endfacet
  facet normal -0.8968727415326871 -0.44228869021900347 3.0210734228652345e-18
    outer loop
      vertex 55.73160439085982 32.55 2.4
      vertex 55.28612759966309 33.453337570788804 6.390000000000001
      vertex 55.28612759966309 33.453337570788804 2.4
    endloop
  endfacet
  facet normal -0.6593458151000701 -0.7518398074789762 -4.145630475931252e-18
    outer loop
      vertex 57.71253699663285 30.291179279757486 2.4
      vertex 56.95527778486358 30.955277784863583 6.390000000000001
      vertex 56.95527778486358 30.955277784863583 2.4
    endloop
  endfacet
  facet normal -0.19509032201612908 -0.9807852804032302 0
    outer loop
      vertex 60.40709335271059 28.962371137574173 2.4
      vertex 61.3949483199056 28.76587456742166 2.4
      vertex 60.40709335271059 28.962371137574173 6.390000000000001
    endloop
  endfacet
  facet normal -0.44228869021900347 -0.8968727415326871 0
    outer loop
      vertex 58.55 29.73160439085982 2.4
      vertex 59.453337570788804 29.28612759966309 2.4
      vertex 58.55 29.73160439085982 6.390000000000001
    endloop
  endfacet
  facet normal -0.3214394653031588 -0.9469301294951066 -1.213623789407847e-19
    outer loop
      vertex 60.40709335271059 28.962371137574173 2.4
      vertex 59.453337570788804 29.28612759966309 6.390000000000001
      vertex 59.453337570788804 29.28612759966309 2.4
    endloop
  endfacet
  facet normal -0.06540312923014226 -0.9978589232386035 0
    outer loop
      vertex 61.3949483199056 28.76587456742166 2.4
      vertex 62.4 28.7 2.4
      vertex 61.3949483199056 28.76587456742166 6.390000000000001
    endloop
  endfacet
  facet normal 0.06540312923014226 -0.9978589232386035 0
    outer loop
      vertex 62.4 28.7 2.4
      vertex 63.405051680094395 28.76587456742166 2.4
      vertex 62.4 28.7 6.390000000000001
    endloop
  endfacet
  facet normal 0.19509032201612908 -0.9807852804032302 0
    outer loop
      vertex 63.405051680094395 28.76587456742166 2.4
      vertex 64.39290664728941 28.962371137574173 2.4
      vertex 63.405051680094395 28.76587456742166 6.390000000000001
    endloop
  endfacet
  facet normal 0.3214394653031588 -0.9469301294951066 0
    outer loop
      vertex 64.39290664728941 28.962371137574173 2.4
      vertex 65.3466624292112 29.28612759966309 2.4
      vertex 64.39290664728941 28.962371137574173 6.390000000000001
    endloop
  endfacet
  facet normal 0.44228869021900347 -0.8968727415326871 0
    outer loop
      vertex 65.3466624292112 29.28612759966309 2.4
      vertex 66.25 29.73160439085982 2.4
      vertex 65.3466624292112 29.28612759966309 6.390000000000001
    endloop
  endfacet
  facet normal 0.555570233019601 -0.831469612302546 0
    outer loop
      vertex 66.25 29.73160439085982 2.4
      vertex 67.08746300336715 30.291179279757486 2.4
      vertex 66.25 29.73160439085982 6.390000000000001
    endloop
  endfacet
  facet normal 0.6593458151000701 -0.7518398074789762 0
    outer loop
      vertex 67.08746300336715 30.291179279757486 2.4
      vertex 67.84472221513641 30.955277784863583 2.4
      vertex 67.08746300336715 30.291179279757486 6.390000000000001
    endloop
  endfacet
  facet normal 0.7518398074789762 -0.6593458151000701 0
    outer loop
      vertex 67.84472221513641 30.955277784863583 2.4
      vertex 68.50882072024251 31.71253699663285 2.4
      vertex 67.84472221513641 30.955277784863583 6.390000000000001
    endloop
  endfacet
  facet normal 0.8314696123025427 -0.5555702330196058 0
    outer loop
      vertex 68.50882072024251 31.71253699663285 2.4
      vertex 69.06839560914018 32.55 2.4
      vertex 68.50882072024251 31.71253699663285 6.390000000000001
    endloop
  endfacet
  facet normal 0.8968727415326899 -0.4422886902189978 0
    outer loop
      vertex 69.06839560914018 32.55 2.4
      vertex 69.51387240033691 33.453337570788804 2.4
      vertex 69.06839560914018 32.55 6.390000000000001
    endloop
  endfacet
  facet normal -0.9469301294951066 -0.3214394653031588 -1.213623789407847e-19
    outer loop
      vertex 55.28612759966309 33.453337570788804 2.4
      vertex 54.96237113757417 34.40709335271059 6.390000000000001
      vertex 54.96237113757417 34.40709335271059 2.4
    endloop
  endfacet
  facet normal -0.9807852804032309 -0.1950903220161257 9.24437051175642e-19
    outer loop
      vertex 54.96237113757417 34.40709335271059 2.4
      vertex 54.76587456742166 35.3949483199056 6.390000000000001
      vertex 54.76587456742166 35.3949483199056 2.4
    endloop
  endfacet
  facet normal -0.997858923238603 -0.06540312923014927 5.723236378472747e-19
    outer loop
      vertex 54.76587456742166 35.3949483199056 2.4
      vertex 54.699999999999996 36.4 6.390000000000001
      vertex 54.699999999999996 36.4 2.4
    endloop
  endfacet
  facet normal -0.997858923238603 0.06540312923014927 -5.723236378472747e-19
    outer loop
      vertex 54.699999999999996 36.4 2.4
      vertex 54.76587456742166 37.405051680094395 6.390000000000001
      vertex 54.76587456742166 37.405051680094395 2.4
    endloop
  endfacet
  facet normal -0.9807852804032309 0.1950903220161257 -9.24437051175642e-19
    outer loop
      vertex 54.76587456742166 37.405051680094395 2.4
      vertex 54.96237113757417 38.39290664728941 6.390000000000001
      vertex 54.96237113757417 38.39290664728941 2.4
    endloop
  endfacet
  facet normal -0.9469301294951066 0.3214394653031588 1.213623789407847e-19
    outer loop
      vertex 54.96237113757417 38.39290664728941 2.4
      vertex 55.28612759966309 39.34666242921119 6.390000000000001
      vertex 55.28612759966309 39.34666242921119 2.4
    endloop
  endfacet
  facet normal -0.8968727415326871 0.44228869021900347 -3.0210734228652345e-18
    outer loop
      vertex 55.28612759966309 39.34666242921119 2.4
      vertex 55.73160439085982 40.25 6.390000000000001
      vertex 55.73160439085982 40.25 2.4
    endloop
  endfacet
  facet normal -0.831469612302546 0.555570233019601 -6.292516401087329e-18
    outer loop
      vertex 55.73160439085982 40.25 2.4
      vertex 56.291179279757486 41.08746300336715 6.390000000000001
      vertex 56.291179279757486 41.08746300336715 2.4
    endloop
  endfacet
  facet normal -0.7518398074789762 0.6593458151000701 4.145630475931252e-18
    outer loop
      vertex 56.291179279757486 41.08746300336715 2.4
      vertex 56.95527778486358 41.844722215136414 6.390000000000001
      vertex 56.95527778486358 41.844722215136414 2.4
    endloop
  endfacet
  facet normal -0.6593458151000701 0.7518398074789762 4.145630475931252e-18
    outer loop
      vertex 56.95527778486358 41.844722215136414 2.4
      vertex 57.71253699663285 42.50882072024251 6.390000000000001
      vertex 57.71253699663285 42.50882072024251 2.4
    endloop
  endfacet
  facet normal -0.555570233019601 0.831469612302546 -6.292516401087329e-18
    outer loop
      vertex 57.71253699663285 42.50882072024251 2.4
      vertex 58.55 43.068395609140175 6.390000000000001
      vertex 58.55 43.068395609140175 2.4
    endloop
  endfacet
  facet normal -0.44228869021900347 0.8968727415326871 -3.0210734228652345e-18
    outer loop
      vertex 58.55 43.068395609140175 2.4
      vertex 59.453337570788804 43.51387240033691 6.390000000000001
      vertex 59.453337570788804 43.51387240033691 2.4
    endloop
  endfacet
  facet normal -0.3214394653031588 0.9469301294951066 1.213623789407847e-19
    outer loop
      vertex 59.453337570788804 43.51387240033691 2.4
      vertex 60.40709335271059 43.837628862425824 6.390000000000001
      vertex 60.40709335271059 43.837628862425824 2.4
    endloop
  endfacet
  facet normal -0.1950903220161257 0.9807852804032309 -9.24437051175642e-19
    outer loop
      vertex 60.40709335271059 43.837628862425824 2.4
      vertex 61.3949483199056 44.034125432578335 6.390000000000001
      vertex 61.3949483199056 44.034125432578335 2.4
    endloop
  endfacet
  facet normal -0.06540312923014927 0.997858923238603 -5.723236378472747e-19
    outer loop
      vertex 61.3949483199056 44.034125432578335 2.4
      vertex 62.4 44.1 6.390000000000001
      vertex 62.4 44.1 2.4
    endloop
  endfacet
  facet normal 0.06540312923014927 0.997858923238603 5.723236378472747e-19
    outer loop
      vertex 62.4 44.1 2.4
      vertex 63.405051680094395 44.034125432578335 6.390000000000001
      vertex 63.405051680094395 44.034125432578335 2.4
    endloop
  endfacet
  facet normal 0.9469301294951045 -0.3214394653031651 0
    outer loop
      vertex 69.51387240033691 33.453337570788804 2.4
      vertex 69.83762886242583 34.40709335271059 2.4
      vertex 69.51387240033691 33.453337570788804 6.390000000000001
    endloop
  endfacet
  facet normal 0.9807852804032322 -0.19509032201611887 0
    outer loop
      vertex 69.83762886242583 34.40709335271059 2.4
      vertex 70.03412543257834 35.3949483199056 2.4
      vertex 69.83762886242583 34.40709335271059 6.390000000000001
    endloop
  endfacet
  facet normal 0.9978589232386035 -0.06540312923014226 0
    outer loop
      vertex 70.03412543257834 35.3949483199056 2.4
      vertex 70.1 36.4 2.4
      vertex 70.03412543257834 35.3949483199056 6.390000000000001
    endloop
  endfacet
  facet normal 0.9978589232386035 0.06540312923014226 0
    outer loop
      vertex 70.1 36.4 2.4
      vertex 70.03412543257834 37.405051680094395 2.4
      vertex 70.1 36.4 6.390000000000001
    endloop
  endfacet
  facet normal 0.9807852804032322 0.19509032201611887 0
    outer loop
      vertex 70.03412543257834 37.405051680094395 2.4
      vertex 69.83762886242583 38.39290664728941 2.4
      vertex 70.03412543257834 37.405051680094395 6.390000000000001
    endloop
  endfacet
  facet normal 0.9469301294951045 0.3214394653031651 0
    outer loop
      vertex 69.83762886242583 38.39290664728941 2.4
      vertex 69.51387240033691 39.34666242921119 2.4
      vertex 69.83762886242583 38.39290664728941 6.390000000000001
    endloop
  endfacet
  facet normal 0.1950903220161257 0.9807852804032309 9.24437051175642e-19
    outer loop
      vertex 63.405051680094395 44.034125432578335 2.4
      vertex 64.39290664728941 43.837628862425824 6.390000000000001
      vertex 64.39290664728941 43.837628862425824 2.4
    endloop
  endfacet
  facet normal 0.3214394653031588 0.9469301294951066 -1.213623789407847e-19
    outer loop
      vertex 64.39290664728941 43.837628862425824 2.4
      vertex 65.3466624292112 43.51387240033691 6.390000000000001
      vertex 65.3466624292112 43.51387240033691 2.4
    endloop
  endfacet
  facet normal 0.6593458151000701 0.7518398074789762 0
    outer loop
      vertex 67.84472221513641 41.844722215136414 2.4
      vertex 67.08746300336715 42.50882072024251 2.4
      vertex 67.84472221513641 41.844722215136414 6.390000000000001
    endloop
  endfacet
  facet normal 0.555570233019601 0.831469612302546 0
    outer loop
      vertex 67.08746300336715 42.50882072024251 2.4
      vertex 66.25 43.068395609140175 2.4
      vertex 67.08746300336715 42.50882072024251 6.390000000000001
    endloop
  endfacet
  facet normal 0.44228869021900347 0.8968727415326871 3.0210734228652345e-18
    outer loop
      vertex 65.3466624292112 43.51387240033691 2.4
      vertex 66.25 43.068395609140175 6.390000000000001
      vertex 66.25 43.068395609140175 2.4
    endloop
  endfacet
  facet normal 0.8968727415326899 0.4422886902189978 0
    outer loop
      vertex 69.51387240033691 39.34666242921119 2.4
      vertex 69.06839560914018 40.25 2.4
      vertex 69.51387240033691 39.34666242921119 6.390000000000001
    endloop
  endfacet
  facet normal 0.8314696123025427 0.5555702330196058 3.595328331003387e-18
    outer loop
      vertex 68.50882072024251 41.08746300336715 2.4
      vertex 69.06839560914018 40.25 6.390000000000001
      vertex 69.06839560914018 40.25 2.4
    endloop
  endfacet
  facet normal 0.7518398074789762 0.6593458151000701 -4.145630475931252e-18
    outer loop
      vertex 67.84472221513641 41.844722215136414 2.4
      vertex 68.50882072024251 41.08746300336715 6.390000000000001
      vertex 68.50882072024251 41.08746300336715 2.4
    endloop
  endfacet
  facet normal -0.6593458151000701 -0.7518398074789762 0
    outer loop
      vertex 57.71253699663285 30.291179279757486 2.4
      vertex 57.71253699663285 30.291179279757486 6.390000000000001
      vertex 56.95527778486358 30.955277784863583 6.390000000000001
    endloop
  endfacet
  facet normal -0.555570233019601 -0.831469612302546 0
    outer loop
      vertex 58.55 29.73160439085982 2.4
      vertex 58.55 29.73160439085982 6.390000000000001
      vertex 57.71253699663285 30.291179279757486 6.390000000000001
    endloop
  endfacet
  facet normal -0.831469612302546 -0.555570233019601 0
    outer loop
      vertex 56.291179279757486 31.71253699663285 2.4
      vertex 56.291179279757486 31.71253699663285 6.390000000000001
      vertex 55.73160439085982 32.55 6.390000000000001
    endloop
  endfacet
  facet normal -0.8968727415326871 -0.44228869021900347 0
    outer loop
      vertex 55.73160439085982 32.55 2.4
      vertex 55.73160439085982 32.55 6.390000000000001
      vertex 55.28612759966309 33.453337570788804 6.390000000000001
    endloop
  endfacet
  facet normal -0.7518398074789762 -0.6593458151000701 0
    outer loop
      vertex 56.95527778486358 30.955277784863583 2.4
      vertex 56.95527778486358 30.955277784863583 6.390000000000001
      vertex 56.291179279757486 31.71253699663285 6.390000000000001
    endloop
  endfacet
  facet normal -0.3214394653031588 -0.9469301294951066 0
    outer loop
      vertex 60.40709335271059 28.962371137574173 2.4
      vertex 60.40709335271059 28.962371137574173 6.390000000000001
      vertex 59.453337570788804 29.28612759966309 6.390000000000001
    endloop
  endfacet
  facet normal -0.19509032201612908 -0.9807852804032302 0
    outer loop
      vertex 61.3949483199056 28.76587456742166 2.4
      vertex 61.3949483199056 28.76587456742166 6.390000000000001
      vertex 60.40709335271059 28.962371137574173 6.390000000000001
    endloop
  endfacet
  facet normal -0.44228869021900347 -0.8968727415326871 0
    outer loop
      vertex 59.453337570788804 29.28612759966309 2.4
      vertex 59.453337570788804 29.28612759966309 6.390000000000001
      vertex 58.55 29.73160439085982 6.390000000000001
    endloop
  endfacet
  facet normal -0.06540312923014226 -0.9978589232386035 0
    outer loop
      vertex 62.4 28.7 2.4
      vertex 62.4 28.7 6.390000000000001
      vertex 61.3949483199056 28.76587456742166 6.390000000000001
    endloop
  endfacet
  facet normal 0.06540312923014226 -0.9978589232386035 0
    outer loop
      vertex 63.405051680094395 28.76587456742166 2.4
      vertex 63.405051680094395 28.76587456742166 6.390000000000001
      vertex 62.4 28.7 6.390000000000001
    endloop
  endfacet
  facet normal 0.19509032201612908 -0.9807852804032302 0
    outer loop
      vertex 64.39290664728941 28.962371137574173 2.4
      vertex 64.39290664728941 28.962371137574173 6.390000000000001
      vertex 63.405051680094395 28.76587456742166 6.390000000000001
    endloop
  endfacet
  facet normal 0.3214394653031588 -0.9469301294951066 0
    outer loop
      vertex 65.3466624292112 29.28612759966309 2.4
      vertex 65.3466624292112 29.28612759966309 6.390000000000001
      vertex 64.39290664728941 28.962371137574173 6.390000000000001
    endloop
  endfacet
  facet normal 0.44228869021900347 -0.8968727415326871 0
    outer loop
      vertex 66.25 29.73160439085982 2.4
      vertex 66.25 29.73160439085982 6.390000000000001
      vertex 65.3466624292112 29.28612759966309 6.390000000000001
    endloop
  endfacet
  facet normal 0.555570233019601 -0.831469612302546 0
    outer loop
      vertex 67.08746300336715 30.291179279757486 2.4
      vertex 67.08746300336715 30.291179279757486 6.390000000000001
      vertex 66.25 29.73160439085982 6.390000000000001
    endloop
  endfacet
  facet normal 0.6593458151000701 -0.7518398074789762 0
    outer loop
      vertex 67.84472221513641 30.955277784863583 2.4
      vertex 67.84472221513641 30.955277784863583 6.390000000000001
      vertex 67.08746300336715 30.291179279757486 6.390000000000001
    endloop
  endfacet
  facet normal 0.7518398074789762 -0.6593458151000701 0
    outer loop
      vertex 68.50882072024251 31.71253699663285 2.4
      vertex 68.50882072024251 31.71253699663285 6.390000000000001
      vertex 67.84472221513641 30.955277784863583 6.390000000000001
    endloop
  endfacet
  facet normal 0.8314696123025427 -0.5555702330196058 0
    outer loop
      vertex 69.06839560914018 32.55 2.4
      vertex 69.06839560914018 32.55 6.390000000000001
      vertex 68.50882072024251 31.71253699663285 6.390000000000001
    endloop
  endfacet
  facet normal 0.8968727415326899 -0.4422886902189978 0
    outer loop
      vertex 69.51387240033691 33.453337570788804 2.4
      vertex 69.51387240033691 33.453337570788804 6.390000000000001
      vertex 69.06839560914018 32.55 6.390000000000001
    endloop
  endfacet
  facet normal 0 0 1
    outer loop
      vertex 57.71253699663285 30.291179279757486 6.390000000000001
      vertex 57.48120929019434 32.625679140145934 6.390000000000001
      vertex 56.95527778486358 30.955277784863583 6.390000000000001
    endloop
  endfacet
  facet normal 0 0 1
    outer loop
      vertex 58.55 29.73160439085982 6.390000000000001
      vertex 58.015937956643405 32.015937956643405 6.390000000000001
      vertex 57.71253699663285 30.291179279757486 6.390000000000001
    endloop
  endfacet
  facet normal 0 0 1
    outer loop
      vertex 58.55 29.73160439085982 6.390000000000001
      vertex 58.625679140145934 31.48120929019434 6.390000000000001
      vertex 58.015937956643405 32.015937956643405 6.390000000000001
    endloop
  endfacet
  facet normal 0 0 1
    outer loop
      vertex 57.71253699663285 30.291179279757486 6.390000000000001
      vertex 58.015937956643405 32.015937956643405 6.390000000000001
      vertex 57.48120929019434 32.625679140145934 6.390000000000001
    endloop
  endfacet
  facet normal 0 0 1
    outer loop
      vertex 56.291179279757486 31.71253699663285 6.390000000000001
      vertex 56.95527778486358 30.955277784863583 6.390000000000001
      vertex 56.67194689843002 34.027362719336445 6.390000000000001
    endloop
  endfacet
  facet normal 0 0 1
    outer loop
      vertex 56.95527778486358 30.955277784863583 6.390000000000001
      vertex 57.48120929019434 32.625679140145934 6.390000000000001
      vertex 57.03064249653648 33.3 6.390000000000001
    endloop
  endfacet
  facet normal 0 0 1
    outer loop
      vertex 56.95527778486358 30.955277784863583 6.390000000000001
      vertex 57.03064249653648 33.3 6.390000000000001
      vertex 56.67194689843002 34.027362719336445 6.390000000000001
    endloop
  endfacet
  facet normal 0 0 1
    outer loop
      vertex 58.55 29.73160439085982 6.390000000000001
      vertex 59.453337570788804 29.28612759966309 6.390000000000001
      vertex 59.3 31.03064249653648 6.390000000000001
    endloop
  endfacet
  facet normal 0 0 1
    outer loop
      vertex 59.453337570788804 29.28612759966309 6.390000000000001
      vertex 60.027362719336445 30.671946898430022 6.390000000000001
      vertex 59.3 31.03064249653648 6.390000000000001
    endloop
  endfacet
  facet normal 0 0 1
    outer loop
      vertex 60.40709335271059 28.962371137574173 6.390000000000001
      vertex 60.027362719336445 30.671946898430022 6.390000000000001
      vertex 59.453337570788804 29.28612759966309 6.390000000000001
    endloop
  endfacet
  facet normal 0 0 1
    outer loop
      vertex 60.40709335271059 28.962371137574173 6.390000000000001
      vertex 61.3949483199056 28.76587456742166 6.390000000000001
      vertex 60.79532192036437 30.411259877007776 6.390000000000001
    endloop
  endfacet
  facet normal 0 0 1
    outer loop
      vertex 60.40709335271059 28.962371137574173 6.390000000000001
      vertex 60.79532192036437 30.411259877007776 6.390000000000001
      vertex 60.027362719336445 30.671946898430022 6.390000000000001
    endloop
  endfacet
  facet normal 0 0 1
    outer loop
      vertex 60.79532192036437 30.411259877007776 6.390000000000001
      vertex 61.3949483199056 28.76587456742166 6.390000000000001
      vertex 61.59073760823568 30.253041859482373 6.390000000000001
    endloop
  endfacet
  facet normal 0 0 1
    outer loop
      vertex 61.3949483199056 28.76587456742166 6.390000000000001
      vertex 62.4 28.7 6.390000000000001
      vertex 61.59073760823568 30.253041859482373 6.390000000000001
    endloop
  endfacet
  facet normal 0 0 1
    outer loop
      vertex 62.4 28.7 6.390000000000001
      vertex 62.4 30.2 6.390000000000001
      vertex 61.59073760823568 30.253041859482373 6.390000000000001
    endloop
  endfacet
  facet normal 0 0 1
    outer loop
      vertex 62.4 28.7 6.390000000000001
      vertex 63.405051680094395 28.76587456742166 6.390000000000001
      vertex 62.4 30.2 6.390000000000001
    endloop
  endfacet
  facet normal 0 0 1
    outer loop
      vertex 62.4 30.2 6.390000000000001
      vertex 63.405051680094395 28.76587456742166 6.390000000000001
      vertex 63.20926239176432 30.253041859482373 6.390000000000001
    endloop
  endfacet
  facet normal 0 0 1
    outer loop
      vertex 58.55 29.73160439085982 6.390000000000001
      vertex 59.3 31.03064249653648 6.390000000000001
      vertex 58.625679140145934 31.48120929019434 6.390000000000001
    endloop
  endfacet
  facet normal 0 0 1
    outer loop
      vertex 63.20926239176432 30.253041859482373 6.390000000000001
      vertex 63.405051680094395 28.76587456742166 6.390000000000001
      vertex 64.39290664728941 28.962371137574173 6.390000000000001
    endloop
  endfacet
  facet normal 0 0 1
    outer loop
      vertex 63.20926239176432 30.253041859482373 6.390000000000001
      vertex 64.39290664728941 28.962371137574173 6.390000000000001
      vertex 64.00467807963562 30.411259877007776 6.390000000000001
    endloop
  endfacet
  facet normal 0 0 1
    outer loop
      vertex 64.39290664728941 28.962371137574173 6.390000000000001
      vertex 65.3466624292112 29.28612759966309 6.390000000000001
      vertex 64.00467807963562 30.411259877007776 6.390000000000001
    endloop
  endfacet
  facet normal 0 0 1
    outer loop
      vertex 64.00467807963562 30.411259877007776 6.390000000000001
      vertex 65.3466624292112 29.28612759966309 6.390000000000001
      vertex 64.77263728066356 30.671946898430022 6.390000000000001
    endloop
  endfacet
  facet normal 0 0 1
    outer loop
      vertex 65.3466624292112 29.28612759966309 6.390000000000001
      vertex 66.25 29.73160439085982 6.390000000000001
      vertex 64.77263728066356 30.671946898430022 6.390000000000001
    endloop
  endfacet
  facet normal 0 0 1
    outer loop
      vertex 66.25 29.73160439085982 6.390000000000001
      vertex 65.5 31.03064249653648 6.390000000000001
      vertex 64.77263728066356 30.671946898430022 6.390000000000001
    endloop
  endfacet
  facet normal 0 0 1
    outer loop
      vertex 66.25 29.73160439085982 6.390000000000001
      vertex 67.08746300336715 30.291179279757486 6.390000000000001
      vertex 66.17432085985406 31.48120929019434 6.390000000000001
    endloop
  endfacet
  facet normal 0 0 1
    outer loop
      vertex 66.25 29.73160439085982 6.390000000000001
      vertex 66.17432085985406 31.48120929019434 6.390000000000001
      vertex 65.5 31.03064249653648 6.390000000000001
    endloop
  endfacet
  facet normal 0 0 1
    outer loop
      vertex 67.08746300336715 30.291179279757486 6.390000000000001
      vertex 66.7840620433566 32.015937956643405 6.390000000000001
      vertex 66.17432085985406 31.48120929019434 6.390000000000001
    endloop
  endfacet
  facet normal 0 0 1
    outer loop
      vertex 67.08746300336715 30.291179279757486 6.390000000000001
      vertex 67.84472221513641 30.955277784863583 6.390000000000001
      vertex 66.7840620433566 32.015937956643405 6.390000000000001
    endloop
  endfacet
  facet normal 0 0 1
    outer loop
      vertex 67.84472221513641 30.955277784863583 6.390000000000001
      vertex 67.31879070980565 32.625679140145934 6.390000000000001
      vertex 66.7840620433566 32.015937956643405 6.390000000000001
    endloop
  endfacet
  facet normal 0 0 1
    outer loop
      vertex 67.84472221513641 30.955277784863583 6.390000000000001
      vertex 67.76935750346352 33.3 6.390000000000001
      vertex 67.31879070980565 32.625679140145934 6.390000000000001
    endloop
  endfacet
  facet normal 0 0 1
    outer loop
      vertex 67.84472221513641 30.955277784863583 6.390000000000001
      vertex 68.50882072024251 31.71253699663285 6.390000000000001
      vertex 67.76935750346352 33.3 6.390000000000001
    endloop
  endfacet
  facet normal 0 0 1
    outer loop
      vertex 68.50882072024251 31.71253699663285 6.390000000000001
      vertex 68.12805310156998 34.027362719336445 6.390000000000001
      vertex 67.76935750346352 33.3 6.390000000000001
    endloop
  endfacet
  facet normal 0 0 1
    outer loop
      vertex 68.50882072024251 31.71253699663285 6.390000000000001
      vertex 69.06839560914018 32.55 6.390000000000001
      vertex 68.38874012299222 34.79532192036437 6.390000000000001
    endloop
  endfacet
  facet normal -0.9469301294951066 -0.3214394653031588 0
    outer loop
      vertex 55.28612759966309 33.453337570788804 2.4
      vertex 55.28612759966309 33.453337570788804 6.390000000000001
      vertex 54.96237113757417 34.40709335271059 6.390000000000001
    endloop
  endfacet
  facet normal -0.9807852804032309 -0.1950903220161257 0
    outer loop
      vertex 54.96237113757417 34.40709335271059 2.4
      vertex 54.96237113757417 34.40709335271059 6.390000000000001
      vertex 54.76587456742166 35.3949483199056 6.390000000000001
    endloop
  endfacet
  facet normal -0.997858923238603 -0.06540312923014927 0
    outer loop
      vertex 54.76587456742166 35.3949483199056 2.4
      vertex 54.76587456742166 35.3949483199056 6.390000000000001
      vertex 54.699999999999996 36.4 6.390000000000001
    endloop
  endfacet
  facet normal -0.997858923238603 0.06540312923014927 0
    outer loop
      vertex 54.699999999999996 36.4 2.4
      vertex 54.699999999999996 36.4 6.390000000000001
      vertex 54.76587456742166 37.405051680094395 6.390000000000001
    endloop
  endfacet
  facet normal -0.9807852804032309 0.1950903220161257 0
    outer loop
      vertex 54.76587456742166 37.405051680094395 2.4
      vertex 54.76587456742166 37.405051680094395 6.390000000000001
      vertex 54.96237113757417 38.39290664728941 6.390000000000001
    endloop
  endfacet
  facet normal -0.9469301294951066 0.3214394653031588 0
    outer loop
      vertex 54.96237113757417 38.39290664728941 2.4
      vertex 54.96237113757417 38.39290664728941 6.390000000000001
      vertex 55.28612759966309 39.34666242921119 6.390000000000001
    endloop
  endfacet
  facet normal -0.8968727415326871 0.44228869021900347 0
    outer loop
      vertex 55.28612759966309 39.34666242921119 2.4
      vertex 55.28612759966309 39.34666242921119 6.390000000000001
      vertex 55.73160439085982 40.25 6.390000000000001
    endloop
  endfacet
  facet normal -0.831469612302546 0.555570233019601 0
    outer loop
      vertex 55.73160439085982 40.25 2.4
      vertex 55.73160439085982 40.25 6.390000000000001
      vertex 56.291179279757486 41.08746300336715 6.390000000000001
    endloop
  endfacet
  facet normal -0.7518398074789762 0.6593458151000701 0
    outer loop
      vertex 56.291179279757486 41.08746300336715 2.4
      vertex 56.291179279757486 41.08746300336715 6.390000000000001
      vertex 56.95527778486358 41.844722215136414 6.390000000000001
    endloop
  endfacet
  facet normal -0.6593458151000701 0.7518398074789762 0
    outer loop
      vertex 56.95527778486358 41.844722215136414 2.4
      vertex 56.95527778486358 41.844722215136414 6.390000000000001
      vertex 57.71253699663285 42.50882072024251 6.390000000000001
    endloop
  endfacet
  facet normal -0.555570233019601 0.831469612302546 0
    outer loop
      vertex 57.71253699663285 42.50882072024251 2.4
      vertex 57.71253699663285 42.50882072024251 6.390000000000001
      vertex 58.55 43.068395609140175 6.390000000000001
    endloop
  endfacet
  facet normal -0.44228869021900347 0.8968727415326871 0
    outer loop
      vertex 58.55 43.068395609140175 2.4
      vertex 58.55 43.068395609140175 6.390000000000001
      vertex 59.453337570788804 43.51387240033691 6.390000000000001
    endloop
  endfacet
  facet normal -0.3214394653031588 0.9469301294951066 0
    outer loop
      vertex 59.453337570788804 43.51387240033691 2.4
      vertex 59.453337570788804 43.51387240033691 6.390000000000001
      vertex 60.40709335271059 43.837628862425824 6.390000000000001
    endloop
  endfacet
  facet normal -0.1950903220161257 0.9807852804032309 0
    outer loop
      vertex 60.40709335271059 43.837628862425824 2.4
      vertex 60.40709335271059 43.837628862425824 6.390000000000001
      vertex 61.3949483199056 44.034125432578335 6.390000000000001
    endloop
  endfacet
  facet normal -0.06540312923014927 0.997858923238603 0
    outer loop
      vertex 61.3949483199056 44.034125432578335 2.4
      vertex 61.3949483199056 44.034125432578335 6.390000000000001
      vertex 62.4 44.1 6.390000000000001
    endloop
  endfacet
  facet normal 0.06540312923014927 0.997858923238603 0
    outer loop
      vertex 62.4 44.1 2.4
      vertex 62.4 44.1 6.390000000000001
      vertex 63.405051680094395 44.034125432578335 6.390000000000001
    endloop
  endfacet
  facet normal 0.9469301294951045 -0.3214394653031651 0
    outer loop
      vertex 69.83762886242583 34.40709335271059 2.4
      vertex 69.83762886242583 34.40709335271059 6.390000000000001
      vertex 69.51387240033691 33.453337570788804 6.390000000000001
    endloop
  endfacet
  facet normal 0.9807852804032322 -0.19509032201611887 0
    outer loop
      vertex 70.03412543257834 35.3949483199056 2.4
      vertex 70.03412543257834 35.3949483199056 6.390000000000001
      vertex 69.83762886242583 34.40709335271059 6.390000000000001
    endloop
  endfacet
  facet normal 0.9978589232386035 -0.06540312923014226 0
    outer loop
      vertex 70.1 36.4 2.4
      vertex 70.1 36.4 6.390000000000001
      vertex 70.03412543257834 35.3949483199056 6.390000000000001
    endloop
  endfacet
  facet normal 0.9978589232386035 0.06540312923014226 0
    outer loop
      vertex 70.03412543257834 37.405051680094395 2.4
      vertex 70.03412543257834 37.405051680094395 6.390000000000001
      vertex 70.1 36.4 6.390000000000001
    endloop
  endfacet
  facet normal 0.9807852804032322 0.19509032201611887 0
    outer loop
      vertex 69.83762886242583 38.39290664728941 2.4
      vertex 69.83762886242583 38.39290664728941 6.390000000000001
      vertex 70.03412543257834 37.405051680094395 6.390000000000001
    endloop
  endfacet
  facet normal 0.1950903220161257 0.9807852804032309 0
    outer loop
      vertex 63.405051680094395 44.034125432578335 2.4
      vertex 63.405051680094395 44.034125432578335 6.390000000000001
      vertex 64.39290664728941 43.837628862425824 6.390000000000001
    endloop
  endfacet
  facet normal 0.3214394653031588 0.9469301294951066 0
    outer loop
      vertex 64.39290664728941 43.837628862425824 2.4
      vertex 64.39290664728941 43.837628862425824 6.390000000000001
      vertex 65.3466624292112 43.51387240033691 6.390000000000001
    endloop
  endfacet
  facet normal 0.555570233019601 0.831469612302546 0
    outer loop
      vertex 66.25 43.068395609140175 2.4
      vertex 66.25 43.068395609140175 6.390000000000001
      vertex 67.08746300336715 42.50882072024251 6.390000000000001
    endloop
  endfacet
  facet normal 0.6593458151000701 0.7518398074789762 0
    outer loop
      vertex 67.08746300336715 42.50882072024251 2.4
      vertex 67.08746300336715 42.50882072024251 6.390000000000001
      vertex 67.84472221513641 41.844722215136414 6.390000000000001
    endloop
  endfacet
  facet normal 0.44228869021900347 0.8968727415326871 0
    outer loop
      vertex 65.3466624292112 43.51387240033691 2.4
      vertex 65.3466624292112 43.51387240033691 6.390000000000001
      vertex 66.25 43.068395609140175 6.390000000000001
    endloop
  endfacet
  facet normal 0.9469301294951045 0.3214394653031651 0
    outer loop
      vertex 69.51387240033691 39.34666242921119 2.4
      vertex 69.51387240033691 39.34666242921119 6.390000000000001
      vertex 69.83762886242583 38.39290664728941 6.390000000000001
    endloop
  endfacet
  facet normal 0.8968727415326899 0.4422886902189978 0
    outer loop
      vertex 69.06839560914018 40.25 2.4
      vertex 69.06839560914018 40.25 6.390000000000001
      vertex 69.51387240033691 39.34666242921119 6.390000000000001
    endloop
  endfacet
  facet normal 0.8314696123025427 0.5555702330196058 0
    outer loop
      vertex 68.50882072024251 41.08746300336715 2.4
      vertex 68.50882072024251 41.08746300336715 6.390000000000001
      vertex 69.06839560914018 40.25 6.390000000000001
    endloop
  endfacet
  facet normal 0.7518398074789762 0.6593458151000701 0
    outer loop
      vertex 67.84472221513641 41.844722215136414 2.4
      vertex 67.84472221513641 41.844722215136414 6.390000000000001
      vertex 68.50882072024251 41.08746300336715 6.390000000000001
    endloop
  endfacet
  facet normal 0 0 1
    outer loop
      vertex 56.291179279757486 31.71253699663285 6.390000000000001
      vertex 56.67194689843002 34.027362719336445 6.390000000000001
      vertex 56.41125987700777 34.79532192036437 6.390000000000001
    endloop
  endfacet
  facet normal 0 0 1
    outer loop
      vertex 56.291179279757486 31.71253699663285 6.390000000000001
      vertex 56.41125987700777 34.79532192036437 6.390000000000001
      vertex 56.25304185948237 35.59073760823568 6.390000000000001
    endloop
  endfacet
  facet normal 0 0 1
    outer loop
      vertex 56.291179279757486 31.71253699663285 6.390000000000001
      vertex 56.25304185948237 35.59073760823568 6.390000000000001
      vertex 56.199999999999996 36.4 6.390000000000001
    endloop
  endfacet
  facet normal 0 0 1
    outer loop
      vertex 54.96237113757417 34.40709335271059 6.390000000000001
      vertex 54.76587456742166 37.405051680094395 6.390000000000001
      vertex 54.76587456742166 35.3949483199056 6.390000000000001
    endloop
  endfacet
  facet normal 0 0 1
    outer loop
      vertex 55.28612759966309 33.453337570788804 6.390000000000001
      vertex 54.96237113757417 38.39290664728941 6.390000000000001
      vertex 54.96237113757417 34.40709335271059 6.390000000000001
    endloop
  endfacet
  facet normal 0 0 1
    outer loop
      vertex 56.291179279757486 31.71253699663285 6.390000000000001
      vertex 55.73160439085982 40.25 6.390000000000001
      vertex 55.73160439085982 32.55 6.390000000000001
    endloop
  endfacet
  facet normal 0 0 1
    outer loop
      vertex 55.73160439085982 32.55 6.390000000000001
      vertex 55.28612759966309 39.34666242921119 6.390000000000001
      vertex 55.28612759966309 33.453337570788804 6.390000000000001
    endloop
  endfacet
  facet normal 0 0 1
    outer loop
      vertex 54.76587456742166 35.3949483199056 6.390000000000001
      vertex 54.76587456742166 37.405051680094395 6.390000000000001
      vertex 54.699999999999996 36.4 6.390000000000001
    endloop
  endfacet
  facet normal 0 0 1
    outer loop
      vertex 54.96237113757417 34.40709335271059 6.390000000000001
      vertex 54.96237113757417 38.39290664728941 6.390000000000001
      vertex 54.76587456742166 37.405051680094395 6.390000000000001
    endloop
  endfacet
  facet normal 0 0 1
    outer loop
      vertex 55.28612759966309 33.453337570788804 6.390000000000001
      vertex 55.28612759966309 39.34666242921119 6.390000000000001
      vertex 54.96237113757417 38.39290664728941 6.390000000000001
    endloop
  endfacet
  facet normal 0 0 1
    outer loop
      vertex 56.291179279757486 31.71253699663285 6.390000000000001
      vertex 56.199999999999996 36.4 6.390000000000001
      vertex 55.73160439085982 40.25 6.390000000000001
    endloop
  endfacet
  facet normal 0 0 1
    outer loop
      vertex 55.73160439085982 32.55 6.390000000000001
      vertex 55.73160439085982 40.25 6.390000000000001
      vertex 55.28612759966309 39.34666242921119 6.390000000000001
    endloop
  endfacet
  facet normal 0 0 1
    outer loop
      vertex 56.199999999999996 36.4 6.390000000000001
      vertex 56.25304185948237 37.20926239176432 6.390000000000001
      vertex 55.73160439085982 40.25 6.390000000000001
    endloop
  endfacet
  facet normal 0 0 1
    outer loop
      vertex 56.25304185948237 37.20926239176432 6.390000000000001
      vertex 56.41125987700777 38.004678079635624 6.390000000000001
      vertex 55.73160439085982 40.25 6.390000000000001
    endloop
  endfacet
  facet normal 0 0 1
    outer loop
      vertex 56.41125987700777 38.004678079635624 6.390000000000001
      vertex 56.67194689843002 38.77263728066355 6.390000000000001
      vertex 56.291179279757486 41.08746300336715 6.390000000000001
    endloop
  endfacet
  facet normal 0 0 1
    outer loop
      vertex 56.41125987700777 38.004678079635624 6.390000000000001
      vertex 56.291179279757486 41.08746300336715 6.390000000000001
      vertex 55.73160439085982 40.25 6.390000000000001
    endloop
  endfacet
  facet normal 0 0 1
    outer loop
      vertex 56.67194689843002 38.77263728066355 6.390000000000001
      vertex 57.03064249653648 39.5 6.390000000000001
      vertex 56.291179279757486 41.08746300336715 6.390000000000001
    endloop
  endfacet
  facet normal 0 0 1
    outer loop
      vertex 56.291179279757486 41.08746300336715 6.390000000000001
      vertex 57.03064249653648 39.5 6.390000000000001
      vertex 56.95527778486358 41.844722215136414 6.390000000000001
    endloop
  endfacet
  facet normal 0 0 1
    outer loop
      vertex 57.03064249653648 39.5 6.390000000000001
      vertex 57.48120929019434 40.17432085985406 6.390000000000001
      vertex 56.95527778486358 41.844722215136414 6.390000000000001
    endloop
  endfacet
  facet normal 0 0 1
    outer loop
      vertex 57.48120929019434 40.17432085985406 6.390000000000001
      vertex 58.015937956643405 40.78406204335659 6.390000000000001
      vertex 56.95527778486358 41.844722215136414 6.390000000000001
    endloop
  endfacet
  facet normal 0 0 1
    outer loop
      vertex 58.015937956643405 40.78406204335659 6.390000000000001
      vertex 58.625679140145934 41.318790709805654 6.390000000000001
      vertex 57.71253699663285 42.50882072024251 6.390000000000001
    endloop
  endfacet
  facet normal 0 0 1
    outer loop
      vertex 58.015937956643405 40.78406204335659 6.390000000000001
      vertex 57.71253699663285 42.50882072024251 6.390000000000001
      vertex 56.95527778486358 41.844722215136414 6.390000000000001
    endloop
  endfacet
  facet normal 0 0 1
    outer loop
      vertex 58.625679140145934 41.318790709805654 6.390000000000001
      vertex 58.55 43.068395609140175 6.390000000000001
      vertex 57.71253699663285 42.50882072024251 6.390000000000001
    endloop
  endfacet
  facet normal 0 0 1
    outer loop
      vertex 58.625679140145934 41.318790709805654 6.390000000000001
      vertex 59.3 41.76935750346352 6.390000000000001
      vertex 58.55 43.068395609140175 6.390000000000001
    endloop
  endfacet
  facet normal 0 0 1
    outer loop
      vertex 58.55 43.068395609140175 6.390000000000001
      vertex 59.3 41.76935750346352 6.390000000000001
      vertex 60.027362719336445 42.128053101569975 6.390000000000001
    endloop
  endfacet
  facet normal 0 0 1
    outer loop
      vertex 58.55 43.068395609140175 6.390000000000001
      vertex 60.027362719336445 42.128053101569975 6.390000000000001
      vertex 59.453337570788804 43.51387240033691 6.390000000000001
    endloop
  endfacet
  facet normal 0 0 1
    outer loop
      vertex 60.027362719336445 42.128053101569975 6.390000000000001
      vertex 60.79532192036437 42.388740122992225 6.390000000000001
      vertex 59.453337570788804 43.51387240033691 6.390000000000001
    endloop
  endfacet
  facet normal 0 0 1
    outer loop
      vertex 60.79532192036437 42.388740122992225 6.390000000000001
      vertex 61.59073760823568 42.546958140517624 6.390000000000001
      vertex 60.40709335271059 43.837628862425824 6.390000000000001
    endloop
  endfacet
  facet normal 0 0 1
    outer loop
      vertex 60.79532192036437 42.388740122992225 6.390000000000001
      vertex 60.40709335271059 43.837628862425824 6.390000000000001
      vertex 59.453337570788804 43.51387240033691 6.390000000000001
    endloop
  endfacet
  facet normal 0 0 1
    outer loop
      vertex 60.40709335271059 43.837628862425824 6.390000000000001
      vertex 61.59073760823568 42.546958140517624 6.390000000000001
      vertex 61.3949483199056 44.034125432578335 6.390000000000001
    endloop
  endfacet
  facet normal 0 0 1
    outer loop
      vertex 61.59073760823568 42.546958140517624 6.390000000000001
      vertex 62.4 42.6 6.390000000000001
      vertex 61.3949483199056 44.034125432578335 6.390000000000001
    endloop
  endfacet
  facet normal 0 0 1
    outer loop
      vertex 62.4 42.6 6.390000000000001
      vertex 62.4 44.1 6.390000000000001
      vertex 61.3949483199056 44.034125432578335 6.390000000000001
    endloop
  endfacet
  facet normal 0 0 1
    outer loop
      vertex 62.4 42.6 6.390000000000001
      vertex 63.20926239176432 42.546958140517624 6.390000000000001
      vertex 62.4 44.1 6.390000000000001
    endloop
  endfacet
  facet normal 0 0 1
    outer loop
      vertex 63.20926239176432 42.546958140517624 6.390000000000001
      vertex 63.405051680094395 44.034125432578335 6.390000000000001
      vertex 62.4 44.1 6.390000000000001
    endloop
  endfacet
  facet normal 0 0 1
    outer loop
      vertex 68.50882072024251 31.71253699663285 6.390000000000001
      vertex 68.38874012299222 34.79532192036437 6.390000000000001
      vertex 68.12805310156998 34.027362719336445 6.390000000000001
    endloop
  endfacet
  facet normal 0 0 1
    outer loop
      vertex 69.06839560914018 32.55 6.390000000000001
      vertex 68.54695814051762 35.59073760823568 6.390000000000001
      vertex 68.38874012299222 34.79532192036437 6.390000000000001
    endloop
  endfacet
  facet normal 0 0 1
    outer loop
      vertex 69.06839560914018 32.55 6.390000000000001
      vertex 68.6 36.4 6.390000000000001
      vertex 68.54695814051762 35.59073760823568 6.390000000000001
    endloop
  endfacet
  facet normal 0 0 1
    outer loop
      vertex 69.06839560914018 32.55 6.390000000000001
      vertex 69.51387240033691 33.453337570788804 6.390000000000001
      vertex 69.06839560914018 40.25 6.390000000000001
    endloop
  endfacet
  facet normal 0 0 1
    outer loop
      vertex 69.51387240033691 33.453337570788804 6.390000000000001
      vertex 69.83762886242583 34.40709335271059 6.390000000000001
      vertex 69.51387240033691 39.34666242921119 6.390000000000001
    endloop
  endfacet
  facet normal 0 0 1
    outer loop
      vertex 69.83762886242583 34.40709335271059 6.390000000000001
      vertex 70.03412543257834 35.3949483199056 6.390000000000001
      vertex 69.83762886242583 38.39290664728941 6.390000000000001
    endloop
  endfacet
  facet normal 0 0 1
    outer loop
      vertex 69.06839560914018 32.55 6.390000000000001
      vertex 68.50882072024251 41.08746300336715 6.390000000000001
      vertex 68.6 36.4 6.390000000000001
    endloop
  endfacet
  facet normal 0 0 1
    outer loop
      vertex 70.03412543257834 35.3949483199056 6.390000000000001
      vertex 70.1 36.4 6.390000000000001
      vertex 70.03412543257834 37.405051680094395 6.390000000000001
    endloop
  endfacet
  facet normal 0 0 1
    outer loop
      vertex 70.03412543257834 35.3949483199056 6.390000000000001
      vertex 70.03412543257834 37.405051680094395 6.390000000000001
      vertex 69.83762886242583 38.39290664728941 6.390000000000001
    endloop
  endfacet
  facet normal 0 0 1
    outer loop
      vertex 69.83762886242583 34.40709335271059 6.390000000000001
      vertex 69.83762886242583 38.39290664728941 6.390000000000001
      vertex 69.51387240033691 39.34666242921119 6.390000000000001
    endloop
  endfacet
  facet normal 0 0 1
    outer loop
      vertex 69.06839560914018 32.55 6.390000000000001
      vertex 69.06839560914018 40.25 6.390000000000001
      vertex 68.50882072024251 41.08746300336715 6.390000000000001
    endloop
  endfacet
  facet normal 0 0 1
    outer loop
      vertex 68.6 36.4 6.390000000000001
      vertex 68.50882072024251 41.08746300336715 6.390000000000001
      vertex 68.54695814051762 37.20926239176432 6.390000000000001
    endloop
  endfacet
  facet normal 0 0 1
    outer loop
      vertex 68.54695814051762 37.20926239176432 6.390000000000001
      vertex 68.50882072024251 41.08746300336715 6.390000000000001
      vertex 68.38874012299222 38.004678079635624 6.390000000000001
    endloop
  endfacet
  facet normal 0 0 1
    outer loop
      vertex 69.51387240033691 33.453337570788804 6.390000000000001
      vertex 69.51387240033691 39.34666242921119 6.390000000000001
      vertex 69.06839560914018 40.25 6.390000000000001
    endloop
  endfacet
  facet normal 0 0 1
    outer loop
      vertex 67.76935750346352 39.5 6.390000000000001
      vertex 67.84472221513641 41.844722215136414 6.390000000000001
      vertex 67.31879070980565 40.17432085985406 6.390000000000001
    endloop
  endfacet
  facet normal 0 0 1
    outer loop
      vertex 67.31879070980565 40.17432085985406 6.390000000000001
      vertex 67.08746300336715 42.50882072024251 6.390000000000001
      vertex 66.7840620433566 40.78406204335659 6.390000000000001
    endloop
  endfacet
  facet normal 0 0 1
    outer loop
      vertex 67.31879070980565 40.17432085985406 6.390000000000001
      vertex 67.84472221513641 41.844722215136414 6.390000000000001
      vertex 67.08746300336715 42.50882072024251 6.390000000000001
    endloop
  endfacet
  facet normal 0 0 1
    outer loop
      vertex 63.20926239176432 42.546958140517624 6.390000000000001
      vertex 64.00467807963562 42.388740122992225 6.390000000000001
      vertex 63.405051680094395 44.034125432578335 6.390000000000001
    endloop
  endfacet
  facet normal 0 0 1
    outer loop
      vertex 64.00467807963562 42.388740122992225 6.390000000000001
      vertex 64.77263728066356 42.128053101569975 6.390000000000001
      vertex 64.39290664728941 43.837628862425824 6.390000000000001
    endloop
  endfacet
  facet normal 0 0 1
    outer loop
      vertex 64.77263728066356 42.128053101569975 6.390000000000001
      vertex 65.5 41.76935750346352 6.390000000000001
      vertex 65.3466624292112 43.51387240033691 6.390000000000001
    endloop
  endfacet
  facet normal 0 0 1
    outer loop
      vertex 64.00467807963562 42.388740122992225 6.390000000000001
      vertex 64.39290664728941 43.837628862425824 6.390000000000001
      vertex 63.405051680094395 44.034125432578335 6.390000000000001
    endloop
  endfacet
  facet normal 0 0 1
    outer loop
      vertex 64.77263728066356 42.128053101569975 6.390000000000001
      vertex 65.3466624292112 43.51387240033691 6.390000000000001
      vertex 64.39290664728941 43.837628862425824 6.390000000000001
    endloop
  endfacet
  facet normal 0 0 1
    outer loop
      vertex 66.17432085985406 41.318790709805654 6.390000000000001
      vertex 66.25 43.068395609140175 6.390000000000001
      vertex 65.5 41.76935750346352 6.390000000000001
    endloop
  endfacet
  facet normal 0 0 1
    outer loop
      vertex 66.17432085985406 41.318790709805654 6.390000000000001
      vertex 66.7840620433566 40.78406204335659 6.390000000000001
      vertex 66.25 43.068395609140175 6.390000000000001
    endloop
  endfacet
  facet normal 0 0 1
    outer loop
      vertex 66.7840620433566 40.78406204335659 6.390000000000001
      vertex 67.08746300336715 42.50882072024251 6.390000000000001
      vertex 66.25 43.068395609140175 6.390000000000001
    endloop
  endfacet
  facet normal 0 0 1
    outer loop
      vertex 65.5 41.76935750346352 6.390000000000001
      vertex 66.25 43.068395609140175 6.390000000000001
      vertex 65.3466624292112 43.51387240033691 6.390000000000001
    endloop
  endfacet
  facet normal 0 0 1
    outer loop
      vertex 68.38874012299222 38.004678079635624 6.390000000000001
      vertex 68.50882072024251 41.08746300336715 6.390000000000001
      vertex 68.12805310156998 38.77263728066355 6.390000000000001
    endloop
  endfacet
  facet normal 0 0 1
    outer loop
      vertex 68.12805310156998 38.77263728066355 6.390000000000001
      vertex 67.84472221513641 41.844722215136414 6.390000000000001
      vertex 67.76935750346352 39.5 6.390000000000001
    endloop
  endfacet
  facet normal 0 0 1
    outer loop
      vertex 68.12805310156998 38.77263728066355 6.390000000000001
      vertex 68.50882072024251 41.08746300336715 6.390000000000001
      vertex 67.84472221513641 41.844722215136414 6.390000000000001
    endloop
  endfacet
  facet normal 0.6593458151000697 0.7518398074789767 0
    outer loop
      vertex 58.625679140145934 31.48120929019434 2.4
      vertex 58.015937956643405 32.015937956643405 2.4
      vertex 58.625679140145934 31.48120929019434 6.390000000000001
    endloop
  endfacet
  facet normal 0.8314696123025426 0.5555702330196063 0
    outer loop
      vertex 57.48120929019434 32.625679140145934 2.4
      vertex 57.03064249653648 33.3 2.4
      vertex 57.48120929019434 32.625679140145934 6.390000000000001
    endloop
  endfacet
  facet normal 0.7518398074789789 0.6593458151000672 -2.7864005523994645e-18
    outer loop
      vertex 57.48120929019434 32.625679140145934 2.4
      vertex 58.015937956643405 32.015937956643405 6.390000000000001
      vertex 58.015937956643405 32.015937956643405 2.4
    endloop
  endfacet
  facet normal 0.32143946530316214 0.9469301294951054 0
    outer loop
      vertex 60.79532192036437 30.411259877007776 2.4
      vertex 60.027362719336445 30.671946898430022 2.4
      vertex 60.79532192036437 30.411259877007776 6.390000000000001
    endloop
  endfacet
  facet normal 0.19509032201613144 0.9807852804032298 -2.5257168995573725e-18
    outer loop
      vertex 60.79532192036437 30.411259877007776 2.4
      vertex 61.59073760823568 30.253041859482373 6.390000000000001
      vertex 61.59073760823568 30.253041859482373 2.4
    endloop
  endfacet
  facet normal 0.06540312923014073 0.9978589232386036 9.171930577991588e-19
    outer loop
      vertex 61.59073760823568 30.253041859482373 2.4
      vertex 62.4 30.2 6.390000000000001
      vertex 62.4 30.2 2.4
    endloop
  endfacet
  facet normal -0.06540312923014073 0.9978589232386036 -9.171930577991588e-19
    outer loop
      vertex 62.4 30.2 2.4
      vertex 63.20926239176432 30.253041859482373 6.390000000000001
      vertex 63.20926239176432 30.253041859482373 2.4
    endloop
  endfacet
  facet normal 0.5555702330196033 0.8314696123025446 -2.1581521903169205e-18
    outer loop
      vertex 58.625679140145934 31.48120929019434 2.4
      vertex 59.3 31.03064249653648 6.390000000000001
      vertex 59.3 31.03064249653648 2.4
    endloop
  endfacet
  facet normal 0.44228869021899864 0.8968727415326896 1.4802465336251135e-18
    outer loop
      vertex 59.3 31.03064249653648 2.4
      vertex 60.027362719336445 30.671946898430022 6.390000000000001
      vertex 60.027362719336445 30.671946898430022 2.4
    endloop
  endfacet
  facet normal -0.19509032201613144 0.9807852804032298 2.5257168995573725e-18
    outer loop
      vertex 63.20926239176432 30.253041859482373 2.4
      vertex 64.00467807963562 30.411259877007776 6.390000000000001
      vertex 64.00467807963562 30.411259877007776 2.4
    endloop
  endfacet
  facet normal -0.3214394653031596 0.9469301294951064 3.852487000046242e-18
    outer loop
      vertex 64.00467807963562 30.411259877007776 2.4
      vertex 64.77263728066356 30.671946898430022 6.390000000000001
      vertex 64.77263728066356 30.671946898430022 2.4
    endloop
  endfacet
  facet normal -0.4422886902190022 0.8968727415326879 1.1598964686555101e-20
    outer loop
      vertex 64.77263728066356 30.671946898430022 2.4
      vertex 65.5 31.03064249653648 6.390000000000001
      vertex 65.5 31.03064249653648 2.4
    endloop
  endfacet
  facet normal -0.5555702330196033 0.8314696123025446 2.1581521903169205e-18
    outer loop
      vertex 65.5 31.03064249653648 2.4
      vertex 66.17432085985406 31.48120929019434 6.390000000000001
      vertex 66.17432085985406 31.48120929019434 2.4
    endloop
  endfacet
  facet normal -0.6593458151000653 0.7518398074789806 -6.327888835588111e-18
    outer loop
      vertex 66.17432085985406 31.48120929019434 2.4
      vertex 66.7840620433566 32.015937956643405 6.390000000000001
      vertex 66.7840620433566 32.015937956643405 2.4
    endloop
  endfacet
  facet normal -0.7518398074789833 0.6593458151000622 1.9823268296215376e-18
    outer loop
      vertex 66.7840620433566 32.015937956643405 2.4
      vertex 67.31879070980565 32.625679140145934 6.390000000000001
      vertex 67.31879070980565 32.625679140145934 2.4
    endloop
  endfacet
  facet normal -0.8314696123025385 0.5555702330196123 -6.940697099240579e-18
    outer loop
      vertex 67.31879070980565 32.625679140145934 2.4
      vertex 67.76935750346352 33.3 6.390000000000001
      vertex 67.76935750346352 33.3 2.4
    endloop
  endfacet
  facet normal 0.9807852804032307 0.19509032201612725 0
    outer loop
      vertex 56.41125987700777 34.79532192036437 2.4
      vertex 56.25304185948237 35.59073760823568 2.4
      vertex 56.41125987700777 34.79532192036437 6.390000000000001
    endloop
  endfacet
  facet normal 0.9978589232386034 0.06540312923014509 0
    outer loop
      vertex 56.25304185948237 35.59073760823568 2.4
      vertex 56.199999999999996 36.4 2.4
      vertex 56.25304185948237 35.59073760823568 6.390000000000001
    endloop
  endfacet
  facet normal 0.8968727415326896 0.44228869021899864 0
    outer loop
      vertex 57.03064249653648 33.3 2.4
      vertex 56.67194689843002 34.027362719336445 2.4
      vertex 57.03064249653648 33.3 6.390000000000001
    endloop
  endfacet
  facet normal 0.9469301294951041 0.32143946530316614 -1.0329492396433732e-19
    outer loop
      vertex 56.41125987700777 34.79532192036437 2.4
      vertex 56.67194689843002 34.027362719336445 6.390000000000001
      vertex 56.67194689843002 34.027362719336445 2.4
    endloop
  endfacet
  facet normal 0.9978589232386034 -0.06540312923014509 0
    outer loop
      vertex 56.199999999999996 36.4 2.4
      vertex 56.25304185948237 37.20926239176432 2.4
      vertex 56.199999999999996 36.4 6.390000000000001
    endloop
  endfacet
  facet normal 0.9807852804032307 -0.19509032201612725 0
    outer loop
      vertex 56.25304185948237 37.20926239176432 2.4
      vertex 56.41125987700777 38.004678079635624 2.4
      vertex 56.25304185948237 37.20926239176432 6.390000000000001
    endloop
  endfacet
  facet normal 0.9469301294951041 -0.32143946530316614 0
    outer loop
      vertex 56.41125987700777 38.004678079635624 2.4
      vertex 56.67194689843002 38.77263728066355 2.4
      vertex 56.41125987700777 38.004678079635624 6.390000000000001
    endloop
  endfacet
  facet normal 0.8968727415326896 -0.44228869021899864 0
    outer loop
      vertex 56.67194689843002 38.77263728066355 2.4
      vertex 57.03064249653648 39.5 2.4
      vertex 56.67194689843002 38.77263728066355 6.390000000000001
    endloop
  endfacet
  facet normal 0.8314696123025426 -0.5555702330196063 0
    outer loop
      vertex 57.03064249653648 39.5 2.4
      vertex 57.48120929019434 40.17432085985406 2.4
      vertex 57.03064249653648 39.5 6.390000000000001
    endloop
  endfacet
  facet normal 0.7518398074789789 -0.6593458151000672 0
    outer loop
      vertex 57.48120929019434 40.17432085985406 2.4
      vertex 58.015937956643405 40.78406204335659 2.4
      vertex 57.48120929019434 40.17432085985406 6.390000000000001
    endloop
  endfacet
  facet normal 0.6593458151000672 -0.7518398074789789 0
    outer loop
      vertex 58.015937956643405 40.78406204335659 2.4
      vertex 58.625679140145934 41.318790709805654 2.4
      vertex 58.015937956643405 40.78406204335659 6.390000000000001
    endloop
  endfacet
  facet normal 0.5555702330196063 -0.8314696123025426 0
    outer loop
      vertex 58.625679140145934 41.318790709805654 2.4
      vertex 59.3 41.76935750346352 2.4
      vertex 58.625679140145934 41.318790709805654 6.390000000000001
    endloop
  endfacet
  facet normal 0.44228869021899864 -0.8968727415326896 0
    outer loop
      vertex 59.3 41.76935750346352 2.4
      vertex 60.027362719336445 42.128053101569975 2.4
      vertex 59.3 41.76935750346352 6.390000000000001
    endloop
  endfacet
  facet normal 0.32143946530316614 -0.9469301294951041 0
    outer loop
      vertex 60.027362719336445 42.128053101569975 2.4
      vertex 60.79532192036437 42.388740122992225 2.4
      vertex 60.027362719336445 42.128053101569975 6.390000000000001
    endloop
  endfacet
  facet normal 0.19509032201612725 -0.9807852804032307 0
    outer loop
      vertex 60.79532192036437 42.388740122992225 2.4
      vertex 61.59073760823568 42.546958140517624 2.4
      vertex 60.79532192036437 42.388740122992225 6.390000000000001
    endloop
  endfacet
  facet normal 0.06540312923014509 -0.9978589232386034 0
    outer loop
      vertex 61.59073760823568 42.546958140517624 2.4
      vertex 62.4 42.6 2.4
      vertex 61.59073760823568 42.546958140517624 6.390000000000001
    endloop
  endfacet
  facet normal -0.06540312923014509 -0.9978589232386034 0
    outer loop
      vertex 62.4 42.6 2.4
      vertex 63.20926239176432 42.546958140517624 2.4
      vertex 62.4 42.6 6.390000000000001
    endloop
  endfacet
  facet normal -0.896872741532693 0.44228869021899164 -3.237385608579611e-18
    outer loop
      vertex 67.76935750346352 33.3 2.4
      vertex 68.12805310156998 34.027362719336445 6.390000000000001
      vertex 68.12805310156998 34.027362719336445 2.4
    endloop
  endfacet
  facet normal -0.9469301294951068 0.32143946530315826 3.555234349513127e-18
    outer loop
      vertex 68.12805310156998 34.027362719336445 2.4
      vertex 68.38874012299222 34.79532192036437 6.390000000000001
      vertex 68.38874012299222 34.79532192036437 2.4
    endloop
  endfacet
  facet normal -0.9807852804032307 0.19509032201612725 4.127911602367436e-18
    outer loop
      vertex 68.38874012299222 34.79532192036437 2.4
      vertex 68.54695814051762 35.59073760823568 6.390000000000001
      vertex 68.54695814051762 35.59073760823568 2.4
    endloop
  endfacet
  facet normal -0.9978589232386034 0.06540312923014509 -1.8308397187622588e-19
    outer loop
      vertex 68.54695814051762 35.59073760823568 2.4
      vertex 68.6 36.4 6.390000000000001
      vertex 68.6 36.4 2.4
    endloop
  endfacet
  facet normal -0.9978589232386034 -0.06540312923014509 1.8308397187622588e-19
    outer loop
      vertex 68.6 36.4 2.4
      vertex 68.54695814051762 37.20926239176432 6.390000000000001
      vertex 68.54695814051762 37.20926239176432 2.4
    endloop
  endfacet
  facet normal -0.9807852804032307 -0.19509032201612725 -4.127911602367436e-18
    outer loop
      vertex 68.54695814051762 37.20926239176432 2.4
      vertex 68.38874012299222 38.004678079635624 6.390000000000001
      vertex 68.38874012299222 38.004678079635624 2.4
    endloop
  endfacet
  facet normal -0.9469301294951068 -0.32143946530315826 -3.555234349513127e-18
    outer loop
      vertex 68.38874012299222 38.004678079635624 2.4
      vertex 68.12805310156998 38.77263728066355 6.390000000000001
      vertex 68.12805310156998 38.77263728066355 2.4
    endloop
  endfacet
  facet normal -0.8314696123025385 -0.5555702330196123 6.940697099240579e-18
    outer loop
      vertex 67.76935750346352 39.5 2.4
      vertex 67.31879070980565 40.17432085985406 6.390000000000001
      vertex 67.31879070980565 40.17432085985406 2.4
    endloop
  endfacet
  facet normal -0.5555702330196063 -0.8314696123025426 -4.843488401083846e-18
    outer loop
      vertex 66.17432085985406 41.318790709805654 2.4
      vertex 65.5 41.76935750346352 6.390000000000001
      vertex 65.5 41.76935750346352 2.4
    endloop
  endfacet
  facet normal -0.6593458151000628 -0.7518398074789827 0
    outer loop
      vertex 66.17432085985406 41.318790709805654 2.4
      vertex 66.7840620433566 40.78406204335659 2.4
      vertex 66.17432085985406 41.318790709805654 6.390000000000001
    endloop
  endfacet
  facet normal -0.7518398074789833 -0.6593458151000622 -1.9823268296215376e-18
    outer loop
      vertex 67.31879070980565 40.17432085985406 2.4
      vertex 66.7840620433566 40.78406204335659 6.390000000000001
      vertex 66.7840620433566 40.78406204335659 2.4
    endloop
  endfacet
  facet normal -0.32143946530316353 -0.9469301294951051 0
    outer loop
      vertex 64.00467807963562 42.388740122992225 2.4
      vertex 64.77263728066356 42.128053101569975 2.4
      vertex 64.00467807963562 42.388740122992225 6.390000000000001
    endloop
  endfacet
  facet normal -0.19509032201612725 -0.9807852804032307 0
    outer loop
      vertex 63.20926239176432 42.546958140517624 2.4
      vertex 64.00467807963562 42.388740122992225 2.4
      vertex 63.20926239176432 42.546958140517624 6.390000000000001
    endloop
  endfacet
  facet normal -0.4422886902190022 -0.8968727415326879 0
    outer loop
      vertex 64.77263728066356 42.128053101569975 2.4
      vertex 65.5 41.76935750346352 2.4
      vertex 64.77263728066356 42.128053101569975 6.390000000000001
    endloop
  endfacet
  facet normal -0.896872741532693 -0.44228869021899164 3.237385608579611e-18
    outer loop
      vertex 68.12805310156998 38.77263728066355 2.4
      vertex 67.76935750346352 39.5 6.390000000000001
      vertex 67.76935750346352 39.5 2.4
    endloop
  endfacet
  facet normal 0.6593458151000697 0.7518398074789767 0
    outer loop
      vertex 58.015937956643405 32.015937956643405 2.4
      vertex 58.015937956643405 32.015937956643405 6.390000000000001
      vertex 58.625679140145934 31.48120929019434 6.390000000000001
    endloop
  endfacet
  facet normal 0.7518398074789789 0.6593458151000672 0
    outer loop
      vertex 57.48120929019434 32.625679140145934 2.4
      vertex 57.48120929019434 32.625679140145934 6.390000000000001
      vertex 58.015937956643405 32.015937956643405 6.390000000000001
    endloop
  endfacet
  facet normal 0.8314696123025426 0.5555702330196063 0
    outer loop
      vertex 57.03064249653648 33.3 2.4
      vertex 57.03064249653648 33.3 6.390000000000001
      vertex 57.48120929019434 32.625679140145934 6.390000000000001
    endloop
  endfacet
  facet normal 0.19509032201613144 0.9807852804032298 0
    outer loop
      vertex 60.79532192036437 30.411259877007776 2.4
      vertex 60.79532192036437 30.411259877007776 6.390000000000001
      vertex 61.59073760823568 30.253041859482373 6.390000000000001
    endloop
  endfacet
  facet normal 0.06540312923014073 0.9978589232386036 0
    outer loop
      vertex 61.59073760823568 30.253041859482373 2.4
      vertex 61.59073760823568 30.253041859482373 6.390000000000001
      vertex 62.4 30.2 6.390000000000001
    endloop
  endfacet
  facet normal -0.06540312923014073 0.9978589232386036 0
    outer loop
      vertex 62.4 30.2 2.4
      vertex 62.4 30.2 6.390000000000001
      vertex 63.20926239176432 30.253041859482373 6.390000000000001
    endloop
  endfacet
  facet normal 0.44228869021899864 0.8968727415326896 0
    outer loop
      vertex 59.3 31.03064249653648 2.4
      vertex 59.3 31.03064249653648 6.390000000000001
      vertex 60.027362719336445 30.671946898430022 6.390000000000001
    endloop
  endfacet
  facet normal 0.5555702330196033 0.8314696123025446 0
    outer loop
      vertex 58.625679140145934 31.48120929019434 2.4
      vertex 58.625679140145934 31.48120929019434 6.390000000000001
      vertex 59.3 31.03064249653648 6.390000000000001
    endloop
  endfacet
  facet normal 0.32143946530316214 0.9469301294951054 0
    outer loop
      vertex 60.027362719336445 30.671946898430022 2.4
      vertex 60.027362719336445 30.671946898430022 6.390000000000001
      vertex 60.79532192036437 30.411259877007776 6.390000000000001
    endloop
  endfacet
  facet normal -0.19509032201613144 0.9807852804032298 0
    outer loop
      vertex 63.20926239176432 30.253041859482373 2.4
      vertex 63.20926239176432 30.253041859482373 6.390000000000001
      vertex 64.00467807963562 30.411259877007776 6.390000000000001
    endloop
  endfacet
  facet normal -0.3214394653031596 0.9469301294951064 0
    outer loop
      vertex 64.00467807963562 30.411259877007776 2.4
      vertex 64.00467807963562 30.411259877007776 6.390000000000001
      vertex 64.77263728066356 30.671946898430022 6.390000000000001
    endloop
  endfacet
  facet normal -0.4422886902190022 0.8968727415326879 0
    outer loop
      vertex 64.77263728066356 30.671946898430022 2.4
      vertex 64.77263728066356 30.671946898430022 6.390000000000001
      vertex 65.5 31.03064249653648 6.390000000000001
    endloop
  endfacet
  facet normal -0.5555702330196033 0.8314696123025446 0
    outer loop
      vertex 65.5 31.03064249653648 2.4
      vertex 65.5 31.03064249653648 6.390000000000001
      vertex 66.17432085985406 31.48120929019434 6.390000000000001
    endloop
  endfacet
  facet normal -0.6593458151000653 0.7518398074789806 0
    outer loop
      vertex 66.17432085985406 31.48120929019434 2.4
      vertex 66.17432085985406 31.48120929019434 6.390000000000001
      vertex 66.7840620433566 32.015937956643405 6.390000000000001
    endloop
  endfacet
  facet normal -0.7518398074789833 0.6593458151000622 0
    outer loop
      vertex 66.7840620433566 32.015937956643405 2.4
      vertex 66.7840620433566 32.015937956643405 6.390000000000001
      vertex 67.31879070980565 32.625679140145934 6.390000000000001
    endloop
  endfacet
  facet normal -0.8314696123025385 0.5555702330196123 0
    outer loop
      vertex 67.31879070980565 32.625679140145934 2.4
      vertex 67.31879070980565 32.625679140145934 6.390000000000001
      vertex 67.76935750346352 33.3 6.390000000000001
    endloop
  endfacet
  facet normal 0.9469301294951041 0.32143946530316614 0
    outer loop
      vertex 56.41125987700777 34.79532192036437 2.4
      vertex 56.41125987700777 34.79532192036437 6.390000000000001
      vertex 56.67194689843002 34.027362719336445 6.390000000000001
    endloop
  endfacet
  facet normal 0.9807852804032307 0.19509032201612725 0
    outer loop
      vertex 56.25304185948237 35.59073760823568 2.4
      vertex 56.25304185948237 35.59073760823568 6.390000000000001
      vertex 56.41125987700777 34.79532192036437 6.390000000000001
    endloop
  endfacet
  facet normal 0.8968727415326896 0.44228869021899864 0
    outer loop
      vertex 56.67194689843002 34.027362719336445 2.4
      vertex 56.67194689843002 34.027362719336445 6.390000000000001
      vertex 57.03064249653648 33.3 6.390000000000001
    endloop
  endfacet
  facet normal 0.9978589232386034 0.06540312923014509 0
    outer loop
      vertex 56.199999999999996 36.4 2.4
      vertex 56.199999999999996 36.4 6.390000000000001
      vertex 56.25304185948237 35.59073760823568 6.390000000000001
    endloop
  endfacet
  facet normal 0.9978589232386034 -0.06540312923014509 0
    outer loop
      vertex 56.25304185948237 37.20926239176432 2.4
      vertex 56.25304185948237 37.20926239176432 6.390000000000001
      vertex 56.199999999999996 36.4 6.390000000000001
    endloop
  endfacet
  facet normal 0.9807852804032307 -0.19509032201612725 0
    outer loop
      vertex 56.41125987700777 38.004678079635624 2.4
      vertex 56.41125987700777 38.004678079635624 6.390000000000001
      vertex 56.25304185948237 37.20926239176432 6.390000000000001
    endloop
  endfacet
  facet normal 0.9469301294951041 -0.32143946530316614 0
    outer loop
      vertex 56.67194689843002 38.77263728066355 2.4
      vertex 56.67194689843002 38.77263728066355 6.390000000000001
      vertex 56.41125987700777 38.004678079635624 6.390000000000001
    endloop
  endfacet
  facet normal 0.8968727415326896 -0.44228869021899864 0
    outer loop
      vertex 57.03064249653648 39.5 2.4
      vertex 57.03064249653648 39.5 6.390000000000001
      vertex 56.67194689843002 38.77263728066355 6.390000000000001
    endloop
  endfacet
  facet normal 0.8314696123025426 -0.5555702330196063 0
    outer loop
      vertex 57.48120929019434 40.17432085985406 2.4
      vertex 57.48120929019434 40.17432085985406 6.390000000000001
      vertex 57.03064249653648 39.5 6.390000000000001
    endloop
  endfacet
  facet normal 0.7518398074789789 -0.6593458151000672 0
    outer loop
      vertex 58.015937956643405 40.78406204335659 2.4
      vertex 58.015937956643405 40.78406204335659 6.390000000000001
      vertex 57.48120929019434 40.17432085985406 6.390000000000001
    endloop
  endfacet
  facet normal 0.6593458151000672 -0.7518398074789789 0
    outer loop
      vertex 58.625679140145934 41.318790709805654 2.4
      vertex 58.625679140145934 41.318790709805654 6.390000000000001
      vertex 58.015937956643405 40.78406204335659 6.390000000000001
    endloop
  endfacet
  facet normal 0.5555702330196063 -0.8314696123025426 0
    outer loop
      vertex 59.3 41.76935750346352 2.4
      vertex 59.3 41.76935750346352 6.390000000000001
      vertex 58.625679140145934 41.318790709805654 6.390000000000001
    endloop
  endfacet
  facet normal 0.44228869021899864 -0.8968727415326896 0
    outer loop
      vertex 60.027362719336445 42.128053101569975 2.4
      vertex 60.027362719336445 42.128053101569975 6.390000000000001
      vertex 59.3 41.76935750346352 6.390000000000001
    endloop
  endfacet
  facet normal 0.32143946530316614 -0.9469301294951041 0
    outer loop
      vertex 60.79532192036437 42.388740122992225 2.4
      vertex 60.79532192036437 42.388740122992225 6.390000000000001
      vertex 60.027362719336445 42.128053101569975 6.390000000000001
    endloop
  endfacet
  facet normal 0.19509032201612725 -0.9807852804032307 0
    outer loop
      vertex 61.59073760823568 42.546958140517624 2.4
      vertex 61.59073760823568 42.546958140517624 6.390000000000001
      vertex 60.79532192036437 42.388740122992225 6.390000000000001
    endloop
  endfacet
  facet normal 0.06540312923014509 -0.9978589232386034 0
    outer loop
      vertex 62.4 42.6 2.4
      vertex 62.4 42.6 6.390000000000001
      vertex 61.59073760823568 42.546958140517624 6.390000000000001
    endloop
  endfacet
  facet normal -0.06540312923014509 -0.9978589232386034 0
    outer loop
      vertex 63.20926239176432 42.546958140517624 2.4
      vertex 63.20926239176432 42.546958140517624 6.390000000000001
      vertex 62.4 42.6 6.390000000000001
    endloop
  endfacet
  facet normal -0.896872741532693 0.44228869021899164 0
    outer loop
      vertex 67.76935750346352 33.3 2.4
      vertex 67.76935750346352 33.3 6.390000000000001
      vertex 68.12805310156998 34.027362719336445 6.390000000000001
    endloop
  endfacet
  facet normal -0.9469301294951068 0.32143946530315826 0
    outer loop
      vertex 68.12805310156998 34.027362719336445 2.4
      vertex 68.12805310156998 34.027362719336445 6.390000000000001
      vertex 68.38874012299222 34.79532192036437 6.390000000000001
    endloop
  endfacet
  facet normal -0.9807852804032307 0.19509032201612725 0
    outer loop
      vertex 68.38874012299222 34.79532192036437 2.4
      vertex 68.38874012299222 34.79532192036437 6.390000000000001
      vertex 68.54695814051762 35.59073760823568 6.390000000000001
    endloop
  endfacet
  facet normal -0.9978589232386034 0.06540312923014509 0
    outer loop
      vertex 68.54695814051762 35.59073760823568 2.4
      vertex 68.54695814051762 35.59073760823568 6.390000000000001
      vertex 68.6 36.4 6.390000000000001
    endloop
  endfacet
  facet normal -0.9978589232386034 -0.06540312923014509 0
    outer loop
      vertex 68.6 36.4 2.4
      vertex 68.6 36.4 6.390000000000001
      vertex 68.54695814051762 37.20926239176432 6.390000000000001
    endloop
  endfacet
  facet normal -0.9807852804032307 -0.19509032201612725 0
    outer loop
      vertex 68.54695814051762 37.20926239176432 2.4
      vertex 68.54695814051762 37.20926239176432 6.390000000000001
      vertex 68.38874012299222 38.004678079635624 6.390000000000001
    endloop
  endfacet
  facet normal -0.9469301294951068 -0.32143946530315826 0
    outer loop
      vertex 68.38874012299222 38.004678079635624 2.4
      vertex 68.38874012299222 38.004678079635624 6.390000000000001
      vertex 68.12805310156998 38.77263728066355 6.390000000000001
    endloop
  endfacet
  facet normal -0.8314696123025385 -0.5555702330196123 0
    outer loop
      vertex 67.76935750346352 39.5 2.4
      vertex 67.76935750346352 39.5 6.390000000000001
      vertex 67.31879070980565 40.17432085985406 6.390000000000001
    endloop
  endfacet
  facet normal -0.5555702330196063 -0.8314696123025426 0
    outer loop
      vertex 66.17432085985406 41.318790709805654 2.4
      vertex 66.17432085985406 41.318790709805654 6.390000000000001
      vertex 65.5 41.76935750346352 6.390000000000001
    endloop
  endfacet
  facet normal -0.6593458151000628 -0.7518398074789827 0
    outer loop
      vertex 66.7840620433566 40.78406204335659 2.4
      vertex 66.7840620433566 40.78406204335659 6.390000000000001
      vertex 66.17432085985406 41.318790709805654 6.390000000000001
    endloop
  endfacet
  facet normal -0.7518398074789833 -0.6593458151000622 0
    outer loop
      vertex 67.31879070980565 40.17432085985406 2.4
      vertex 67.31879070980565 40.17432085985406 6.390000000000001
      vertex 66.7840620433566 40.78406204335659 6.390000000000001
    endloop
  endfacet
  facet normal -0.19509032201612725 -0.9807852804032307 0
    outer loop
      vertex 64.00467807963562 42.388740122992225 2.4
      vertex 64.00467807963562 42.388740122992225 6.390000000000001
      vertex 63.20926239176432 42.546958140517624 6.390000000000001
    endloop
  endfacet
  facet normal -0.32143946530316353 -0.9469301294951051 0
    outer loop
      vertex 64.77263728066356 42.128053101569975 2.4
      vertex 64.77263728066356 42.128053101569975 6.390000000000001
      vertex 64.00467807963562 42.388740122992225 6.390000000000001
    endloop
  endfacet
  facet normal -0.4422886902190022 -0.8968727415326879 0
    outer loop
      vertex 65.5 41.76935750346352 2.4
      vertex 65.5 41.76935750346352 6.390000000000001
      vertex 64.77263728066356 42.128053101569975 6.390000000000001
    endloop
  endfacet
  facet normal -0.896872741532693 -0.44228869021899164 0
    outer loop
      vertex 68.12805310156998 38.77263728066355 2.4
      vertex 68.12805310156998 38.77263728066355 6.390000000000001
      vertex 67.76935750346352 39.5 6.390000000000001
    endloop
  endfacet
  facet normal -0.946930129495115 -0.32143946530313383 3.8447539151556046e-19
    outer loop
      vertex 117.62836140246614 41.80194970290473 2.4
      vertex 117.50222252113281 42.173542864692436 15.699999999999998
      vertex 117.50222252113281 42.173542864692436 2.4
    endloop
  endfacet
  facet normal -0.9807852804032245 -0.19509032201615759 -2.6447959968775947e-19
    outer loop
      vertex 117.50222252113281 42.173542864692436 2.4
      vertex 117.42566541587857 42.558421423339844 15.699999999999998
      vertex 117.42566541587857 42.558421423339844 2.4
    endloop
  endfacet
  facet normal -0.9978589232386044 -0.06540312923013059 7.098034175621507e-20
    outer loop
      vertex 117.42566541587857 42.558421423339844 2.4
      vertex 117.4 42.949999999999996 15.699999999999998
      vertex 117.4 42.949999999999996 2.4
    endloop
  endfacet
  facet normal -0.9978589232386044 0.06540312923013059 -7.098034175621507e-20
    outer loop
      vertex 117.4 42.949999999999996 2.4
      vertex 117.42566541587857 43.34157857666015 15.699999999999998
      vertex 117.42566541587857 43.34157857666015 2.4
    endloop
  endfacet
  facet normal -0.9807852804032245 0.19509032201615759 2.6447959968775947e-19
    outer loop
      vertex 117.42566541587857 43.34157857666015 2.4
      vertex 117.50222252113281 43.726457135307555 15.699999999999998
      vertex 117.50222252113281 43.726457135307555 2.4
    endloop
  endfacet
  facet normal -0.946930129495115 0.32143946530313383 -3.8447539151556046e-19
    outer loop
      vertex 117.50222252113281 43.726457135307555 2.4
      vertex 117.62836140246614 44.09805029709526 15.699999999999998
      vertex 117.62836140246614 44.09805029709526 2.4
    endloop
  endfacet
  facet normal -0.32143946530317186 -0.9469301294951021 0
    outer loop
      vertex 119.25194970290474 40.17836140246614 2.4
      vertex 119.62354286469244 40.05222252113279 2.4
      vertex 119.25194970290474 40.17836140246614 15.699999999999998
    endloop
  endfacet
  facet normal -0.19509032201611928 -0.9807852804032323 0
    outer loop
      vertex 119.62354286469244 40.05222252113279 2.4
      vertex 120.00842142333985 39.97566541587857 2.4
      vertex 119.62354286469244 40.05222252113279 15.699999999999998
    endloop
  endfacet
  facet normal -0.5555702330196085 -0.8314696123025411 0
    outer loop
      vertex 118.57371571297385 40.56993997912629 2.4
      vertex 118.9 40.35192378864668 2.4
      vertex 118.57371571297385 40.56993997912629 15.699999999999998
    endloop
  endfacet
  facet normal -0.659345815100054 -0.7518398074789905 -1.2430081695083663e-18
    outer loop
      vertex 118.57371571297385 40.56993997912629 2.4
      vertex 118.27867965644036 40.82867965644035 15.699999999999998
      vertex 118.27867965644036 40.82867965644035 2.4
    endloop
  endfacet
  facet normal -0.7518398074789916 -0.6593458151000527 1.7470768414698832e-19
    outer loop
      vertex 118.27867965644036 40.82867965644035 2.4
      vertex 118.0199399791263 41.12371571297383 15.699999999999998
      vertex 118.0199399791263 41.12371571297383 2.4
    endloop
  endfacet
  facet normal -0.8314696123025382 -0.5555702330196126 -7.85871425376292e-19
    outer loop
      vertex 118.0199399791263 41.12371571297383 2.4
      vertex 117.80192378864669 41.449999999999996 15.699999999999998
      vertex 117.80192378864669 41.449999999999996 2.4
    endloop
  endfacet
  facet normal -0.44228869021899464 -0.8968727415326916 4.580398558906789e-19
    outer loop
      vertex 119.25194970290474 40.17836140246614 2.4
      vertex 118.9 40.35192378864668 15.699999999999998
      vertex 118.9 40.35192378864668 2.4
    endloop
  endfacet
  facet normal -0.06540312923014861 -0.9978589232386033 0
    outer loop
      vertex 120.00842142333985 39.97566541587857 2.4
      vertex 120.4 39.949999999999996 2.4
      vertex 120.00842142333985 39.97566541587857 15.699999999999998
    endloop
  endfacet
  facet normal 0.06540312923014861 -0.9978589232386033 0
    outer loop
      vertex 120.4 39.949999999999996 2.4
      vertex 120.79157857666016 39.97566541587857 2.4
      vertex 120.4 39.949999999999996 15.699999999999998
    endloop
  endfacet
  facet normal 0.19509032201611928 -0.9807852804032323 0
    outer loop
      vertex 120.79157857666016 39.97566541587857 2.4
      vertex 121.17645713530757 40.05222252113279 2.4
      vertex 120.79157857666016 39.97566541587857 15.699999999999998
    endloop
  endfacet
  facet normal 0.32143946530317186 -0.9469301294951021 0
    outer loop
      vertex 121.17645713530757 40.05222252113279 2.4
      vertex 121.54805029709527 40.17836140246614 2.4
      vertex 121.17645713530757 40.05222252113279 15.699999999999998
    endloop
  endfacet
  facet normal 0.44228869021899464 -0.8968727415326916 0
    outer loop
      vertex 121.54805029709527 40.17836140246614 2.4
      vertex 121.9 40.35192378864668 2.4
      vertex 121.54805029709527 40.17836140246614 15.699999999999998
    endloop
  endfacet
  facet normal 0.5555702330196085 -0.8314696123025411 0
    outer loop
      vertex 121.9 40.35192378864668 2.4
      vertex 122.22628428702616 40.56993997912629 2.4
      vertex 121.9 40.35192378864668 15.699999999999998
    endloop
  endfacet
  facet normal -0.8968727415326844 -0.44228869021900924 0
    outer loop
      vertex 117.62836140246614 41.80194970290473 2.4
      vertex 117.80192378864669 41.449999999999996 2.4
      vertex 117.62836140246614 41.80194970290473 15.699999999999998
    endloop
  endfacet
  facet normal -0.8968727415326844 0.44228869021900924 6.910186659597919e-20
    outer loop
      vertex 117.62836140246614 44.09805029709526 2.4
      vertex 117.80192378864669 44.449999999999996 15.699999999999998
      vertex 117.80192378864669 44.449999999999996 2.4
    endloop
  endfacet
  facet normal 0.659345815100054 -0.7518398074789905 0
    outer loop
      vertex 122.22628428702616 40.56993997912629 2.4
      vertex 122.52132034355965 40.82867965644035 2.4
      vertex 122.22628428702616 40.56993997912629 15.699999999999998
    endloop
  endfacet
  facet normal 0.7518398074789916 -0.6593458151000527 0
    outer loop
      vertex 122.52132034355965 40.82867965644035 2.4
      vertex 122.7800600208737 41.12371571297383 2.4
      vertex 122.52132034355965 40.82867965644035 15.699999999999998
    endloop
  endfacet
  facet normal 0.8314696123025382 -0.5555702330196126 0
    outer loop
      vertex 122.7800600208737 41.12371571297383 2.4
      vertex 122.99807621135332 41.449999999999996 2.4
      vertex 122.7800600208737 41.12371571297383 15.699999999999998
    endloop
  endfacet
  facet normal 0.8968727415326844 -0.44228869021900924 0
    outer loop
      vertex 122.99807621135332 41.449999999999996 2.4
      vertex 123.17163859753387 41.80194970290473 2.4
      vertex 122.99807621135332 41.449999999999996 15.699999999999998
    endloop
  endfacet
  facet normal 0.946930129495115 -0.32143946530313383 0
    outer loop
      vertex 123.17163859753387 41.80194970290473 2.4
      vertex 123.2977774788672 42.173542864692436 2.4
      vertex 123.17163859753387 41.80194970290473 15.699999999999998
    endloop
  endfacet
  facet normal 0.9807852804032245 -0.19509032201615759 0
    outer loop
      vertex 123.2977774788672 42.173542864692436 2.4
      vertex 123.37433458412144 42.558421423339844 2.4
      vertex 123.2977774788672 42.173542864692436 15.699999999999998
    endloop
  endfacet
  facet normal 0.9978589232386044 -0.06540312923013059 0
    outer loop
      vertex 123.37433458412144 42.558421423339844 2.4
      vertex 123.4 42.949999999999996 2.4
      vertex 123.37433458412144 42.558421423339844 15.699999999999998
    endloop
  endfacet
  facet normal 0.946930129495115 0.32143946530313383 0
    outer loop
      vertex 123.2977774788672 43.726457135307555 2.4
      vertex 123.17163859753387 44.09805029709526 2.4
      vertex 123.2977774788672 43.726457135307555 15.699999999999998
    endloop
  endfacet
  facet normal 0.8968727415326844 0.44228869021900924 0
    outer loop
      vertex 123.17163859753387 44.09805029709526 2.4
      vertex 122.99807621135332 44.449999999999996 2.4
      vertex 123.17163859753387 44.09805029709526 15.699999999999998
    endloop
  endfacet
  facet normal 0.9978589232386044 0.06540312923013059 0
    outer loop
      vertex 123.4 42.949999999999996 2.4
      vertex 123.37433458412144 43.34157857666015 2.4
      vertex 123.4 42.949999999999996 15.699999999999998
    endloop
  endfacet
  facet normal 0.9807852804032245 0.19509032201615759 -2.6447959968775947e-19
    outer loop
      vertex 123.2977774788672 43.726457135307555 2.4
      vertex 123.37433458412144 43.34157857666015 15.699999999999998
      vertex 123.37433458412144 43.34157857666015 2.4
    endloop
  endfacet
  facet normal -0.946930129495115 -0.32143946530313383 0
    outer loop
      vertex 117.62836140246614 41.80194970290473 2.4
      vertex 117.62836140246614 41.80194970290473 15.699999999999998
      vertex 117.50222252113281 42.173542864692436 15.699999999999998
    endloop
  endfacet
  facet normal -0.9807852804032245 -0.19509032201615759 0
    outer loop
      vertex 117.50222252113281 42.173542864692436 2.4
      vertex 117.50222252113281 42.173542864692436 15.699999999999998
      vertex 117.42566541587857 42.558421423339844 15.699999999999998
    endloop
  endfacet
  facet normal -0.9978589232386044 -0.06540312923013059 0
    outer loop
      vertex 117.42566541587857 42.558421423339844 2.4
      vertex 117.42566541587857 42.558421423339844 15.699999999999998
      vertex 117.4 42.949999999999996 15.699999999999998
    endloop
  endfacet
  facet normal -0.9978589232386044 0.06540312923013059 0
    outer loop
      vertex 117.4 42.949999999999996 2.4
      vertex 117.4 42.949999999999996 15.699999999999998
      vertex 117.42566541587857 43.34157857666015 15.699999999999998
    endloop
  endfacet
  facet normal -0.9807852804032245 0.19509032201615759 0
    outer loop
      vertex 117.42566541587857 43.34157857666015 2.4
      vertex 117.42566541587857 43.34157857666015 15.699999999999998
      vertex 117.50222252113281 43.726457135307555 15.699999999999998
    endloop
  endfacet
  facet normal -0.946930129495115 0.32143946530313383 0
    outer loop
      vertex 117.50222252113281 43.726457135307555 2.4
      vertex 117.50222252113281 43.726457135307555 15.699999999999998
      vertex 117.62836140246614 44.09805029709526 15.699999999999998
    endloop
  endfacet
  facet normal -0.44228869021899464 -0.8968727415326916 0
    outer loop
      vertex 119.25194970290474 40.17836140246614 2.4
      vertex 119.25194970290474 40.17836140246614 15.699999999999998
      vertex 118.9 40.35192378864668 15.699999999999998
    endloop
  endfacet
  facet normal -0.32143946530317186 -0.9469301294951021 0
    outer loop
      vertex 119.62354286469244 40.05222252113279 2.4
      vertex 119.62354286469244 40.05222252113279 15.699999999999998
      vertex 119.25194970290474 40.17836140246614 15.699999999999998
    endloop
  endfacet
  facet normal -0.19509032201611928 -0.9807852804032323 0
    outer loop
      vertex 120.00842142333985 39.97566541587857 2.4
      vertex 120.00842142333985 39.97566541587857 15.699999999999998
      vertex 119.62354286469244 40.05222252113279 15.699999999999998
    endloop
  endfacet
  facet normal -0.7518398074789916 -0.6593458151000527 0
    outer loop
      vertex 118.27867965644036 40.82867965644035 2.4
      vertex 118.27867965644036 40.82867965644035 15.699999999999998
      vertex 118.0199399791263 41.12371571297383 15.699999999999998
    endloop
  endfacet
  facet normal -0.659345815100054 -0.7518398074789905 0
    outer loop
      vertex 118.57371571297385 40.56993997912629 2.4
      vertex 118.57371571297385 40.56993997912629 15.699999999999998
      vertex 118.27867965644036 40.82867965644035 15.699999999999998
    endloop
  endfacet
  facet normal -0.8314696123025382 -0.5555702330196126 0
    outer loop
      vertex 118.0199399791263 41.12371571297383 2.4
      vertex 118.0199399791263 41.12371571297383 15.699999999999998
      vertex 117.80192378864669 41.449999999999996 15.699999999999998
    endloop
  endfacet
  facet normal -0.8968727415326844 -0.44228869021900924 0
    outer loop
      vertex 117.80192378864669 41.449999999999996 2.4
      vertex 117.80192378864669 41.449999999999996 15.699999999999998
      vertex 117.62836140246614 41.80194970290473 15.699999999999998
    endloop
  endfacet
  facet normal -0.5555702330196085 -0.8314696123025411 0
    outer loop
      vertex 118.9 40.35192378864668 2.4
      vertex 118.9 40.35192378864668 15.699999999999998
      vertex 118.57371571297385 40.56993997912629 15.699999999999998
    endloop
  endfacet
  facet normal -0.06540312923014861 -0.9978589232386033 0
    outer loop
      vertex 120.4 39.949999999999996 2.4
      vertex 120.4 39.949999999999996 15.699999999999998
      vertex 120.00842142333985 39.97566541587857 15.699999999999998
    endloop
  endfacet
  facet normal 0.06540312923014861 -0.9978589232386033 0
    outer loop
      vertex 120.79157857666016 39.97566541587857 2.4
      vertex 120.79157857666016 39.97566541587857 15.699999999999998
      vertex 120.4 39.949999999999996 15.699999999999998
    endloop
  endfacet
  facet normal 0.19509032201611928 -0.9807852804032323 0
    outer loop
      vertex 121.17645713530757 40.05222252113279 2.4
      vertex 121.17645713530757 40.05222252113279 15.699999999999998
      vertex 120.79157857666016 39.97566541587857 15.699999999999998
    endloop
  endfacet
  facet normal 0.32143946530317186 -0.9469301294951021 0
    outer loop
      vertex 121.54805029709527 40.17836140246614 2.4
      vertex 121.54805029709527 40.17836140246614 15.699999999999998
      vertex 121.17645713530757 40.05222252113279 15.699999999999998
    endloop
  endfacet
  facet normal 0.44228869021899464 -0.8968727415326916 0
    outer loop
      vertex 121.9 40.35192378864668 2.4
      vertex 121.9 40.35192378864668 15.699999999999998
      vertex 121.54805029709527 40.17836140246614 15.699999999999998
    endloop
  endfacet
  facet normal 0.5555702330196085 -0.8314696123025411 0
    outer loop
      vertex 122.22628428702616 40.56993997912629 2.4
      vertex 122.22628428702616 40.56993997912629 15.699999999999998
      vertex 121.9 40.35192378864668 15.699999999999998
    endloop
  endfacet
  facet normal -0.8968727415326844 0.44228869021900924 0
    outer loop
      vertex 117.62836140246614 44.09805029709526 2.4
      vertex 117.62836140246614 44.09805029709526 15.699999999999998
      vertex 117.80192378864669 44.449999999999996 15.699999999999998
    endloop
  endfacet
  facet normal 0.659345815100054 -0.7518398074789905 0
    outer loop
      vertex 122.52132034355965 40.82867965644035 2.4
      vertex 122.52132034355965 40.82867965644035 15.699999999999998
      vertex 122.22628428702616 40.56993997912629 15.699999999999998
    endloop
  endfacet
  facet normal 0.7518398074789916 -0.6593458151000527 0
    outer loop
      vertex 122.7800600208737 41.12371571297383 2.4
      vertex 122.7800600208737 41.12371571297383 15.699999999999998
      vertex 122.52132034355965 40.82867965644035 15.699999999999998
    endloop
  endfacet
  facet normal 0.8314696123025382 -0.5555702330196126 0
    outer loop
      vertex 122.99807621135332 41.449999999999996 2.4
      vertex 122.99807621135332 41.449999999999996 15.699999999999998
      vertex 122.7800600208737 41.12371571297383 15.699999999999998
    endloop
  endfacet
  facet normal 0.8968727415326844 -0.44228869021900924 0
    outer loop
      vertex 123.17163859753387 41.80194970290473 2.4
      vertex 123.17163859753387 41.80194970290473 15.699999999999998
      vertex 122.99807621135332 41.449999999999996 15.699999999999998
    endloop
  endfacet
  facet normal 0.946930129495115 -0.32143946530313383 0
    outer loop
      vertex 123.2977774788672 42.173542864692436 2.4
      vertex 123.2977774788672 42.173542864692436 15.699999999999998
      vertex 123.17163859753387 41.80194970290473 15.699999999999998
    endloop
  endfacet
  facet normal 0.9807852804032245 -0.19509032201615759 0
    outer loop
      vertex 123.37433458412144 42.558421423339844 2.4
      vertex 123.37433458412144 42.558421423339844 15.699999999999998
      vertex 123.2977774788672 42.173542864692436 15.699999999999998
    endloop
  endfacet
  facet normal 0.9978589232386044 -0.06540312923013059 0
    outer loop
      vertex 123.4 42.949999999999996 2.4
      vertex 123.4 42.949999999999996 15.699999999999998
      vertex 123.37433458412144 42.558421423339844 15.699999999999998
    endloop
  endfacet
  facet normal 0.946930129495115 0.32143946530313383 0
    outer loop
      vertex 123.17163859753387 44.09805029709526 2.4
      vertex 123.17163859753387 44.09805029709526 15.699999999999998
      vertex 123.2977774788672 43.726457135307555 15.699999999999998
    endloop
  endfacet
  facet normal 0.8968727415326844 0.44228869021900924 -6.910186659597919e-20
    outer loop
      vertex 123.17163859753387 44.09805029709526 15.699999999999998
      vertex 122.99807621135332 44.449999999999996 2.4
      vertex 122.99807621135332 44.449999999999996 15.699999999999998
    endloop
  endfacet
  facet normal 0.9978589232386044 0.06540312923013059 0
    outer loop
      vertex 123.37433458412144 43.34157857666015 2.4
      vertex 123.37433458412144 43.34157857666015 15.699999999999998
      vertex 123.4 42.949999999999996 15.699999999999998
    endloop
  endfacet
  facet normal 0.9807852804032245 0.19509032201615759 0
    outer loop
      vertex 123.2977774788672 43.726457135307555 2.4
      vertex 123.2977774788672 43.726457135307555 15.699999999999998
      vertex 123.37433458412144 43.34157857666015 15.699999999999998
    endloop
  endfacet
  facet normal 0 0 1
    outer loop
      vertex 117.62836140246614 41.80194970290473 15.699999999999998
      vertex 117.50222252113281 43.726457135307555 15.699999999999998
      vertex 117.50222252113281 42.173542864692436 15.699999999999998
    endloop
  endfacet
  facet normal 0 0 1
    outer loop
      vertex 117.50222252113281 42.173542864692436 15.699999999999998
      vertex 117.42566541587857 43.34157857666015 15.699999999999998
      vertex 117.42566541587857 42.558421423339844 15.699999999999998
    endloop
  endfacet
  facet normal 0 0 1
    outer loop
      vertex 117.42566541587857 42.558421423339844 15.699999999999998
      vertex 117.42566541587857 43.34157857666015 15.699999999999998
      vertex 117.4 42.949999999999996 15.699999999999998
    endloop
  endfacet
  facet normal 0 0 1
    outer loop
      vertex 117.50222252113281 42.173542864692436 15.699999999999998
      vertex 117.50222252113281 43.726457135307555 15.699999999999998
      vertex 117.42566541587857 43.34157857666015 15.699999999999998
    endloop
  endfacet
  facet normal 0 0 1
    outer loop
      vertex 117.62836140246614 41.80194970290473 15.699999999999998
      vertex 117.62836140246614 44.09805029709526 15.699999999999998
      vertex 117.50222252113281 43.726457135307555 15.699999999999998
    endloop
  endfacet
  facet normal 0 0 1
    outer loop
      vertex 118.27867965644036 40.82867965644035 15.699999999999998
      vertex 118.0199399791263 44.77628428702616 15.699999999999998
      vertex 118.0199399791263 41.12371571297383 15.699999999999998
    endloop
  endfacet
  facet normal 0 0 1
    outer loop
      vertex 118.57371571297385 40.56993997912629 15.699999999999998
      vertex 118.27867965644036 45.07132034355964 15.699999999999998
      vertex 118.27867965644036 40.82867965644035 15.699999999999998
    endloop
  endfacet
  facet normal 0 0 1
    outer loop
      vertex 118.57371571297385 40.56993997912629 15.699999999999998
      vertex 118.9 40.35192378864668 15.699999999999998
      vertex 118.57371571297385 45.3300600208737 15.699999999999998
    endloop
  endfacet
  facet normal 0 0 1
    outer loop
      vertex 117.62836140246614 41.80194970290473 15.699999999999998
      vertex 117.80192378864669 41.449999999999996 15.699999999999998
      vertex 117.62836140246614 44.09805029709526 15.699999999999998
    endloop
  endfacet
  facet normal 0 0 1
    outer loop
      vertex 118.0199399791263 41.12371571297383 15.699999999999998
      vertex 117.80192378864669 44.449999999999996 15.699999999999998
      vertex 117.80192378864669 41.449999999999996 15.699999999999998
    endloop
  endfacet
  facet normal 0 0 1
    outer loop
      vertex 119.25194970290474 40.17836140246614 15.699999999999998
      vertex 118.9 45.54807621135331 15.699999999999998
      vertex 118.9 40.35192378864668 15.699999999999998
    endloop
  endfacet
  facet normal 0 0 1
    outer loop
      vertex 119.62354286469244 40.05222252113279 15.699999999999998
      vertex 120.00842142333985 39.97566541587857 15.699999999999998
      vertex 119.62354286469244 45.8477774788672 15.699999999999998
    endloop
  endfacet
  facet normal 0 0 1
    outer loop
      vertex 119.25194970290474 40.17836140246614 15.699999999999998
      vertex 119.62354286469244 40.05222252113279 15.699999999999998
      vertex 119.25194970290474 45.721638597533854 15.699999999999998
    endloop
  endfacet
  facet normal 0 0 1
    outer loop
      vertex 117.62836140246614 44.09805029709526 15.699999999999998
      vertex 117.80192378864669 41.449999999999996 15.699999999999998
      vertex 117.80192378864669 44.449999999999996 15.699999999999998
    endloop
  endfacet
  facet normal 0 0 1
    outer loop
      vertex 118.0199399791263 41.12371571297383 15.699999999999998
      vertex 118.0199399791263 44.77628428702616 15.699999999999998
      vertex 117.80192378864669 44.449999999999996 15.699999999999998
    endloop
  endfacet
  facet normal 0 0 1
    outer loop
      vertex 118.27867965644036 40.82867965644035 15.699999999999998
      vertex 118.27867965644036 45.07132034355964 15.699999999999998
      vertex 118.0199399791263 44.77628428702616 15.699999999999998
    endloop
  endfacet
  facet normal 0 0 1
    outer loop
      vertex 118.57371571297385 40.56993997912629 15.699999999999998
      vertex 118.57371571297385 45.3300600208737 15.699999999999998
      vertex 118.27867965644036 45.07132034355964 15.699999999999998
    endloop
  endfacet
  facet normal 0 0 1
    outer loop
      vertex 118.9 40.35192378864668 15.699999999999998
      vertex 118.9 45.54807621135331 15.699999999999998
      vertex 118.57371571297385 45.3300600208737 15.699999999999998
    endloop
  endfacet
  facet normal 0 0 1
    outer loop
      vertex 119.25194970290474 40.17836140246614 15.699999999999998
      vertex 119.25194970290474 45.721638597533854 15.699999999999998
      vertex 118.9 45.54807621135331 15.699999999999998
    endloop
  endfacet
  facet normal 0 0 1
    outer loop
      vertex 119.62354286469244 40.05222252113279 15.699999999999998
      vertex 119.62354286469244 45.8477774788672 15.699999999999998
      vertex 119.25194970290474 45.721638597533854 15.699999999999998
    endloop
  endfacet
  facet normal 0 0 1
    outer loop
      vertex 120.00842142333985 39.97566541587857 15.699999999999998
      vertex 120.00842142333985 45.924334584121425 15.699999999999998
      vertex 119.62354286469244 45.8477774788672 15.699999999999998
    endloop
  endfacet
  facet normal 0 0 1
    outer loop
      vertex 120.00842142333985 39.97566541587857 15.699999999999998
      vertex 120.4 39.949999999999996 15.699999999999998
      vertex 120.00842142333985 45.924334584121425 15.699999999999998
    endloop
  endfacet
  facet normal 0 0 1
    outer loop
      vertex 120.4 39.949999999999996 15.699999999999998
      vertex 120.79157857666016 39.97566541587857 15.699999999999998
      vertex 120.4 45.949999999999996 15.699999999999998
    endloop
  endfacet
  facet normal 0 0 1
    outer loop
      vertex 120.79157857666016 39.97566541587857 15.699999999999998
      vertex 121.17645713530757 40.05222252113279 15.699999999999998
      vertex 120.79157857666016 45.924334584121425 15.699999999999998
    endloop
  endfacet
  facet normal 0 0 1
    outer loop
      vertex 121.17645713530757 40.05222252113279 15.699999999999998
      vertex 121.54805029709527 40.17836140246614 15.699999999999998
      vertex 121.17645713530757 45.8477774788672 15.699999999999998
    endloop
  endfacet
  facet normal 0 0 1
    outer loop
      vertex 121.54805029709527 40.17836140246614 15.699999999999998
      vertex 121.9 40.35192378864668 15.699999999999998
      vertex 121.54805029709527 45.721638597533854 15.699999999999998
    endloop
  endfacet
  facet normal 0 0 1
    outer loop
      vertex 121.9 40.35192378864668 15.699999999999998
      vertex 122.22628428702616 40.56993997912629 15.699999999999998
      vertex 121.9 45.54807621135331 15.699999999999998
    endloop
  endfacet
  facet normal 0 0 1
    outer loop
      vertex 120.4 39.949999999999996 15.699999999999998
      vertex 120.4 45.949999999999996 15.699999999999998
      vertex 120.00842142333985 45.924334584121425 15.699999999999998
    endloop
  endfacet
  facet normal 0 0 1
    outer loop
      vertex 120.79157857666016 39.97566541587857 15.699999999999998
      vertex 120.79157857666016 45.924334584121425 15.699999999999998
      vertex 120.4 45.949999999999996 15.699999999999998
    endloop
  endfacet
  facet normal 0 0 1
    outer loop
      vertex 121.17645713530757 40.05222252113279 15.699999999999998
      vertex 121.17645713530757 45.8477774788672 15.699999999999998
      vertex 120.79157857666016 45.924334584121425 15.699999999999998
    endloop
  endfacet
  facet normal 0 0 1
    outer loop
      vertex 121.54805029709527 40.17836140246614 15.699999999999998
      vertex 121.54805029709527 45.721638597533854 15.699999999999998
      vertex 121.17645713530757 45.8477774788672 15.699999999999998
    endloop
  endfacet
  facet normal 0 0 1
    outer loop
      vertex 121.9 40.35192378864668 15.699999999999998
      vertex 121.9 45.54807621135331 15.699999999999998
      vertex 121.54805029709527 45.721638597533854 15.699999999999998
    endloop
  endfacet
  facet normal 0 0 1
    outer loop
      vertex 122.22628428702616 40.56993997912629 15.699999999999998
      vertex 122.22628428702616 45.3300600208737 15.699999999999998
      vertex 121.9 45.54807621135331 15.699999999999998
    endloop
  endfacet
  facet normal 0 0 1
    outer loop
      vertex 122.22628428702616 40.56993997912629 15.699999999999998
      vertex 122.52132034355965 40.82867965644035 15.699999999999998
      vertex 122.22628428702616 45.3300600208737 15.699999999999998
    endloop
  endfacet
  facet normal 0 0 1
    outer loop
      vertex 122.52132034355965 40.82867965644035 15.699999999999998
      vertex 122.7800600208737 41.12371571297383 15.699999999999998
      vertex 122.52132034355965 45.07132034355964 15.699999999999998
    endloop
  endfacet
  facet normal 0 0 1
    outer loop
      vertex 122.7800600208737 41.12371571297383 15.699999999999998
      vertex 122.99807621135332 41.449999999999996 15.699999999999998
      vertex 122.7800600208737 44.77628428702616 15.699999999999998
    endloop
  endfacet
  facet normal 0 0 1
    outer loop
      vertex 122.99807621135332 41.449999999999996 15.699999999999998
      vertex 123.17163859753387 41.80194970290473 15.699999999999998
      vertex 122.99807621135332 44.449999999999996 15.699999999999998
    endloop
  endfacet
  facet normal 0 0 1
    outer loop
      vertex 123.17163859753387 41.80194970290473 15.699999999999998
      vertex 123.2977774788672 42.173542864692436 15.699999999999998
      vertex 123.17163859753387 44.09805029709526 15.699999999999998
    endloop
  endfacet
  facet normal 0 0 1
    outer loop
      vertex 123.2977774788672 42.173542864692436 15.699999999999998
      vertex 123.37433458412144 42.558421423339844 15.699999999999998
      vertex 123.2977774788672 43.726457135307555 15.699999999999998
    endloop
  endfacet
  facet normal 0 0 1
    outer loop
      vertex 123.37433458412144 42.558421423339844 15.699999999999998
      vertex 123.4 42.949999999999996 15.699999999999998
      vertex 123.37433458412144 43.34157857666015 15.699999999999998
    endloop
  endfacet
  facet normal 0 0 1
    outer loop
      vertex 122.7800600208737 41.12371571297383 15.699999999999998
      vertex 122.7800600208737 44.77628428702616 15.699999999999998
      vertex 122.52132034355965 45.07132034355964 15.699999999999998
    endloop
  endfacet
  facet normal 0 0 1
    outer loop
      vertex 123.2977774788672 42.173542864692436 15.699999999999998
      vertex 123.2977774788672 43.726457135307555 15.699999999999998
      vertex 123.17163859753387 44.09805029709526 15.699999999999998
    endloop
  endfacet
  facet normal 0 0 1
    outer loop
      vertex 122.99807621135332 41.449999999999996 15.699999999999998
      vertex 122.99807621135332 44.449999999999996 15.699999999999998
      vertex 122.7800600208737 44.77628428702616 15.699999999999998
    endloop
  endfacet
  facet normal 0 0 1
    outer loop
      vertex 123.17163859753387 41.80194970290473 15.699999999999998
      vertex 123.17163859753387 44.09805029709526 15.699999999999998
      vertex 122.99807621135332 44.449999999999996 15.699999999999998
    endloop
  endfacet
  facet normal 0 0 1
    outer loop
      vertex 122.52132034355965 40.82867965644035 15.699999999999998
      vertex 122.52132034355965 45.07132034355964 15.699999999999998
      vertex 122.22628428702616 45.3300600208737 15.699999999999998
    endloop
  endfacet
  facet normal 0 0 1
    outer loop
      vertex 123.37433458412144 42.558421423339844 15.699999999999998
      vertex 123.37433458412144 43.34157857666015 15.699999999999998
      vertex 123.2977774788672 43.726457135307555 15.699999999999998
    endloop
  endfacet
  facet normal -0.8314696123025382 0.5555702330196126 7.85871425376292e-19
    outer loop
      vertex 117.80192378864669 44.449999999999996 2.4
      vertex 118.0199399791263 44.77628428702616 15.699999999999998
      vertex 118.0199399791263 44.77628428702616 2.4
    endloop
  endfacet
  facet normal -0.7518398074789916 0.6593458151000527 -1.7470768414698832e-19
    outer loop
      vertex 118.0199399791263 44.77628428702616 2.4
      vertex 118.27867965644036 45.07132034355964 15.699999999999998
      vertex 118.27867965644036 45.07132034355964 2.4
    endloop
  endfacet
  facet normal -0.659345815100054 0.7518398074789905 1.2430081695083663e-18
    outer loop
      vertex 118.27867965644036 45.07132034355964 2.4
      vertex 118.57371571297385 45.3300600208737 15.699999999999998
      vertex 118.57371571297385 45.3300600208737 2.4
    endloop
  endfacet
  facet normal -0.5555702330196085 0.8314696123025411 -1.0271550852577388e-18
    outer loop
      vertex 118.57371571297385 45.3300600208737 2.4
      vertex 118.9 45.54807621135331 15.699999999999998
      vertex 118.9 45.54807621135331 2.4
    endloop
  endfacet
  facet normal -0.44228869021899464 0.8968727415326916 -4.580398558906789e-19
    outer loop
      vertex 118.9 45.54807621135331 2.4
      vertex 119.25194970290474 45.721638597533854 15.699999999999998
      vertex 119.25194970290474 45.721638597533854 2.4
    endloop
  endfacet
  facet normal -0.32143946530317186 0.9469301294951021 -5.751513571690571e-19
    outer loop
      vertex 119.25194970290474 45.721638597533854 2.4
      vertex 119.62354286469244 45.8477774788672 15.699999999999998
      vertex 119.62354286469244 45.8477774788672 2.4
    endloop
  endfacet
  facet normal -0.19509032201611928 0.9807852804032323 -1.8331289396476644e-19
    outer loop
      vertex 119.62354286469244 45.8477774788672 2.4
      vertex 120.00842142333985 45.924334584121425 15.699999999999998
      vertex 120.00842142333985 45.924334584121425 2.4
    endloop
  endfacet
  facet normal 0.32143946530317186 0.9469301294951021 0
    outer loop
      vertex 121.54805029709527 45.721638597533854 2.4
      vertex 121.17645713530757 45.8477774788672 2.4
      vertex 121.54805029709527 45.721638597533854 15.699999999999998
    endloop
  endfacet
  facet normal 0.5555702330196085 0.8314696123025411 1.0271550852577388e-18
    outer loop
      vertex 121.9 45.54807621135331 2.4
      vertex 122.22628428702616 45.3300600208737 15.699999999999998
      vertex 122.22628428702616 45.3300600208737 2.4
    endloop
  endfacet
  facet normal 0.44228869021899464 0.8968727415326916 4.580398558906789e-19
    outer loop
      vertex 121.54805029709527 45.721638597533854 2.4
      vertex 121.9 45.54807621135331 15.699999999999998
      vertex 121.9 45.54807621135331 2.4
    endloop
  endfacet
  facet normal -0.06540312923014861 0.9978589232386033 -1.0227348305854978e-19
    outer loop
      vertex 120.00842142333985 45.924334584121425 2.4
      vertex 120.4 45.949999999999996 15.699999999999998
      vertex 120.4 45.949999999999996 2.4
    endloop
  endfacet
  facet normal 0.06540312923014861 0.9978589232386033 1.0227348305854978e-19
    outer loop
      vertex 120.4 45.949999999999996 2.4
      vertex 120.79157857666016 45.924334584121425 15.699999999999998
      vertex 120.79157857666016 45.924334584121425 2.4
    endloop
  endfacet
  facet normal 0.19509032201611928 0.9807852804032323 1.8331289396476644e-19
    outer loop
      vertex 120.79157857666016 45.924334584121425 2.4
      vertex 121.17645713530757 45.8477774788672 15.699999999999998
      vertex 121.17645713530757 45.8477774788672 2.4
    endloop
  endfacet
  facet normal 0.7518398074789916 0.6593458151000527 1.7470768414698832e-19
    outer loop
      vertex 122.52132034355965 45.07132034355964 2.4
      vertex 122.7800600208737 44.77628428702616 15.699999999999998
      vertex 122.7800600208737 44.77628428702616 2.4
    endloop
  endfacet
  facet normal 0.8314696123025382 0.5555702330196126 0
    outer loop
      vertex 122.99807621135332 44.449999999999996 2.4
      vertex 122.7800600208737 44.77628428702616 2.4
      vertex 122.99807621135332 44.449999999999996 15.699999999999998
    endloop
  endfacet
  facet normal 0.659345815100054 0.7518398074789905 0
    outer loop
      vertex 122.52132034355965 45.07132034355964 2.4
      vertex 122.22628428702616 45.3300600208737 2.4
      vertex 122.52132034355965 45.07132034355964 15.699999999999998
    endloop
  endfacet
  facet normal -0.8314696123025382 0.5555702330196126 0
    outer loop
      vertex 117.80192378864669 44.449999999999996 2.4
      vertex 117.80192378864669 44.449999999999996 15.699999999999998
      vertex 118.0199399791263 44.77628428702616 15.699999999999998
    endloop
  endfacet
  facet normal -0.7518398074789916 0.6593458151000527 0
    outer loop
      vertex 118.0199399791263 44.77628428702616 2.4
      vertex 118.0199399791263 44.77628428702616 15.699999999999998
      vertex 118.27867965644036 45.07132034355964 15.699999999999998
    endloop
  endfacet
  facet normal -0.659345815100054 0.7518398074789905 0
    outer loop
      vertex 118.27867965644036 45.07132034355964 2.4
      vertex 118.27867965644036 45.07132034355964 15.699999999999998
      vertex 118.57371571297385 45.3300600208737 15.699999999999998
    endloop
  endfacet
  facet normal -0.5555702330196085 0.8314696123025411 0
    outer loop
      vertex 118.57371571297385 45.3300600208737 2.4
      vertex 118.57371571297385 45.3300600208737 15.699999999999998
      vertex 118.9 45.54807621135331 15.699999999999998
    endloop
  endfacet
  facet normal -0.44228869021899464 0.8968727415326916 0
    outer loop
      vertex 118.9 45.54807621135331 2.4
      vertex 118.9 45.54807621135331 15.699999999999998
      vertex 119.25194970290474 45.721638597533854 15.699999999999998
    endloop
  endfacet
  facet normal -0.32143946530317186 0.9469301294951021 0
    outer loop
      vertex 119.25194970290474 45.721638597533854 2.4
      vertex 119.25194970290474 45.721638597533854 15.699999999999998
      vertex 119.62354286469244 45.8477774788672 15.699999999999998
    endloop
  endfacet
  facet normal -0.19509032201611928 0.9807852804032323 0
    outer loop
      vertex 119.62354286469244 45.8477774788672 2.4
      vertex 119.62354286469244 45.8477774788672 15.699999999999998
      vertex 120.00842142333985 45.924334584121425 15.699999999999998
    endloop
  endfacet
  facet normal 0.44228869021899464 0.8968727415326916 0
    outer loop
      vertex 121.54805029709527 45.721638597533854 2.4
      vertex 121.54805029709527 45.721638597533854 15.699999999999998
      vertex 121.9 45.54807621135331 15.699999999999998
    endloop
  endfacet
  facet normal 0.5555702330196085 0.8314696123025411 0
    outer loop
      vertex 121.9 45.54807621135331 2.4
      vertex 121.9 45.54807621135331 15.699999999999998
      vertex 122.22628428702616 45.3300600208737 15.699999999999998
    endloop
  endfacet
  facet normal -0.06540312923014861 0.9978589232386033 0
    outer loop
      vertex 120.00842142333985 45.924334584121425 2.4
      vertex 120.00842142333985 45.924334584121425 15.699999999999998
      vertex 120.4 45.949999999999996 15.699999999999998
    endloop
  endfacet
  facet normal 0.06540312923014861 0.9978589232386033 0
    outer loop
      vertex 120.4 45.949999999999996 2.4
      vertex 120.4 45.949999999999996 15.699999999999998
      vertex 120.79157857666016 45.924334584121425 15.699999999999998
    endloop
  endfacet
  facet normal 0.19509032201611928 0.9807852804032323 0
    outer loop
      vertex 120.79157857666016 45.924334584121425 2.4
      vertex 120.79157857666016 45.924334584121425 15.699999999999998
      vertex 121.17645713530757 45.8477774788672 15.699999999999998
    endloop
  endfacet
  facet normal 0.32143946530317186 0.9469301294951021 0
    outer loop
      vertex 121.17645713530757 45.8477774788672 2.4
      vertex 121.17645713530757 45.8477774788672 15.699999999999998
      vertex 121.54805029709527 45.721638597533854 15.699999999999998
    endloop
  endfacet
  facet normal 0.7518398074789916 0.6593458151000527 0
    outer loop
      vertex 122.52132034355965 45.07132034355964 2.4
      vertex 122.52132034355965 45.07132034355964 15.699999999999998
      vertex 122.7800600208737 44.77628428702616 15.699999999999998
    endloop
  endfacet
  facet normal 0.8314696123025382 0.5555702330196126 0
    outer loop
      vertex 122.7800600208737 44.77628428702616 2.4
      vertex 122.7800600208737 44.77628428702616 15.699999999999998
      vertex 122.99807621135332 44.449999999999996 15.699999999999998
    endloop
  endfacet
  facet normal 0.659345815100054 0.7518398074789905 0
    outer loop
      vertex 122.22628428702616 45.3300600208737 2.4
      vertex 122.22628428702616 45.3300600208737 15.699999999999998
      vertex 122.52132034355965 45.07132034355964 15.699999999999998
    endloop
  endfacet
  facet normal 0.9807852804032292 0.1950903220161345 0
    outer loop
      vertex 4.464543735664523 82.42810547322591 1.5899999999999999
      vertex 4.464543735664523 82.42810547322591 2.4
      vertex 4.5079260953085845 82.21000762332572 1.5899999999999999
    endloop
  endfacet
  facet normal 0.9978589232386035 0.06540312923014373 5.203871896423593e-19
    outer loop
      vertex 4.464543735664523 82.42810547322591 1.5899999999999999
      vertex 4.45 82.65 1.5899999999999999
      vertex 4.45 82.65 2.4
    endloop
  endfacet
  facet normal 0.9978589232386035 -0.06540312923014373 -5.203871896423593e-19
    outer loop
      vertex 4.45 82.65 1.5899999999999999
      vertex 4.464543735664523 82.8718945267741 1.5899999999999999
      vertex 4.464543735664523 82.8718945267741 2.4
    endloop
  endfacet
  facet normal 0.9807852804032292 -0.1950903220161345 -6.513672536564661e-19
    outer loop
      vertex 4.464543735664523 82.8718945267741 1.5899999999999999
      vertex 4.5079260953085845 83.08999237667429 1.5899999999999999
      vertex 4.5079260953085845 83.08999237667429 2.4
    endloop
  endfacet
  facet normal 0.4422886902189979 0.89687274153269 8.677521731862071e-18
    outer loop
      vertex 5.499438164979348 81.07940479473082 1.5899999999999999
      vertex 5.300000000000001 81.17775681356646 1.5899999999999999
      vertex 5.300000000000001 81.17775681356646 2.4
    endloop
  endfacet
  facet normal 0.3214394653031645 0.9469301294951047 0
    outer loop
      vertex 5.499438164979348 81.07940479473082 1.5899999999999999
      vertex 5.499438164979348 81.07940479473082 2.4
      vertex 5.7100076233257155 81.00792609530859 1.5899999999999999
    endloop
  endfacet
  facet normal 0.6593458151000817 0.7518398074789662 0
    outer loop
      vertex 4.947918471982869 81.44791847198287 1.5899999999999999
      vertex 4.947918471982869 81.44791847198287 2.4
      vertex 5.115105570685175 81.3012993215049 1.5899999999999999
    endloop
  endfacet
  facet normal 0.831469612302542 0.555570233019607 7.157870124210743e-18
    outer loop
      vertex 4.801299321504901 81.61510557068519 1.5899999999999999
      vertex 4.677756813566455 81.80000000000001 1.5899999999999999
      vertex 4.677756813566455 81.80000000000001 2.4
    endloop
  endfacet
  facet normal 0.7518398074789956 0.6593458151000481 -2.0491570637056577e-18
    outer loop
      vertex 4.947918471982869 81.44791847198287 1.5899999999999999
      vertex 4.801299321504901 81.61510557068519 1.5899999999999999
      vertex 4.801299321504901 81.61510557068519 2.4
    endloop
  endfacet
  facet normal 0.5555702330195784 0.831469612302561 0
    outer loop
      vertex 5.115105570685175 81.3012993215049 1.5899999999999999
      vertex 5.115105570685175 81.3012993215049 2.4
      vertex 5.300000000000001 81.17775681356646 1.5899999999999999
    endloop
  endfacet
  facet normal 0.19509032201610454 0.9807852804032352 0
    outer loop
      vertex 5.7100076233257155 81.00792609530859 1.5899999999999999
      vertex 5.7100076233257155 81.00792609530859 2.4
      vertex 5.928105473225913 80.96454373566453 1.5899999999999999
    endloop
  endfacet
  facet normal 0.06540312923018532 0.9978589232386008 0
    outer loop
      vertex 5.928105473225913 80.96454373566453 1.5899999999999999
      vertex 5.928105473225913 80.96454373566453 2.4
      vertex 6.15 80.95 1.5899999999999999
    endloop
  endfacet
  facet normal -0.06540312923018532 0.9978589232386008 0
    outer loop
      vertex 6.15 80.95 1.5899999999999999
      vertex 6.15 80.95 2.4
      vertex 6.371894526774088 80.96454373566453 1.5899999999999999
    endloop
  endfacet
  facet normal -0.19509032201610454 0.9807852804032352 0
    outer loop
      vertex 6.371894526774088 80.96454373566453 1.5899999999999999
      vertex 6.371894526774088 80.96454373566453 2.4
      vertex 6.589992376674285 81.00792609530859 1.5899999999999999
    endloop
  endfacet
  facet normal -0.3214394653031645 0.9469301294951047 0
    outer loop
      vertex 6.589992376674285 81.00792609530859 1.5899999999999999
      vertex 6.589992376674285 81.00792609530859 2.4
      vertex 6.800561835020653 81.07940479473082 1.5899999999999999
    endloop
  endfacet
  facet normal 0.8968727415326828 0.44228869021901224 -6.9120968675691485e-18
    outer loop
      vertex 4.677756813566455 81.80000000000001 1.5899999999999999
      vertex 4.579404794730813 81.99943816497935 1.5899999999999999
      vertex 4.579404794730813 81.99943816497935 2.4
    endloop
  endfacet
  facet normal 0.9469301294951072 0.32143946530315726 2.734941104328646e-18
    outer loop
      vertex 4.579404794730813 81.99943816497935 1.5899999999999999
      vertex 4.5079260953085845 82.21000762332572 1.5899999999999999
      vertex 4.5079260953085845 82.21000762332572 2.4
    endloop
  endfacet
  facet normal 0.9469301294951072 -0.32143946530315726 -2.734941104328646e-18
    outer loop
      vertex 4.5079260953085845 83.08999237667429 1.5899999999999999
      vertex 4.579404794730813 83.30056183502066 1.5899999999999999
      vertex 4.579404794730813 83.30056183502066 2.4
    endloop
  endfacet
  facet normal -0.4422886902189979 0.89687274153269 0
    outer loop
      vertex 6.800561835020653 81.07940479473082 1.5899999999999999
      vertex 6.800561835020653 81.07940479473082 2.4
      vertex 7 81.17775681356646 1.5899999999999999
    endloop
  endfacet
  facet normal -0.5555702330195784 0.831469612302561 0
    outer loop
      vertex 7 81.17775681356646 1.5899999999999999
      vertex 7 81.17775681356646 2.4
      vertex 7.184894429314825 81.3012993215049 1.5899999999999999
    endloop
  endfacet
  facet normal -0.6593458151000817 0.7518398074789662 0
    outer loop
      vertex 7.184894429314825 81.3012993215049 1.5899999999999999
      vertex 7.184894429314825 81.3012993215049 2.4
      vertex 7.352081528017131 81.44791847198287 1.5899999999999999
    endloop
  endfacet
  facet normal -0.7518398074789956 0.6593458151000481 0
    outer loop
      vertex 7.352081528017131 81.44791847198287 1.5899999999999999
      vertex 7.352081528017131 81.44791847198287 2.4
      vertex 7.4987006784951 81.61510557068519 1.5899999999999999
    endloop
  endfacet
  facet normal -0.831469612302542 0.555570233019607 0
    outer loop
      vertex 7.4987006784951 81.61510557068519 1.5899999999999999
      vertex 7.4987006784951 81.61510557068519 2.4
      vertex 7.622243186433546 81.80000000000001 1.5899999999999999
    endloop
  endfacet
  facet normal -0.8968727415326828 0.44228869021901224 0
    outer loop
      vertex 7.622243186433546 81.80000000000001 1.5899999999999999
      vertex 7.622243186433546 81.80000000000001 2.4
      vertex 7.720595205269188 81.99943816497935 1.5899999999999999
    endloop
  endfacet
  facet normal -0.9469301294951072 0.32143946530315726 0
    outer loop
      vertex 7.720595205269188 81.99943816497935 1.5899999999999999
      vertex 7.720595205269188 81.99943816497935 2.4
      vertex 7.792073904691416 82.21000762332572 1.5899999999999999
    endloop
  endfacet
  facet normal -0.9807852804032292 0.1950903220161345 0
    outer loop
      vertex 7.792073904691416 82.21000762332572 1.5899999999999999
      vertex 7.792073904691416 82.21000762332572 2.4
      vertex 7.835456264335478 82.42810547322591 1.5899999999999999
    endloop
  endfacet
  facet normal -0.9978589232386035 0.06540312923014373 0
    outer loop
      vertex 7.835456264335478 82.42810547322591 1.5899999999999999
      vertex 7.835456264335478 82.42810547322591 2.4
      vertex 7.8500000000000005 82.65 1.5899999999999999
    endloop
  endfacet
  facet normal -0.9978589232386035 -0.06540312923014373 0
    outer loop
      vertex 7.8500000000000005 82.65 1.5899999999999999
      vertex 7.8500000000000005 82.65 2.4
      vertex 7.835456264335478 82.8718945267741 1.5899999999999999
    endloop
  endfacet
  facet normal -0.9807852804032292 -0.1950903220161345 0
    outer loop
      vertex 7.835456264335478 82.8718945267741 1.5899999999999999
      vertex 7.835456264335478 82.8718945267741 2.4
      vertex 7.792073904691416 83.08999237667429 1.5899999999999999
    endloop
  endfacet
  facet normal -0.9469301294951072 -0.32143946530315726 2.734941104328646e-18
    outer loop
      vertex 7.720595205269188 83.30056183502066 1.5899999999999999
      vertex 7.792073904691416 83.08999237667429 1.5899999999999999
      vertex 7.792073904691416 83.08999237667429 2.4
    endloop
  endfacet
  facet normal 0.8968727415326828 -0.44228869021901224 6.9120968675691485e-18
    outer loop
      vertex 4.579404794730813 83.30056183502066 1.5899999999999999
      vertex 4.677756813566455 83.5 1.5899999999999999
      vertex 4.677756813566455 83.5 2.4
    endloop
  endfacet
  facet normal 0.831469612302542 -0.555570233019607 -7.157870124210743e-18
    outer loop
      vertex 4.677756813566455 83.5 1.5899999999999999
      vertex 4.801299321504901 83.68489442931482 1.5899999999999999
      vertex 4.801299321504901 83.68489442931482 2.4
    endloop
  endfacet
  facet normal 0.7518398074789956 -0.6593458151000481 2.0491570637056577e-18
    outer loop
      vertex 4.801299321504901 83.68489442931482 1.5899999999999999
      vertex 4.947918471982869 83.85208152801714 1.5899999999999999
      vertex 4.947918471982869 83.85208152801714 2.4
    endloop
  endfacet
  facet normal 0.6593458151000817 -0.7518398074789662 -2.019749360770382e-18
    outer loop
      vertex 4.947918471982869 83.85208152801714 1.5899999999999999
      vertex 5.115105570685175 83.99870067849511 1.5899999999999999
      vertex 5.115105570685175 83.99870067849511 2.4
    endloop
  endfacet
  facet normal 0.5555702330195784 -0.831469612302561 -2.2075977955700463e-18
    outer loop
      vertex 5.115105570685175 83.99870067849511 1.5899999999999999
      vertex 5.300000000000001 84.12224318643355 1.5899999999999999
      vertex 5.300000000000001 84.12224318643355 2.4
    endloop
  endfacet
  facet normal 0.4422886902189979 -0.89687274153269 -8.677521731862071e-18
    outer loop
      vertex 5.300000000000001 84.12224318643355 1.5899999999999999
      vertex 5.499438164979348 84.22059520526919 1.5899999999999999
      vertex 5.499438164979348 84.22059520526919 2.4
    endloop
  endfacet
  facet normal 0.3214394653031645 -0.9469301294951047 -2.5396225643759365e-18
    outer loop
      vertex 5.499438164979348 84.22059520526919 1.5899999999999999
      vertex 5.7100076233257155 84.29207390469142 1.5899999999999999
      vertex 5.7100076233257155 84.29207390469142 2.4
    endloop
  endfacet
  facet normal 0.19509032201610454 -0.9807852804032352 -1.5247150384046315e-18
    outer loop
      vertex 5.7100076233257155 84.29207390469142 1.5899999999999999
      vertex 5.928105473225913 84.33545626433548 1.5899999999999999
      vertex 5.928105473225913 84.33545626433548 2.4
    endloop
  endfacet
  facet normal 0.06540312923018532 -0.9978589232386008 -7.589599027223112e-19
    outer loop
      vertex 5.928105473225913 84.33545626433548 1.5899999999999999
      vertex 6.15 84.35000000000001 1.5899999999999999
      vertex 6.15 84.35000000000001 2.4
    endloop
  endfacet
  facet normal -0.3214394653031645 -0.9469301294951047 2.5396225643759365e-18
    outer loop
      vertex 6.589992376674285 84.29207390469142 1.5899999999999999
      vertex 6.800561835020653 84.22059520526919 1.5899999999999999
      vertex 6.800561835020653 84.22059520526919 2.4
    endloop
  endfacet
  facet normal -0.06540312923018532 -0.9978589232386008 7.589599027223112e-19
    outer loop
      vertex 6.15 84.35000000000001 1.5899999999999999
      vertex 6.371894526774088 84.33545626433548 1.5899999999999999
      vertex 6.371894526774088 84.33545626433548 2.4
    endloop
  endfacet
  facet normal -0.19509032201610454 -0.9807852804032352 0
    outer loop
      vertex 6.589992376674285 84.29207390469142 1.5899999999999999
      vertex 6.589992376674285 84.29207390469142 2.4
      vertex 6.371894526774088 84.33545626433548 1.5899999999999999
    endloop
  endfacet
  facet normal -0.6593458151000817 -0.7518398074789662 2.019749360770382e-18
    outer loop
      vertex 7.184894429314825 83.99870067849511 1.5899999999999999
      vertex 7.352081528017131 83.85208152801714 1.5899999999999999
      vertex 7.352081528017131 83.85208152801714 2.4
    endloop
  endfacet
  facet normal -0.831469612302542 -0.555570233019607 0
    outer loop
      vertex 7.622243186433546 83.5 1.5899999999999999
      vertex 7.622243186433546 83.5 2.4
      vertex 7.4987006784951 83.68489442931482 1.5899999999999999
    endloop
  endfacet
  facet normal -0.8968727415326828 -0.44228869021901224 0
    outer loop
      vertex 7.720595205269188 83.30056183502066 1.5899999999999999
      vertex 7.720595205269188 83.30056183502066 2.4
      vertex 7.622243186433546 83.5 1.5899999999999999
    endloop
  endfacet
  facet normal -0.7518398074789956 -0.6593458151000481 -2.0491570637056577e-18
    outer loop
      vertex 7.352081528017131 83.85208152801714 1.5899999999999999
      vertex 7.4987006784951 83.68489442931482 1.5899999999999999
      vertex 7.4987006784951 83.68489442931482 2.4
    endloop
  endfacet
  facet normal -0.4422886902189979 -0.89687274153269 8.677521731862071e-18
    outer loop
      vertex 6.800561835020653 84.22059520526919 1.5899999999999999
      vertex 7 84.12224318643355 1.5899999999999999
      vertex 7 84.12224318643355 2.4
    endloop
  endfacet
  facet normal -0.5555702330195784 -0.831469612302561 0
    outer loop
      vertex 7.184894429314825 83.99870067849511 1.5899999999999999
      vertex 7.184894429314825 83.99870067849511 2.4
      vertex 7 84.12224318643355 1.5899999999999999
    endloop
  endfacet
  facet normal 0.9807852804032292 0.1950903220161345 0
    outer loop
      vertex 4.5079260953085845 82.21000762332572 1.5899999999999999
      vertex 4.464543735664523 82.42810547322591 2.4
      vertex 4.5079260953085845 82.21000762332572 2.4
    endloop
  endfacet
  facet normal 0.9978589232386035 0.06540312923014373 0
    outer loop
      vertex 4.464543735664523 82.42810547322591 1.5899999999999999
      vertex 4.45 82.65 2.4
      vertex 4.464543735664523 82.42810547322591 2.4
    endloop
  endfacet
  facet normal 0.9978589232386035 -0.06540312923014373 0
    outer loop
      vertex 4.45 82.65 1.5899999999999999
      vertex 4.464543735664523 82.8718945267741 2.4
      vertex 4.45 82.65 2.4
    endloop
  endfacet
  facet normal 0.9807852804032292 -0.1950903220161345 0
    outer loop
      vertex 4.464543735664523 82.8718945267741 1.5899999999999999
      vertex 4.5079260953085845 83.08999237667429 2.4
      vertex 4.464543735664523 82.8718945267741 2.4
    endloop
  endfacet
  facet normal 0.4422886902189979 0.89687274153269 0
    outer loop
      vertex 5.499438164979348 81.07940479473082 1.5899999999999999
      vertex 5.300000000000001 81.17775681356646 2.4
      vertex 5.499438164979348 81.07940479473082 2.4
    endloop
  endfacet
  facet normal 0.3214394653031645 0.9469301294951047 0
    outer loop
      vertex 5.7100076233257155 81.00792609530859 1.5899999999999999
      vertex 5.499438164979348 81.07940479473082 2.4
      vertex 5.7100076233257155 81.00792609530859 2.4
    endloop
  endfacet
  facet normal 0.7518398074789956 0.6593458151000481 0
    outer loop
      vertex 4.947918471982869 81.44791847198287 1.5899999999999999
      vertex 4.801299321504901 81.61510557068519 2.4
      vertex 4.947918471982869 81.44791847198287 2.4
    endloop
  endfacet
  facet normal 0.6593458151000817 0.7518398074789662 0
    outer loop
      vertex 5.115105570685175 81.3012993215049 1.5899999999999999
      vertex 4.947918471982869 81.44791847198287 2.4
      vertex 5.115105570685175 81.3012993215049 2.4
    endloop
  endfacet
  facet normal 0.831469612302542 0.555570233019607 0
    outer loop
      vertex 4.801299321504901 81.61510557068519 1.5899999999999999
      vertex 4.677756813566455 81.80000000000001 2.4
      vertex 4.801299321504901 81.61510557068519 2.4
    endloop
  endfacet
  facet normal 0.5555702330195784 0.831469612302561 0
    outer loop
      vertex 5.300000000000001 81.17775681356646 1.5899999999999999
      vertex 5.115105570685175 81.3012993215049 2.4
      vertex 5.300000000000001 81.17775681356646 2.4
    endloop
  endfacet
  facet normal 0.19509032201610454 0.9807852804032352 0
    outer loop
      vertex 5.928105473225913 80.96454373566453 1.5899999999999999
      vertex 5.7100076233257155 81.00792609530859 2.4
      vertex 5.928105473225913 80.96454373566453 2.4
    endloop
  endfacet
  facet normal 0.06540312923018532 0.9978589232386008 0
    outer loop
      vertex 6.15 80.95 1.5899999999999999
      vertex 5.928105473225913 80.96454373566453 2.4
      vertex 6.15 80.95 2.4
    endloop
  endfacet
  facet normal -0.06540312923018532 0.9978589232386008 0
    outer loop
      vertex 6.371894526774088 80.96454373566453 1.5899999999999999
      vertex 6.15 80.95 2.4
      vertex 6.371894526774088 80.96454373566453 2.4
    endloop
  endfacet
  facet normal -0.19509032201610454 0.9807852804032352 0
    outer loop
      vertex 6.589992376674285 81.00792609530859 1.5899999999999999
      vertex 6.371894526774088 80.96454373566453 2.4
      vertex 6.589992376674285 81.00792609530859 2.4
    endloop
  endfacet
  facet normal -0.3214394653031645 0.9469301294951047 0
    outer loop
      vertex 6.800561835020653 81.07940479473082 1.5899999999999999
      vertex 6.589992376674285 81.00792609530859 2.4
      vertex 6.800561835020653 81.07940479473082 2.4
    endloop
  endfacet
  facet normal 0.8968727415326828 0.44228869021901224 0
    outer loop
      vertex 4.677756813566455 81.80000000000001 1.5899999999999999
      vertex 4.579404794730813 81.99943816497935 2.4
      vertex 4.677756813566455 81.80000000000001 2.4
    endloop
  endfacet
  facet normal 0.9469301294951072 0.32143946530315726 0
    outer loop
      vertex 4.579404794730813 81.99943816497935 1.5899999999999999
      vertex 4.5079260953085845 82.21000762332572 2.4
      vertex 4.579404794730813 81.99943816497935 2.4
    endloop
  endfacet
  facet normal 0.9469301294951072 -0.32143946530315726 0
    outer loop
      vertex 4.5079260953085845 83.08999237667429 1.5899999999999999
      vertex 4.579404794730813 83.30056183502066 2.4
      vertex 4.5079260953085845 83.08999237667429 2.4
    endloop
  endfacet
  facet normal -0.4422886902189979 0.89687274153269 0
    outer loop
      vertex 7 81.17775681356646 1.5899999999999999
      vertex 6.800561835020653 81.07940479473082 2.4
      vertex 7 81.17775681356646 2.4
    endloop
  endfacet
  facet normal -0.5555702330195784 0.831469612302561 0
    outer loop
      vertex 7.184894429314825 81.3012993215049 1.5899999999999999
      vertex 7 81.17775681356646 2.4
      vertex 7.184894429314825 81.3012993215049 2.4
    endloop
  endfacet
  facet normal -0.6593458151000817 0.7518398074789662 0
    outer loop
      vertex 7.352081528017131 81.44791847198287 1.5899999999999999
      vertex 7.184894429314825 81.3012993215049 2.4
      vertex 7.352081528017131 81.44791847198287 2.4
    endloop
  endfacet
  facet normal -0.7518398074789956 0.6593458151000481 0
    outer loop
      vertex 7.4987006784951 81.61510557068519 1.5899999999999999
      vertex 7.352081528017131 81.44791847198287 2.4
      vertex 7.4987006784951 81.61510557068519 2.4
    endloop
  endfacet
  facet normal -0.831469612302542 0.555570233019607 0
    outer loop
      vertex 7.622243186433546 81.80000000000001 1.5899999999999999
      vertex 7.4987006784951 81.61510557068519 2.4
      vertex 7.622243186433546 81.80000000000001 2.4
    endloop
  endfacet
  facet normal -0.8968727415326828 0.44228869021901224 0
    outer loop
      vertex 7.720595205269188 81.99943816497935 1.5899999999999999
      vertex 7.622243186433546 81.80000000000001 2.4
      vertex 7.720595205269188 81.99943816497935 2.4
    endloop
  endfacet
  facet normal -0.9469301294951072 0.32143946530315726 0
    outer loop
      vertex 7.792073904691416 82.21000762332572 1.5899999999999999
      vertex 7.720595205269188 81.99943816497935 2.4
      vertex 7.792073904691416 82.21000762332572 2.4
    endloop
  endfacet
  facet normal -0.9807852804032292 0.1950903220161345 0
    outer loop
      vertex 7.835456264335478 82.42810547322591 1.5899999999999999
      vertex 7.792073904691416 82.21000762332572 2.4
      vertex 7.835456264335478 82.42810547322591 2.4
    endloop
  endfacet
  facet normal -0.9978589232386035 0.06540312923014373 0
    outer loop
      vertex 7.8500000000000005 82.65 1.5899999999999999
      vertex 7.835456264335478 82.42810547322591 2.4
      vertex 7.8500000000000005 82.65 2.4
    endloop
  endfacet
  facet normal -0.9978589232386035 -0.06540312923014373 0
    outer loop
      vertex 7.835456264335478 82.8718945267741 1.5899999999999999
      vertex 7.8500000000000005 82.65 2.4
      vertex 7.835456264335478 82.8718945267741 2.4
    endloop
  endfacet
  facet normal -0.9807852804032292 -0.1950903220161345 0
    outer loop
      vertex 7.792073904691416 83.08999237667429 1.5899999999999999
      vertex 7.835456264335478 82.8718945267741 2.4
      vertex 7.792073904691416 83.08999237667429 2.4
    endloop
  endfacet
  facet normal -0.9469301294951072 -0.32143946530315726 0
    outer loop
      vertex 7.720595205269188 83.30056183502066 1.5899999999999999
      vertex 7.792073904691416 83.08999237667429 2.4
      vertex 7.720595205269188 83.30056183502066 2.4
    endloop
  endfacet
  facet normal 0.8968727415326828 -0.44228869021901224 0
    outer loop
      vertex 4.579404794730813 83.30056183502066 1.5899999999999999
      vertex 4.677756813566455 83.5 2.4
      vertex 4.579404794730813 83.30056183502066 2.4
    endloop
  endfacet
  facet normal 0.831469612302542 -0.555570233019607 0
    outer loop
      vertex 4.677756813566455 83.5 1.5899999999999999
      vertex 4.801299321504901 83.68489442931482 2.4
      vertex 4.677756813566455 83.5 2.4
    endloop
  endfacet
  facet normal 0.7518398074789956 -0.6593458151000481 0
    outer loop
      vertex 4.801299321504901 83.68489442931482 1.5899999999999999
      vertex 4.947918471982869 83.85208152801714 2.4
      vertex 4.801299321504901 83.68489442931482 2.4
    endloop
  endfacet
  facet normal 0.6593458151000817 -0.7518398074789662 0
    outer loop
      vertex 4.947918471982869 83.85208152801714 1.5899999999999999
      vertex 5.115105570685175 83.99870067849511 2.4
      vertex 4.947918471982869 83.85208152801714 2.4
    endloop
  endfacet
  facet normal 0.5555702330195784 -0.831469612302561 0
    outer loop
      vertex 5.115105570685175 83.99870067849511 1.5899999999999999
      vertex 5.300000000000001 84.12224318643355 2.4
      vertex 5.115105570685175 83.99870067849511 2.4
    endloop
  endfacet
  facet normal 0.4422886902189979 -0.89687274153269 0
    outer loop
      vertex 5.300000000000001 84.12224318643355 1.5899999999999999
      vertex 5.499438164979348 84.22059520526919 2.4
      vertex 5.300000000000001 84.12224318643355 2.4
    endloop
  endfacet
  facet normal 0.3214394653031645 -0.9469301294951047 0
    outer loop
      vertex 5.499438164979348 84.22059520526919 1.5899999999999999
      vertex 5.7100076233257155 84.29207390469142 2.4
      vertex 5.499438164979348 84.22059520526919 2.4
    endloop
  endfacet
  facet normal 0.19509032201610454 -0.9807852804032352 0
    outer loop
      vertex 5.7100076233257155 84.29207390469142 1.5899999999999999
      vertex 5.928105473225913 84.33545626433548 2.4
      vertex 5.7100076233257155 84.29207390469142 2.4
    endloop
  endfacet
  facet normal 0.06540312923018532 -0.9978589232386008 0
    outer loop
      vertex 5.928105473225913 84.33545626433548 1.5899999999999999
      vertex 6.15 84.35000000000001 2.4
      vertex 5.928105473225913 84.33545626433548 2.4
    endloop
  endfacet
  facet normal -0.3214394653031645 -0.9469301294951047 0
    outer loop
      vertex 6.589992376674285 84.29207390469142 1.5899999999999999
      vertex 6.800561835020653 84.22059520526919 2.4
      vertex 6.589992376674285 84.29207390469142 2.4
    endloop
  endfacet
  facet normal -0.06540312923018532 -0.9978589232386008 0
    outer loop
      vertex 6.15 84.35000000000001 1.5899999999999999
      vertex 6.371894526774088 84.33545626433548 2.4
      vertex 6.15 84.35000000000001 2.4
    endloop
  endfacet
  facet normal -0.19509032201610454 -0.9807852804032352 0
    outer loop
      vertex 6.371894526774088 84.33545626433548 1.5899999999999999
      vertex 6.589992376674285 84.29207390469142 2.4
      vertex 6.371894526774088 84.33545626433548 2.4
    endloop
  endfacet
  facet normal -0.8968727415326828 -0.44228869021901224 0
    outer loop
      vertex 7.622243186433546 83.5 1.5899999999999999
      vertex 7.720595205269188 83.30056183502066 2.4
      vertex 7.622243186433546 83.5 2.4
    endloop
  endfacet
  facet normal -0.831469612302542 -0.555570233019607 0
    outer loop
      vertex 7.4987006784951 83.68489442931482 1.5899999999999999
      vertex 7.622243186433546 83.5 2.4
      vertex 7.4987006784951 83.68489442931482 2.4
    endloop
  endfacet
  facet normal -0.7518398074789956 -0.6593458151000481 0
    outer loop
      vertex 7.352081528017131 83.85208152801714 1.5899999999999999
      vertex 7.4987006784951 83.68489442931482 2.4
      vertex 7.352081528017131 83.85208152801714 2.4
    endloop
  endfacet
  facet normal -0.5555702330195784 -0.831469612302561 0
    outer loop
      vertex 7 84.12224318643355 1.5899999999999999
      vertex 7.184894429314825 83.99870067849511 2.4
      vertex 7 84.12224318643355 2.4
    endloop
  endfacet
  facet normal -0.4422886902189979 -0.89687274153269 0
    outer loop
      vertex 6.800561835020653 84.22059520526919 1.5899999999999999
      vertex 7 84.12224318643355 2.4
      vertex 6.800561835020653 84.22059520526919 2.4
    endloop
  endfacet
  facet normal -0.6593458151000817 -0.7518398074789662 0
    outer loop
      vertex 7.184894429314825 83.99870067849511 1.5899999999999999
      vertex 7.352081528017131 83.85208152801714 2.4
      vertex 7.184894429314825 83.99870067849511 2.4
    endloop
  endfacet
  facet normal 0.5885675477331831 0.39326826236785856 -0.7063485793639798
    outer loop
      vertex 4.677756813566455 81.80000000000001 1.5899999999999999
      vertex 3.539867510441837 80.6471748985613 0
      vertex 3.3007764215491977 81.005 0
    endloop
  endfacet
  facet normal 0.4667272787359332 0.5322004619635732 -0.7063485793639779
    outer loop
      vertex 4.947918471982869 81.44791847198287 1.5899999999999999
      vertex 4.1471748985613095 80.03986751044184 0
      vertex 3.823618689896259 80.32361868989626 0
    endloop
  endfacet
  facet normal 0.5322004619635673 0.46672727873593656 -0.7063485793639802
    outer loop
      vertex 4.801299321504901 81.61510557068519 1.5899999999999999
      vertex 3.823618689896259 80.32361868989626 0
      vertex 3.539867510441837 80.6471748985613 0
    endloop
  endfacet
  facet normal 0.6348640795793241 0.31308031699611366 -0.7063485793639785
    outer loop
      vertex 4.579404794730813 81.99943816497935 1.5899999999999999
      vertex 3.3007764215491977 81.005 0
      vertex 3.110436338037867 81.39097150751886 0
    endloop
  endfacet
  facet normal 0.6702979110062824 0.22753548059830836 -0.7063485793639787
    outer loop
      vertex 4.5079260953085845 82.21000762332572 1.5899999999999999
      vertex 3.110436338037867 81.39097150751886 0
      vertex 2.972104031508966 81.7984853416127 0
    endloop
  endfacet
  facet normal 0.6942627593342369 0.1380974490427033 -0.7063485793639777
    outer loop
      vertex 4.464543735664523 82.42810547322591 1.5899999999999999
      vertex 2.972104031508966 81.7984853416127 0
      vertex 2.888146406080164 82.22056882759604 0
    endloop
  endfacet
  facet normal 0.7063485793639779 0.04629653184613983 -0.7063485793639779
    outer loop
      vertex 4.45 82.65 1.5899999999999999
      vertex 2.888146406080164 82.22056882759604 0
      vertex 2.8600000000000003 82.65 0
    endloop
  endfacet
  facet normal 0.7063485793639779 -0.046296531846139674 -0.7063485793639779
    outer loop
      vertex 4.464543735664523 82.8718945267741 1.5899999999999999
      vertex 2.8600000000000003 82.65 0
      vertex 2.888146406080164 83.07943117240397 0
    endloop
  endfacet
  facet normal 0.6942627593342363 -0.13809744904270316 -0.7063485793639782
    outer loop
      vertex 4.5079260953085845 83.08999237667429 1.5899999999999999
      vertex 2.888146406080164 83.07943117240397 0
      vertex 2.972104031508966 83.50151465838731 0
    endloop
  endfacet
  facet normal 0.39326826236785706 0.5885675477331869 -0.7063485793639773
    outer loop
      vertex 5.115105570685175 81.3012993215049 1.5899999999999999
      vertex 4.505 79.8007764215492 0
      vertex 4.1471748985613095 80.03986751044184 0
    endloop
  endfacet
  facet normal 0.31308031699611655 0.634864079579323 -0.7063485793639782
    outer loop
      vertex 5.300000000000001 81.17775681356646 1.5899999999999999
      vertex 4.890971507518855 79.61043633803787 0
      vertex 4.505 79.8007764215492 0
    endloop
  endfacet
  facet normal 0.22753548059831824 0.6702979110062788 -0.7063485793639788
    outer loop
      vertex 5.499438164979348 81.07940479473082 1.5899999999999999
      vertex 5.298485341612707 79.47210403150896 0
      vertex 4.890971507518855 79.61043633803787 0
    endloop
  endfacet
  facet normal 0.13809744904269564 0.6942627593342364 -0.7063485793639797
    outer loop
      vertex 5.7100076233257155 81.00792609530859 1.5899999999999999
      vertex 5.720568827596031 79.38814640608017 0
      vertex 5.298485341612707 79.47210403150896 0
    endloop
  endfacet
  facet normal 0.046296531846123354 0.7063485793639774 -0.7063485793639792
    outer loop
      vertex 5.928105473225913 80.96454373566453 1.5899999999999999
      vertex 6.15 79.36000000000001 0
      vertex 5.720568827596031 79.38814640608017 0
    endloop
  endfacet
  facet normal -0.04629653184612321 0.7063485793639808 -0.706348579363976
    outer loop
      vertex 6.15 80.95 1.5899999999999999
      vertex 6.57943117240397 79.38814640608017 0
      vertex 6.15 79.36000000000001 0
    endloop
  endfacet
  facet normal -0.1380974490426953 0.694262759334236 -0.7063485793639802
    outer loop
      vertex 6.371894526774088 80.96454373566453 1.5899999999999999
      vertex 7.001514658387293 79.47210403150896 0
      vertex 6.57943117240397 79.38814640608017 0
    endloop
  endfacet
  facet normal -0.22753548059831774 0.6702979110062783 -0.7063485793639795
    outer loop
      vertex 6.589992376674285 81.00792609530859 1.5899999999999999
      vertex 7.409028492481146 79.61043633803787 0
      vertex 7.001514658387293 79.47210403150896 0
    endloop
  endfacet
  facet normal -0.3130803169961163 0.6348640795793228 -0.7063485793639784
    outer loop
      vertex 6.800561835020653 81.07940479473082 1.5899999999999999
      vertex 7.795000000000001 79.8007764215492 0
      vertex 7.409028492481146 79.61043633803787 0
    endloop
  endfacet
  facet normal -0.3932682623678572 0.5885675477331856 -0.7063485793639784
    outer loop
      vertex 7 81.17775681356646 1.5899999999999999
      vertex 8.15282510143869 80.03986751044184 0
      vertex 7.795000000000001 79.8007764215492 0
    endloop
  endfacet
  facet normal -0.4667272787359329 0.5322004619635744 -0.7063485793639771
    outer loop
      vertex 7.184894429314825 81.3012993215049 1.5899999999999999
      vertex 8.476381310103742 80.32361868989626 0
      vertex 8.15282510143869 80.03986751044184 0
    endloop
  endfacet
  facet normal -0.5322004619635692 0.46672727873593745 -0.7063485793639781
    outer loop
      vertex 7.352081528017131 81.44791847198287 1.5899999999999999
      vertex 8.760132489558163 80.6471748985613 0
      vertex 8.476381310103742 80.32361868989626 0
    endloop
  endfacet
  facet normal -0.5885675477331814 0.3932682623678603 -0.7063485793639801
    outer loop
      vertex 7.4987006784951 81.61510557068519 1.5899999999999999
      vertex 8.999223578450804 81.005 0
      vertex 8.760132489558163 80.6471748985613 0
    endloop
  endfacet
  facet normal -0.6348640795793236 0.31308031699611255 -0.7063485793639795
    outer loop
      vertex 7.622243186433546 81.80000000000001 1.5899999999999999
      vertex 9.189563661962135 81.39097150751886 0
      vertex 8.999223578450804 81.005 0
    endloop
  endfacet
  facet normal -0.6702979110062829 0.22753548059830753 -0.7063485793639783
    outer loop
      vertex 7.720595205269188 81.99943816497935 1.5899999999999999
      vertex 9.327895968491035 81.7984853416127 0
      vertex 9.189563661962135 81.39097150751886 0
    endloop
  endfacet
  facet normal -0.6942627593342363 0.13809744904270316 -0.7063485793639782
    outer loop
      vertex 7.792073904691416 82.21000762332572 1.5899999999999999
      vertex 9.411853593919837 82.22056882759604 0
      vertex 9.327895968491035 81.7984853416127 0
    endloop
  endfacet
  facet normal -0.706348579363978 0.04629653184613831 -0.7063485793639779
    outer loop
      vertex 7.835456264335478 82.42810547322591 1.5899999999999999
      vertex 9.44 82.65 0
      vertex 9.411853593919837 82.22056882759604 0
    endloop
  endfacet
  facet normal -0.706348579363978 -0.046296531846138377 -0.7063485793639777
    outer loop
      vertex 7.8500000000000005 82.65 1.5899999999999999
      vertex 9.411853593919837 83.07943117240397 0
      vertex 9.44 82.65 0
    endloop
  endfacet
  facet normal -0.6942627593342369 -0.1380974490427033 -0.7063485793639777
    outer loop
      vertex 7.835456264335478 82.8718945267741 1.5899999999999999
      vertex 9.327895968491035 83.50151465838731 0
      vertex 9.411853593919837 83.07943117240397 0
    endloop
  endfacet
  facet normal 0.5322004619635905 0.46672727873591485 -0.706348579363977
    outer loop
      vertex 4.947918471982869 81.44791847198287 1.5899999999999999
      vertex 3.823618689896259 80.32361868989626 0
      vertex 4.801299321504901 81.61510557068519 1.5899999999999999
    endloop
  endfacet
  facet normal 0.5885675477331795 0.3932682623678627 -0.7063485793639804
    outer loop
      vertex 4.801299321504901 81.61510557068519 1.5899999999999999
      vertex 3.539867510441837 80.6471748985613 0
      vertex 4.677756813566455 81.80000000000001 1.5899999999999999
    endloop
  endfacet
  facet normal 0.6348640795793177 0.31308031699612404 -0.7063485793639797
    outer loop
      vertex 4.677756813566455 81.80000000000001 1.5899999999999999
      vertex 3.3007764215491977 81.005 0
      vertex 4.579404794730813 81.99943816497935 1.5899999999999999
    endloop
  endfacet
  facet normal 0.7063485793639778 0.0462965318461397 -0.7063485793639778
    outer loop
      vertex 4.464543735664523 82.42810547322591 1.5899999999999999
      vertex 2.888146406080164 82.22056882759604 0
      vertex 4.45 82.65 1.5899999999999999
    endloop
  endfacet
  facet normal 0.6702979110062844 0.22753548059830392 -0.706348579363978
    outer loop
      vertex 4.579404794730813 81.99943816497935 1.5899999999999999
      vertex 3.110436338037867 81.39097150751886 0
      vertex 4.5079260953085845 82.21000762332572 1.5899999999999999
    endloop
  endfacet
  facet normal 0.6942627593342345 0.13809744904271096 -0.7063485793639784
    outer loop
      vertex 4.464543735664523 82.42810547322591 1.5899999999999999
      vertex 4.5079260953085845 82.21000762332572 1.5899999999999999
      vertex 2.972104031508966 81.7984853416127 0
    endloop
  endfacet
  facet normal 0.7063485793639778 -0.0462965318461397 -0.7063485793639778
    outer loop
      vertex 4.45 82.65 1.5899999999999999
      vertex 2.8600000000000003 82.65 0
      vertex 4.464543735664523 82.8718945267741 1.5899999999999999
    endloop
  endfacet
  facet normal 0.6942627593342355 -0.13809744904271115 -0.7063485793639774
    outer loop
      vertex 4.464543735664523 82.8718945267741 1.5899999999999999
      vertex 2.888146406080164 83.07943117240397 0
      vertex 4.5079260953085845 83.08999237667429 1.5899999999999999
    endloop
  endfacet
  facet normal 0.1380974490426894 0.694262759334237 -0.7063485793639803
    outer loop
      vertex 5.7100076233257155 81.00792609530859 1.5899999999999999
      vertex 5.928105473225913 80.96454373566453 1.5899999999999999
      vertex 5.720568827596031 79.38814640608017 0
    endloop
  endfacet
  facet normal 0.04629653184616936 0.7063485793639792 -0.7063485793639744
    outer loop
      vertex 5.928105473225913 80.96454373566453 1.5899999999999999
      vertex 6.15 80.95 1.5899999999999999
      vertex 6.15 79.36000000000001 0
    endloop
  endfacet
  facet normal -0.046296531846168956 0.706348579363973 -0.7063485793639807
    outer loop
      vertex 6.15 80.95 1.5899999999999999
      vertex 6.371894526774088 80.96454373566453 1.5899999999999999
      vertex 6.57943117240397 79.38814640608017 0
    endloop
  endfacet
  facet normal 0.3932682623678433 0.5885675477331942 -0.706348579363979
    outer loop
      vertex 5.115105570685175 81.3012993215049 1.5899999999999999
      vertex 5.300000000000001 81.17775681356646 1.5899999999999999
      vertex 4.505 79.8007764215492 0
    endloop
  endfacet
  facet normal 0.4667272787359385 0.5322004619635695 -0.7063485793639771
    outer loop
      vertex 4.947918471982869 81.44791847198287 1.5899999999999999
      vertex 5.115105570685175 81.3012993215049 1.5899999999999999
      vertex 4.1471748985613095 80.03986751044184 0
    endloop
  endfacet
  facet normal 0.31308031699611444 0.6348640795793237 -0.7063485793639785
    outer loop
      vertex 5.499438164979348 81.07940479473082 1.5899999999999999
      vertex 4.890971507518855 79.61043633803787 0
      vertex 5.300000000000001 81.17775681356646 1.5899999999999999
    endloop
  endfacet
  facet normal 0.22753548059830844 0.670297911006281 -0.7063485793639799
    outer loop
      vertex 5.499438164979348 81.07940479473082 1.5899999999999999
      vertex 5.7100076233257155 81.00792609530859 1.5899999999999999
      vertex 5.298485341612707 79.47210403150896 0
    endloop
  endfacet
  facet normal -0.13809744904268956 0.6942627593342378 -0.7063485793639794
    outer loop
      vertex 6.371894526774088 80.96454373566453 1.5899999999999999
      vertex 6.589992376674285 81.00792609530859 1.5899999999999999
      vertex 7.001514658387293 79.47210403150896 0
    endloop
  endfacet
  facet normal -0.2275354805983089 0.6702979110062822 -0.7063485793639785
    outer loop
      vertex 6.589992376674285 81.00792609530859 1.5899999999999999
      vertex 6.800561835020653 81.07940479473082 1.5899999999999999
      vertex 7.409028492481146 79.61043633803787 0
    endloop
  endfacet
  facet normal -0.31308031699611455 0.6348640795793239 -0.7063485793639782
    outer loop
      vertex 6.800561835020653 81.07940479473082 1.5899999999999999
      vertex 7 81.17775681356646 1.5899999999999999
      vertex 7.795000000000001 79.8007764215492 0
    endloop
  endfacet
  facet normal -0.3932682623678445 0.5885675477331961 -0.7063485793639768
    outer loop
      vertex 7 81.17775681356646 1.5899999999999999
      vertex 7.184894429314825 81.3012993215049 1.5899999999999999
      vertex 8.15282510143869 80.03986751044184 0
    endloop
  endfacet
  facet normal -0.46672727873593794 0.5322004619635688 -0.706348579363978
    outer loop
      vertex 7.184894429314825 81.3012993215049 1.5899999999999999
      vertex 7.352081528017131 81.44791847198287 1.5899999999999999
      vertex 8.476381310103742 80.32361868989626 0
    endloop
  endfacet
  facet normal -0.5322004619635874 0.466727278735912 -0.7063485793639812
    outer loop
      vertex 7.352081528017131 81.44791847198287 1.5899999999999999
      vertex 7.4987006784951 81.61510557068519 1.5899999999999999
      vertex 8.760132489558163 80.6471748985613 0
    endloop
  endfacet
  facet normal -0.58856754773318 0.39326826236786305 -0.70634857936398
    outer loop
      vertex 7.4987006784951 81.61510557068519 1.5899999999999999
      vertex 7.622243186433546 81.80000000000001 1.5899999999999999
      vertex 8.999223578450804 81.005 0
    endloop
  endfacet
  facet normal -0.634864079579319 0.31308031699612476 -0.7063485793639782
    outer loop
      vertex 7.622243186433546 81.80000000000001 1.5899999999999999
      vertex 7.720595205269188 81.99943816497935 1.5899999999999999
      vertex 9.189563661962135 81.39097150751886 0
    endloop
  endfacet
  facet normal -0.6702979110062838 0.2275354805983037 -0.7063485793639788
    outer loop
      vertex 7.720595205269188 81.99943816497935 1.5899999999999999
      vertex 7.792073904691416 82.21000762332572 1.5899999999999999
      vertex 9.327895968491035 81.7984853416127 0
    endloop
  endfacet
  facet normal -0.6942627593342355 0.13809744904271118 -0.7063485793639773
    outer loop
      vertex 7.792073904691416 82.21000762332572 1.5899999999999999
      vertex 7.835456264335478 82.42810547322591 1.5899999999999999
      vertex 9.411853593919837 82.22056882759604 0
    endloop
  endfacet
  facet normal -0.706348579363978 0.046296531846139716 -0.7063485793639775
    outer loop
      vertex 7.835456264335478 82.42810547322591 1.5899999999999999
      vertex 7.8500000000000005 82.65 1.5899999999999999
      vertex 9.44 82.65 0
    endloop
  endfacet
  facet normal -0.7063485793639778 -0.0462965318461397 -0.7063485793639778
    outer loop
      vertex 7.8500000000000005 82.65 1.5899999999999999
      vertex 7.835456264335478 82.8718945267741 1.5899999999999999
      vertex 9.411853593919837 83.07943117240397 0
    endloop
  endfacet
  facet normal -0.6942627593342345 -0.13809744904271096 -0.7063485793639784
    outer loop
      vertex 7.835456264335478 82.8718945267741 1.5899999999999999
      vertex 7.792073904691416 83.08999237667429 1.5899999999999999
      vertex 9.327895968491035 83.50151465838731 0
    endloop
  endfacet
  facet normal 0.6702979110062827 -0.22753548059830886 -0.7063485793639781
    outer loop
      vertex 4.579404794730813 83.30056183502066 1.5899999999999999
      vertex 2.972104031508966 83.50151465838731 0
      vertex 3.110436338037867 83.90902849248116 0
    endloop
  endfacet
  facet normal 0.6348640795793234 -0.31308031699611333 -0.7063485793639792
    outer loop
      vertex 4.677756813566455 83.5 1.5899999999999999
      vertex 3.110436338037867 83.90902849248116 0
      vertex 3.3007764215491977 84.29500000000002 0
    endloop
  endfacet
  facet normal 0.5885675477331828 -0.3932682623678581 -0.7063485793639803
    outer loop
      vertex 4.801299321504901 83.68489442931482 1.5899999999999999
      vertex 3.3007764215491977 84.29500000000002 0
      vertex 3.539867510441837 84.65282510143871 0
    endloop
  endfacet
  facet normal 0.5322004619635688 -0.466727278735938 -0.7063485793639781
    outer loop
      vertex 4.947918471982869 83.85208152801714 1.5899999999999999
      vertex 3.539867510441837 84.65282510143871 0
      vertex 3.823618689896259 84.97638131010375 0
    endloop
  endfacet
  facet normal 0.4667272787359335 -0.5322004619635736 -0.7063485793639773
    outer loop
      vertex 5.115105570685175 83.99870067849511 1.5899999999999999
      vertex 3.823618689896259 84.97638131010375 0
      vertex 4.1471748985613095 85.26013248955817 0
    endloop
  endfacet
  facet normal 0.39326826236785656 -0.588567547733186 -0.7063485793639784
    outer loop
      vertex 5.300000000000001 84.12224318643355 1.5899999999999999
      vertex 4.1471748985613095 85.26013248955817 0
      vertex 4.505 85.49922357845081 0
    endloop
  endfacet
  facet normal 0.3130803169961163 -0.6348640795793228 -0.7063485793639784
    outer loop
      vertex 5.499438164979348 84.22059520526919 1.5899999999999999
      vertex 4.505 85.49922357845081 0
      vertex 4.890971507518855 85.68956366196214 0
    endloop
  endfacet
  facet normal 0.22753548059831774 -0.6702979110062783 -0.7063485793639795
    outer loop
      vertex 5.7100076233257155 84.29207390469142 1.5899999999999999
      vertex 4.890971507518855 85.68956366196214 0
      vertex 5.298485341612707 85.82789596849105 0
    endloop
  endfacet
  facet normal 0.1380974490426953 -0.694262759334236 -0.7063485793639802
    outer loop
      vertex 5.928105473225913 84.33545626433548 1.5899999999999999
      vertex 5.298485341612707 85.82789596849105 0
      vertex 5.720568827596031 85.91185359391984 0
    endloop
  endfacet
  facet normal 0.04629653184612321 -0.7063485793639808 -0.706348579363976
    outer loop
      vertex 6.15 84.35000000000001 1.5899999999999999
      vertex 5.720568827596031 85.91185359391984 0
      vertex 6.15 85.94 0
    endloop
  endfacet
  facet normal -0.046296531846123354 -0.7063485793639774 -0.7063485793639792
    outer loop
      vertex 6.371894526774088 84.33545626433548 1.5899999999999999
      vertex 6.15 85.94 0
      vertex 6.57943117240397 85.91185359391984 0
    endloop
  endfacet
  facet normal -0.13809744904269564 -0.6942627593342364 -0.7063485793639797
    outer loop
      vertex 6.589992376674285 84.29207390469142 1.5899999999999999
      vertex 6.57943117240397 85.91185359391984 0
      vertex 7.001514658387293 85.82789596849105 0
    endloop
  endfacet
  facet normal -0.6702979110062829 -0.22753548059830714 -0.7063485793639787
    outer loop
      vertex 7.792073904691416 83.08999237667429 1.5899999999999999
      vertex 9.189563661962135 83.90902849248116 0
      vertex 9.327895968491035 83.50151465838731 0
    endloop
  endfacet
  facet normal -0.6348640795793242 -0.31308031699611294 -0.7063485793639785
    outer loop
      vertex 7.720595205269188 83.30056183502066 1.5899999999999999
      vertex 8.999223578450804 84.29500000000002 0
      vertex 9.189563661962135 83.90902849248116 0
    endloop
  endfacet
  facet normal -0.5885675477331817 -0.3932682623678604 -0.70634857936398
    outer loop
      vertex 7.622243186433546 83.5 1.5899999999999999
      vertex 8.760132489558163 84.65282510143871 0
      vertex 8.999223578450804 84.29500000000002 0
    endloop
  endfacet
  facet normal -0.5322004619635676 -0.4667272787359361 -0.7063485793639802
    outer loop
      vertex 7.4987006784951 83.68489442931482 1.5899999999999999
      vertex 8.476381310103742 84.97638131010375 0
      vertex 8.760132489558163 84.65282510143871 0
    endloop
  endfacet
  facet normal -0.22753548059831824 -0.6702979110062788 -0.7063485793639788
    outer loop
      vertex 6.800561835020653 84.22059520526919 1.5899999999999999
      vertex 7.001514658387293 85.82789596849105 0
      vertex 7.409028492481146 85.68956366196214 0
    endloop
  endfacet
  facet normal -0.3932682623678578 -0.5885675477331865 -0.7063485793639773
    outer loop
      vertex 7.184894429314825 83.99870067849511 1.5899999999999999
      vertex 7.795000000000001 85.49922357845081 0
      vertex 8.15282510143869 85.26013248955817 0
    endloop
  endfacet
  facet normal -0.31308031699611655 -0.634864079579323 -0.7063485793639782
    outer loop
      vertex 7 84.12224318643355 1.5899999999999999
      vertex 7.409028492481146 85.68956366196214 0
      vertex 7.795000000000001 85.49922357845081 0
    endloop
  endfacet
  facet normal -0.4667272787359325 -0.532200461963574 -0.7063485793639778
    outer loop
      vertex 7.352081528017131 83.85208152801714 1.5899999999999999
      vertex 8.15282510143869 85.26013248955817 0
      vertex 8.476381310103742 84.97638131010375 0
    endloop
  endfacet
  facet normal 0.6702979110062838 -0.2275354805983037 -0.7063485793639788
    outer loop
      vertex 4.5079260953085845 83.08999237667429 1.5899999999999999
      vertex 2.972104031508966 83.50151465838731 0
      vertex 4.579404794730813 83.30056183502066 1.5899999999999999
    endloop
  endfacet
  facet normal 0.6348640795793192 -0.3130803169961248 -0.706348579363978
    outer loop
      vertex 4.579404794730813 83.30056183502066 1.5899999999999999
      vertex 3.110436338037867 83.90902849248116 0
      vertex 4.677756813566455 83.5 1.5899999999999999
    endloop
  endfacet
  facet normal 0.5885675477331802 -0.39326826236786316 -0.7063485793639797
    outer loop
      vertex 4.677756813566455 83.5 1.5899999999999999
      vertex 3.3007764215491977 84.29500000000002 0
      vertex 4.801299321504901 83.68489442931482 1.5899999999999999
    endloop
  endfacet
  facet normal 0.5322004619635873 -0.46672727873591197 -0.7063485793639813
    outer loop
      vertex 4.801299321504901 83.68489442931482 1.5899999999999999
      vertex 3.539867510441837 84.65282510143871 0
      vertex 4.947918471982869 83.85208152801714 1.5899999999999999
    endloop
  endfacet
  facet normal 0.46672727873593794 -0.5322004619635688 -0.706348579363978
    outer loop
      vertex 4.947918471982869 83.85208152801714 1.5899999999999999
      vertex 3.823618689896259 84.97638131010375 0
      vertex 5.115105570685175 83.99870067849511 1.5899999999999999
    endloop
  endfacet
  facet normal 0.39326826236784446 -0.588567547733196 -0.7063485793639769
    outer loop
      vertex 5.115105570685175 83.99870067849511 1.5899999999999999
      vertex 4.1471748985613095 85.26013248955817 0
      vertex 5.300000000000001 84.12224318643355 1.5899999999999999
    endloop
  endfacet
  facet normal 0.31308031699611455 -0.6348640795793239 -0.7063485793639782
    outer loop
      vertex 5.300000000000001 84.12224318643355 1.5899999999999999
      vertex 4.505 85.49922357845081 0
      vertex 5.499438164979348 84.22059520526919 1.5899999999999999
    endloop
  endfacet
  facet normal 0.2275354805983089 -0.6702979110062822 -0.7063485793639785
    outer loop
      vertex 5.499438164979348 84.22059520526919 1.5899999999999999
      vertex 4.890971507518855 85.68956366196214 0
      vertex 5.7100076233257155 84.29207390469142 1.5899999999999999
    endloop
  endfacet
  facet normal 0.13809744904268956 -0.6942627593342378 -0.7063485793639794
    outer loop
      vertex 5.7100076233257155 84.29207390469142 1.5899999999999999
      vertex 5.298485341612707 85.82789596849105 0
      vertex 5.928105473225913 84.33545626433548 1.5899999999999999
    endloop
  endfacet
  facet normal 0.04629653184616895 -0.706348579363973 -0.7063485793639808
    outer loop
      vertex 5.928105473225913 84.33545626433548 1.5899999999999999
      vertex 5.720568827596031 85.91185359391984 0
      vertex 6.15 84.35000000000001 1.5899999999999999
    endloop
  endfacet
  facet normal -0.04629653184616936 -0.7063485793639792 -0.7063485793639744
    outer loop
      vertex 6.15 84.35000000000001 1.5899999999999999
      vertex 6.15 85.94 0
      vertex 6.371894526774088 84.33545626433548 1.5899999999999999
    endloop
  endfacet
  facet normal -0.1380974490426894 -0.694262759334237 -0.7063485793639803
    outer loop
      vertex 6.589992376674285 84.29207390469142 1.5899999999999999
      vertex 6.371894526774088 84.33545626433548 1.5899999999999999
      vertex 6.57943117240397 85.91185359391984 0
    endloop
  endfacet
  facet normal -0.3932682623678433 -0.5885675477331942 -0.706348579363979
    outer loop
      vertex 7.184894429314825 83.99870067849511 1.5899999999999999
      vertex 7 84.12224318643355 1.5899999999999999
      vertex 7.795000000000001 85.49922357845081 0
    endloop
  endfacet
  facet normal -0.5322004619635905 -0.46672727873591485 -0.706348579363977
    outer loop
      vertex 7.352081528017131 83.85208152801714 1.5899999999999999
      vertex 8.476381310103742 84.97638131010375 0
      vertex 7.4987006784951 83.68489442931482 1.5899999999999999
    endloop
  endfacet
  facet normal -0.46672727873593856 -0.5322004619635696 -0.706348579363977
    outer loop
      vertex 7.184894429314825 83.99870067849511 1.5899999999999999
      vertex 8.15282510143869 85.26013248955817 0
      vertex 7.352081528017131 83.85208152801714 1.5899999999999999
    endloop
  endfacet
  facet normal -0.6702979110062842 -0.22753548059830386 -0.7063485793639782
    outer loop
      vertex 7.720595205269188 83.30056183502066 1.5899999999999999
      vertex 9.189563661962135 83.90902849248116 0
      vertex 7.792073904691416 83.08999237667429 1.5899999999999999
    endloop
  endfacet
  facet normal -0.6348640795793175 -0.313080316996124 -0.7063485793639799
    outer loop
      vertex 7.720595205269188 83.30056183502066 1.5899999999999999
      vertex 7.622243186433546 83.5 1.5899999999999999
      vertex 8.999223578450804 84.29500000000002 0
    endloop
  endfacet
  facet normal -0.5885675477331797 -0.39326826236786283 -0.7063485793639803
    outer loop
      vertex 7.622243186433546 83.5 1.5899999999999999
      vertex 7.4987006784951 83.68489442931482 1.5899999999999999
      vertex 8.760132489558163 84.65282510143871 0
    endloop
  endfacet
  facet normal -0.22753548059830844 -0.670297911006281 -0.7063485793639799
    outer loop
      vertex 6.589992376674285 84.29207390469142 1.5899999999999999
      vertex 7.001514658387293 85.82789596849105 0
      vertex 6.800561835020653 84.22059520526919 1.5899999999999999
    endloop
  endfacet
  facet normal -0.31308031699611444 -0.6348640795793237 -0.7063485793639785
    outer loop
      vertex 6.800561835020653 84.22059520526919 1.5899999999999999
      vertex 7.409028492481146 85.68956366196214 0
      vertex 7 84.12224318643355 1.5899999999999999
    endloop
  endfacet
  facet normal 0.4422886902190011 0.8968727415326884 7.59557961627115e-18
    outer loop
      vertex 5.499438164979348 4.579404794730813 1.5899999999999999
      vertex 5.300000000000001 4.677756813566455 1.5899999999999999
      vertex 5.300000000000001 4.677756813566455 2.4
    endloop
  endfacet
  facet normal 0.5555702330196033 0.8314696123025446 2.2699071275686e-18
    outer loop
      vertex 5.300000000000001 4.677756813566455 1.5899999999999999
      vertex 5.115105570685175 4.801299321504901 1.5899999999999999
      vertex 5.115105570685175 4.801299321504901 2.4
    endloop
  endfacet
  facet normal 0.3214394653031609 0.9469301294951059 0
    outer loop
      vertex 5.499438164979348 4.579404794730813 1.5899999999999999
      vertex 5.499438164979348 4.579404794730813 2.4
      vertex 5.7100076233257155 4.5079260953085845 1.5899999999999999
    endloop
  endfacet
  facet normal 0.659345815100066 0.75183980747898 0
    outer loop
      vertex 4.947918471982869 4.947918471982869 1.5899999999999999
      vertex 4.947918471982869 4.947918471982869 2.4
      vertex 5.115105570685175 4.801299321504901 1.5899999999999999
    endloop
  endfacet
  facet normal 0.75183980747898 0.659345815100066 -5.698838617043622e-18
    outer loop
      vertex 4.947918471982869 4.947918471982869 1.5899999999999999
      vertex 4.801299321504901 5.115105570685175 1.5899999999999999
      vertex 4.801299321504901 5.115105570685175 2.4
    endloop
  endfacet
  facet normal 0.8314696123025446 0.5555702330196033 2.2699071275686e-18
    outer loop
      vertex 4.801299321504901 5.115105570685175 1.5899999999999999
      vertex 4.677756813566455 5.300000000000001 1.5899999999999999
      vertex 4.677756813566455 5.300000000000001 2.4
    endloop
  endfacet
  facet normal 0.8968727415326884 0.4422886902190011 7.59557961627115e-18
    outer loop
      vertex 4.677756813566455 5.300000000000001 1.5899999999999999
      vertex 4.579404794730813 5.499438164979348 1.5899999999999999
      vertex 4.579404794730813 5.499438164979348 2.4
    endloop
  endfacet
  facet normal 0.19509032201612758 0.9807852804032305 1.5575093488614863e-18
    outer loop
      vertex 5.928105473225913 4.464543735664523 1.5899999999999999
      vertex 5.7100076233257155 4.5079260953085845 1.5899999999999999
      vertex 5.7100076233257155 4.5079260953085845 2.4
    endloop
  endfacet
  facet normal 0.06540312923014555 0.9978589232386034 0
    outer loop
      vertex 5.928105473225913 4.464543735664523 1.5899999999999999
      vertex 5.928105473225913 4.464543735664523 2.4
      vertex 6.15 4.45 1.5899999999999999
    endloop
  endfacet
  facet normal -0.06540312923014555 0.9978589232386034 0
    outer loop
      vertex 6.15 4.45 1.5899999999999999
      vertex 6.15 4.45 2.4
      vertex 6.371894526774088 4.464543735664523 1.5899999999999999
    endloop
  endfacet
  facet normal -0.19509032201612758 0.9807852804032305 0
    outer loop
      vertex 6.371894526774088 4.464543735664523 1.5899999999999999
      vertex 6.371894526774088 4.464543735664523 2.4
      vertex 6.589992376674285 4.5079260953085845 1.5899999999999999
    endloop
  endfacet
  facet normal -0.3214394653031609 0.9469301294951059 0
    outer loop
      vertex 6.589992376674285 4.5079260953085845 1.5899999999999999
      vertex 6.589992376674285 4.5079260953085845 2.4
      vertex 6.800561835020653 4.579404794730813 1.5899999999999999
    endloop
  endfacet
  facet normal -0.4422886902190011 0.8968727415326884 0
    outer loop
      vertex 6.800561835020653 4.579404794730813 1.5899999999999999
      vertex 6.800561835020653 4.579404794730813 2.4
      vertex 7 4.677756813566455 1.5899999999999999
    endloop
  endfacet
  facet normal -0.5555702330196033 0.8314696123025446 0
    outer loop
      vertex 7 4.677756813566455 1.5899999999999999
      vertex 7 4.677756813566455 2.4
      vertex 7.184894429314825 4.801299321504901 1.5899999999999999
    endloop
  endfacet
  facet normal -0.659345815100066 0.75183980747898 0
    outer loop
      vertex 7.184894429314825 4.801299321504901 1.5899999999999999
      vertex 7.184894429314825 4.801299321504901 2.4
      vertex 7.352081528017131 4.947918471982869 1.5899999999999999
    endloop
  endfacet
  facet normal -0.75183980747898 0.659345815100066 0
    outer loop
      vertex 7.352081528017131 4.947918471982869 1.5899999999999999
      vertex 7.352081528017131 4.947918471982869 2.4
      vertex 7.4987006784951 5.115105570685175 1.5899999999999999
    endloop
  endfacet
  facet normal -0.8314696123025446 0.5555702330196033 0
    outer loop
      vertex 7.4987006784951 5.115105570685175 1.5899999999999999
      vertex 7.4987006784951 5.115105570685175 2.4
      vertex 7.622243186433546 5.300000000000001 1.5899999999999999
    endloop
  endfacet
  facet normal -0.8968727415326884 0.4422886902190011 0
    outer loop
      vertex 7.622243186433546 5.300000000000001 1.5899999999999999
      vertex 7.622243186433546 5.300000000000001 2.4
      vertex 7.720595205269188 5.499438164979348 1.5899999999999999
    endloop
  endfacet
  facet normal 0.9807852804032305 0.19509032201612758 0
    outer loop
      vertex 4.464543735664523 5.928105473225913 1.5899999999999999
      vertex 4.464543735664523 5.928105473225913 2.4
      vertex 4.5079260953085845 5.7100076233257155 1.5899999999999999
    endloop
  endfacet
  facet normal 0.9978589232386034 0.06540312923014555 -6.858988617290117e-19
    outer loop
      vertex 4.464543735664523 5.928105473225913 1.5899999999999999
      vertex 4.45 6.15 1.5899999999999999
      vertex 4.45 6.15 2.4
    endloop
  endfacet
  facet normal 0.9978589232386034 -0.06540312923014555 6.858988617290117e-19
    outer loop
      vertex 4.45 6.15 1.5899999999999999
      vertex 4.464543735664523 6.371894526774088 1.5899999999999999
      vertex 4.464543735664523 6.371894526774088 2.4
    endloop
  endfacet
  facet normal 0.9807852804032305 -0.19509032201612758 -1.5575093488614863e-18
    outer loop
      vertex 4.464543735664523 6.371894526774088 1.5899999999999999
      vertex 4.5079260953085845 6.589992376674285 1.5899999999999999
      vertex 4.5079260953085845 6.589992376674285 2.4
    endloop
  endfacet
  facet normal 0.9469301294951059 0.3214394653031609 7.247976762063883e-19
    outer loop
      vertex 4.579404794730813 5.499438164979348 1.5899999999999999
      vertex 4.5079260953085845 5.7100076233257155 1.5899999999999999
      vertex 4.5079260953085845 5.7100076233257155 2.4
    endloop
  endfacet
  facet normal 0.9469301294951059 -0.3214394653031609 -7.247976762063883e-19
    outer loop
      vertex 4.5079260953085845 6.589992376674285 1.5899999999999999
      vertex 4.579404794730813 6.800561835020653 1.5899999999999999
      vertex 4.579404794730813 6.800561835020653 2.4
    endloop
  endfacet
  facet normal 0.8968727415326884 -0.4422886902190011 -7.59557961627115e-18
    outer loop
      vertex 4.579404794730813 6.800561835020653 1.5899999999999999
      vertex 4.677756813566455 7 1.5899999999999999
      vertex 4.677756813566455 7 2.4
    endloop
  endfacet
  facet normal 0.8314696123025446 -0.5555702330196033 -2.2699071275686e-18
    outer loop
      vertex 4.677756813566455 7 1.5899999999999999
      vertex 4.801299321504901 7.184894429314825 1.5899999999999999
      vertex 4.801299321504901 7.184894429314825 2.4
    endloop
  endfacet
  facet normal 0.75183980747898 -0.659345815100066 5.698838617043622e-18
    outer loop
      vertex 4.801299321504901 7.184894429314825 1.5899999999999999
      vertex 4.947918471982869 7.352081528017131 1.5899999999999999
      vertex 4.947918471982869 7.352081528017131 2.4
    endloop
  endfacet
  facet normal 0.659345815100066 -0.75183980747898 5.698838617043622e-18
    outer loop
      vertex 4.947918471982869 7.352081528017131 1.5899999999999999
      vertex 5.115105570685175 7.4987006784951 1.5899999999999999
      vertex 5.115105570685175 7.4987006784951 2.4
    endloop
  endfacet
  facet normal 0.5555702330196033 -0.8314696123025446 -2.2699071275686e-18
    outer loop
      vertex 5.115105570685175 7.4987006784951 1.5899999999999999
      vertex 5.300000000000001 7.622243186433546 1.5899999999999999
      vertex 5.300000000000001 7.622243186433546 2.4
    endloop
  endfacet
  facet normal 0.4422886902190011 -0.8968727415326884 -7.59557961627115e-18
    outer loop
      vertex 5.300000000000001 7.622243186433546 1.5899999999999999
      vertex 5.499438164979348 7.720595205269188 1.5899999999999999
      vertex 5.499438164979348 7.720595205269188 2.4
    endloop
  endfacet
  facet normal 0.3214394653031609 -0.9469301294951059 -7.247976762063883e-19
    outer loop
      vertex 5.499438164979348 7.720595205269188 1.5899999999999999
      vertex 5.7100076233257155 7.792073904691416 1.5899999999999999
      vertex 5.7100076233257155 7.792073904691416 2.4
    endloop
  endfacet
  facet normal 0.19509032201612758 -0.9807852804032305 -1.5575093488614863e-18
    outer loop
      vertex 5.7100076233257155 7.792073904691416 1.5899999999999999
      vertex 5.928105473225913 7.835456264335478 1.5899999999999999
      vertex 5.928105473225913 7.835456264335478 2.4
    endloop
  endfacet
  facet normal 0.06540312923014555 -0.9978589232386034 6.858988617290117e-19
    outer loop
      vertex 5.928105473225913 7.835456264335478 1.5899999999999999
      vertex 6.15 7.8500000000000005 1.5899999999999999
      vertex 6.15 7.8500000000000005 2.4
    endloop
  endfacet
  facet normal -0.06540312923014555 -0.9978589232386034 -6.858988617290117e-19
    outer loop
      vertex 6.15 7.8500000000000005 1.5899999999999999
      vertex 6.371894526774088 7.835456264335478 1.5899999999999999
      vertex 6.371894526774088 7.835456264335478 2.4
    endloop
  endfacet
  facet normal -0.3214394653031609 -0.9469301294951059 7.247976762063883e-19
    outer loop
      vertex 6.589992376674285 7.792073904691416 1.5899999999999999
      vertex 6.800561835020653 7.720595205269188 1.5899999999999999
      vertex 6.800561835020653 7.720595205269188 2.4
    endloop
  endfacet
  facet normal -0.19509032201612758 -0.9807852804032305 1.5575093488614863e-18
    outer loop
      vertex 6.371894526774088 7.835456264335478 1.5899999999999999
      vertex 6.589992376674285 7.792073904691416 1.5899999999999999
      vertex 6.589992376674285 7.792073904691416 2.4
    endloop
  endfacet
  facet normal -0.9469301294951059 0.3214394653031609 0
    outer loop
      vertex 7.720595205269188 5.499438164979348 1.5899999999999999
      vertex 7.720595205269188 5.499438164979348 2.4
      vertex 7.792073904691416 5.7100076233257155 1.5899999999999999
    endloop
  endfacet
  facet normal -0.9807852804032305 0.19509032201612758 0
    outer loop
      vertex 7.792073904691416 5.7100076233257155 1.5899999999999999
      vertex 7.792073904691416 5.7100076233257155 2.4
      vertex 7.835456264335478 5.928105473225913 1.5899999999999999
    endloop
  endfacet
  facet normal -0.9978589232386034 0.06540312923014555 0
    outer loop
      vertex 7.835456264335478 5.928105473225913 1.5899999999999999
      vertex 7.835456264335478 5.928105473225913 2.4
      vertex 7.8500000000000005 6.15 1.5899999999999999
    endloop
  endfacet
  facet normal -0.9978589232386034 -0.06540312923014555 0
    outer loop
      vertex 7.8500000000000005 6.15 1.5899999999999999
      vertex 7.8500000000000005 6.15 2.4
      vertex 7.835456264335478 6.371894526774088 1.5899999999999999
    endloop
  endfacet
  facet normal -0.9807852804032305 -0.19509032201612758 0
    outer loop
      vertex 7.835456264335478 6.371894526774088 1.5899999999999999
      vertex 7.835456264335478 6.371894526774088 2.4
      vertex 7.792073904691416 6.589992376674285 1.5899999999999999
    endloop
  endfacet
  facet normal -0.9469301294951059 -0.3214394653031609 0
    outer loop
      vertex 7.792073904691416 6.589992376674285 1.5899999999999999
      vertex 7.792073904691416 6.589992376674285 2.4
      vertex 7.720595205269188 6.800561835020653 1.5899999999999999
    endloop
  endfacet
  facet normal -0.8968727415326884 -0.4422886902190011 0
    outer loop
      vertex 7.720595205269188 6.800561835020653 1.5899999999999999
      vertex 7.720595205269188 6.800561835020653 2.4
      vertex 7.622243186433546 7 1.5899999999999999
    endloop
  endfacet
  facet normal -0.659345815100066 -0.75183980747898 -5.698838617043622e-18
    outer loop
      vertex 7.184894429314825 7.4987006784951 1.5899999999999999
      vertex 7.352081528017131 7.352081528017131 1.5899999999999999
      vertex 7.352081528017131 7.352081528017131 2.4
    endloop
  endfacet
  facet normal -0.5555702330196033 -0.8314696123025446 0
    outer loop
      vertex 7.184894429314825 7.4987006784951 1.5899999999999999
      vertex 7.184894429314825 7.4987006784951 2.4
      vertex 7 7.622243186433546 1.5899999999999999
    endloop
  endfacet
  facet normal -0.8314696123025446 -0.5555702330196033 0
    outer loop
      vertex 7.622243186433546 7 1.5899999999999999
      vertex 7.622243186433546 7 2.4
      vertex 7.4987006784951 7.184894429314825 1.5899999999999999
    endloop
  endfacet
  facet normal -0.75183980747898 -0.659345815100066 -5.698838617043622e-18
    outer loop
      vertex 7.352081528017131 7.352081528017131 1.5899999999999999
      vertex 7.4987006784951 7.184894429314825 1.5899999999999999
      vertex 7.4987006784951 7.184894429314825 2.4
    endloop
  endfacet
  facet normal -0.4422886902190011 -0.8968727415326884 0
    outer loop
      vertex 7 7.622243186433546 1.5899999999999999
      vertex 7 7.622243186433546 2.4
      vertex 6.800561835020653 7.720595205269188 1.5899999999999999
    endloop
  endfacet
  facet normal 0.659345815100066 0.75183980747898 0
    outer loop
      vertex 5.115105570685175 4.801299321504901 1.5899999999999999
      vertex 4.947918471982869 4.947918471982869 2.4
      vertex 5.115105570685175 4.801299321504901 2.4
    endloop
  endfacet
  facet normal 0.5555702330196033 0.8314696123025446 0
    outer loop
      vertex 5.300000000000001 4.677756813566455 1.5899999999999999
      vertex 5.115105570685175 4.801299321504901 2.4
      vertex 5.300000000000001 4.677756813566455 2.4
    endloop
  endfacet
  facet normal 0.4422886902190011 0.8968727415326884 0
    outer loop
      vertex 5.499438164979348 4.579404794730813 1.5899999999999999
      vertex 5.300000000000001 4.677756813566455 2.4
      vertex 5.499438164979348 4.579404794730813 2.4
    endloop
  endfacet
  facet normal 0.3214394653031609 0.9469301294951059 0
    outer loop
      vertex 5.7100076233257155 4.5079260953085845 1.5899999999999999
      vertex 5.499438164979348 4.579404794730813 2.4
      vertex 5.7100076233257155 4.5079260953085845 2.4
    endloop
  endfacet
  facet normal 0.8314696123025446 0.5555702330196033 0
    outer loop
      vertex 4.801299321504901 5.115105570685175 1.5899999999999999
      vertex 4.677756813566455 5.300000000000001 2.4
      vertex 4.801299321504901 5.115105570685175 2.4
    endloop
  endfacet
  facet normal 0.75183980747898 0.659345815100066 0
    outer loop
      vertex 4.947918471982869 4.947918471982869 1.5899999999999999
      vertex 4.801299321504901 5.115105570685175 2.4
      vertex 4.947918471982869 4.947918471982869 2.4
    endloop
  endfacet
  facet normal 0.8968727415326884 0.4422886902190011 0
    outer loop
      vertex 4.677756813566455 5.300000000000001 1.5899999999999999
      vertex 4.579404794730813 5.499438164979348 2.4
      vertex 4.677756813566455 5.300000000000001 2.4
    endloop
  endfacet
  facet normal 0.19509032201612758 0.9807852804032305 0
    outer loop
      vertex 5.928105473225913 4.464543735664523 1.5899999999999999
      vertex 5.7100076233257155 4.5079260953085845 2.4
      vertex 5.928105473225913 4.464543735664523 2.4
    endloop
  endfacet
  facet normal 0.06540312923014555 0.9978589232386034 0
    outer loop
      vertex 6.15 4.45 1.5899999999999999
      vertex 5.928105473225913 4.464543735664523 2.4
      vertex 6.15 4.45 2.4
    endloop
  endfacet
  facet normal -0.06540312923014555 0.9978589232386034 0
    outer loop
      vertex 6.371894526774088 4.464543735664523 1.5899999999999999
      vertex 6.15 4.45 2.4
      vertex 6.371894526774088 4.464543735664523 2.4
    endloop
  endfacet
  facet normal -0.19509032201612758 0.9807852804032305 0
    outer loop
      vertex 6.589992376674285 4.5079260953085845 1.5899999999999999
      vertex 6.371894526774088 4.464543735664523 2.4
      vertex 6.589992376674285 4.5079260953085845 2.4
    endloop
  endfacet
  facet normal -0.3214394653031609 0.9469301294951059 0
    outer loop
      vertex 6.800561835020653 4.579404794730813 1.5899999999999999
      vertex 6.589992376674285 4.5079260953085845 2.4
      vertex 6.800561835020653 4.579404794730813 2.4
    endloop
  endfacet
  facet normal -0.4422886902190011 0.8968727415326884 0
    outer loop
      vertex 7 4.677756813566455 1.5899999999999999
      vertex 6.800561835020653 4.579404794730813 2.4
      vertex 7 4.677756813566455 2.4
    endloop
  endfacet
  facet normal -0.5555702330196033 0.8314696123025446 0
    outer loop
      vertex 7.184894429314825 4.801299321504901 1.5899999999999999
      vertex 7 4.677756813566455 2.4
      vertex 7.184894429314825 4.801299321504901 2.4
    endloop
  endfacet
  facet normal -0.659345815100066 0.75183980747898 0
    outer loop
      vertex 7.352081528017131 4.947918471982869 1.5899999999999999
      vertex 7.184894429314825 4.801299321504901 2.4
      vertex 7.352081528017131 4.947918471982869 2.4
    endloop
  endfacet
  facet normal -0.75183980747898 0.659345815100066 0
    outer loop
      vertex 7.4987006784951 5.115105570685175 1.5899999999999999
      vertex 7.352081528017131 4.947918471982869 2.4
      vertex 7.4987006784951 5.115105570685175 2.4
    endloop
  endfacet
  facet normal -0.8314696123025446 0.5555702330196033 0
    outer loop
      vertex 7.622243186433546 5.300000000000001 1.5899999999999999
      vertex 7.4987006784951 5.115105570685175 2.4
      vertex 7.622243186433546 5.300000000000001 2.4
    endloop
  endfacet
  facet normal -0.8968727415326884 0.4422886902190011 0
    outer loop
      vertex 7.720595205269188 5.499438164979348 1.5899999999999999
      vertex 7.622243186433546 5.300000000000001 2.4
      vertex 7.720595205269188 5.499438164979348 2.4
    endloop
  endfacet
  facet normal 0.9807852804032305 0.19509032201612758 0
    outer loop
      vertex 4.5079260953085845 5.7100076233257155 1.5899999999999999
      vertex 4.464543735664523 5.928105473225913 2.4
      vertex 4.5079260953085845 5.7100076233257155 2.4
    endloop
  endfacet
  facet normal 0.9978589232386034 0.06540312923014555 0
    outer loop
      vertex 4.464543735664523 5.928105473225913 1.5899999999999999
      vertex 4.45 6.15 2.4
      vertex 4.464543735664523 5.928105473225913 2.4
    endloop
  endfacet
  facet normal 0.9978589232386034 -0.06540312923014555 0
    outer loop
      vertex 4.45 6.15 1.5899999999999999
      vertex 4.464543735664523 6.371894526774088 2.4
      vertex 4.45 6.15 2.4
    endloop
  endfacet
  facet normal 0.9807852804032305 -0.19509032201612758 0
    outer loop
      vertex 4.464543735664523 6.371894526774088 1.5899999999999999
      vertex 4.5079260953085845 6.589992376674285 2.4
      vertex 4.464543735664523 6.371894526774088 2.4
    endloop
  endfacet
  facet normal 0.9469301294951059 0.3214394653031609 0
    outer loop
      vertex 4.579404794730813 5.499438164979348 1.5899999999999999
      vertex 4.5079260953085845 5.7100076233257155 2.4
      vertex 4.579404794730813 5.499438164979348 2.4
    endloop
  endfacet
  facet normal 0.9469301294951059 -0.3214394653031609 0
    outer loop
      vertex 4.5079260953085845 6.589992376674285 1.5899999999999999
      vertex 4.579404794730813 6.800561835020653 2.4
      vertex 4.5079260953085845 6.589992376674285 2.4
    endloop
  endfacet
  facet normal 0.8968727415326884 -0.4422886902190011 0
    outer loop
      vertex 4.579404794730813 6.800561835020653 1.5899999999999999
      vertex 4.677756813566455 7 2.4
      vertex 4.579404794730813 6.800561835020653 2.4
    endloop
  endfacet
  facet normal 0.8314696123025446 -0.5555702330196033 0
    outer loop
      vertex 4.677756813566455 7 1.5899999999999999
      vertex 4.801299321504901 7.184894429314825 2.4
      vertex 4.677756813566455 7 2.4
    endloop
  endfacet
  facet normal 0.75183980747898 -0.659345815100066 0
    outer loop
      vertex 4.801299321504901 7.184894429314825 1.5899999999999999
      vertex 4.947918471982869 7.352081528017131 2.4
      vertex 4.801299321504901 7.184894429314825 2.4
    endloop
  endfacet
  facet normal 0.659345815100066 -0.75183980747898 0
    outer loop
      vertex 4.947918471982869 7.352081528017131 1.5899999999999999
      vertex 5.115105570685175 7.4987006784951 2.4
      vertex 4.947918471982869 7.352081528017131 2.4
    endloop
  endfacet
  facet normal 0.5555702330196033 -0.8314696123025446 0
    outer loop
      vertex 5.115105570685175 7.4987006784951 1.5899999999999999
      vertex 5.300000000000001 7.622243186433546 2.4
      vertex 5.115105570685175 7.4987006784951 2.4
    endloop
  endfacet
  facet normal 0.4422886902190011 -0.8968727415326884 0
    outer loop
      vertex 5.300000000000001 7.622243186433546 1.5899999999999999
      vertex 5.499438164979348 7.720595205269188 2.4
      vertex 5.300000000000001 7.622243186433546 2.4
    endloop
  endfacet
  facet normal 0.3214394653031609 -0.9469301294951059 0
    outer loop
      vertex 5.499438164979348 7.720595205269188 1.5899999999999999
      vertex 5.7100076233257155 7.792073904691416 2.4
      vertex 5.499438164979348 7.720595205269188 2.4
    endloop
  endfacet
  facet normal 0.19509032201612758 -0.9807852804032305 0
    outer loop
      vertex 5.7100076233257155 7.792073904691416 1.5899999999999999
      vertex 5.928105473225913 7.835456264335478 2.4
      vertex 5.7100076233257155 7.792073904691416 2.4
    endloop
  endfacet
  facet normal 0.06540312923014555 -0.9978589232386034 0
    outer loop
      vertex 5.928105473225913 7.835456264335478 1.5899999999999999
      vertex 6.15 7.8500000000000005 2.4
      vertex 5.928105473225913 7.835456264335478 2.4
    endloop
  endfacet
  facet normal -0.06540312923014555 -0.9978589232386034 0
    outer loop
      vertex 6.15 7.8500000000000005 1.5899999999999999
      vertex 6.371894526774088 7.835456264335478 2.4
      vertex 6.15 7.8500000000000005 2.4
    endloop
  endfacet
  facet normal -0.19509032201612758 -0.9807852804032305 0
    outer loop
      vertex 6.371894526774088 7.835456264335478 1.5899999999999999
      vertex 6.589992376674285 7.792073904691416 2.4
      vertex 6.371894526774088 7.835456264335478 2.4
    endloop
  endfacet
  facet normal -0.3214394653031609 -0.9469301294951059 0
    outer loop
      vertex 6.589992376674285 7.792073904691416 1.5899999999999999
      vertex 6.800561835020653 7.720595205269188 2.4
      vertex 6.589992376674285 7.792073904691416 2.4
    endloop
  endfacet
  facet normal -0.9469301294951059 0.3214394653031609 0
    outer loop
      vertex 7.792073904691416 5.7100076233257155 1.5899999999999999
      vertex 7.720595205269188 5.499438164979348 2.4
      vertex 7.792073904691416 5.7100076233257155 2.4
    endloop
  endfacet
  facet normal -0.9807852804032305 0.19509032201612758 0
    outer loop
      vertex 7.835456264335478 5.928105473225913 1.5899999999999999
      vertex 7.792073904691416 5.7100076233257155 2.4
      vertex 7.835456264335478 5.928105473225913 2.4
    endloop
  endfacet
  facet normal -0.9978589232386034 0.06540312923014555 0
    outer loop
      vertex 7.8500000000000005 6.15 1.5899999999999999
      vertex 7.835456264335478 5.928105473225913 2.4
      vertex 7.8500000000000005 6.15 2.4
    endloop
  endfacet
  facet normal -0.9978589232386034 -0.06540312923014555 0
    outer loop
      vertex 7.835456264335478 6.371894526774088 1.5899999999999999
      vertex 7.8500000000000005 6.15 2.4
      vertex 7.835456264335478 6.371894526774088 2.4
    endloop
  endfacet
  facet normal -0.9807852804032305 -0.19509032201612758 0
    outer loop
      vertex 7.792073904691416 6.589992376674285 1.5899999999999999
      vertex 7.835456264335478 6.371894526774088 2.4
      vertex 7.792073904691416 6.589992376674285 2.4
    endloop
  endfacet
  facet normal -0.9469301294951059 -0.3214394653031609 0
    outer loop
      vertex 7.720595205269188 6.800561835020653 1.5899999999999999
      vertex 7.792073904691416 6.589992376674285 2.4
      vertex 7.720595205269188 6.800561835020653 2.4
    endloop
  endfacet
  facet normal -0.8968727415326884 -0.4422886902190011 0
    outer loop
      vertex 7.622243186433546 7 1.5899999999999999
      vertex 7.720595205269188 6.800561835020653 2.4
      vertex 7.622243186433546 7 2.4
    endloop
  endfacet
  facet normal -0.5555702330196033 -0.8314696123025446 0
    outer loop
      vertex 7 7.622243186433546 1.5899999999999999
      vertex 7.184894429314825 7.4987006784951 2.4
      vertex 7 7.622243186433546 2.4
    endloop
  endfacet
  facet normal -0.659345815100066 -0.75183980747898 0
    outer loop
      vertex 7.184894429314825 7.4987006784951 1.5899999999999999
      vertex 7.352081528017131 7.352081528017131 2.4
      vertex 7.184894429314825 7.4987006784951 2.4
    endloop
  endfacet
  facet normal -0.8314696123025446 -0.5555702330196033 0
    outer loop
      vertex 7.4987006784951 7.184894429314825 1.5899999999999999
      vertex 7.622243186433546 7 2.4
      vertex 7.4987006784951 7.184894429314825 2.4
    endloop
  endfacet
  facet normal -0.75183980747898 -0.659345815100066 0
    outer loop
      vertex 7.352081528017131 7.352081528017131 1.5899999999999999
      vertex 7.4987006784951 7.184894429314825 2.4
      vertex 7.352081528017131 7.352081528017131 2.4
    endloop
  endfacet
  facet normal -0.4422886902190011 -0.8968727415326884 0
    outer loop
      vertex 6.800561835020653 7.720595205269188 1.5899999999999999
      vertex 7 7.622243186433546 2.4
      vertex 6.800561835020653 7.720595205269188 2.4
    endloop
  endfacet
  facet normal 0.4667272787359288 0.5322004619635772 -0.7063485793639779
    outer loop
      vertex 4.947918471982869 4.947918471982869 1.5899999999999999
      vertex 4.1471748985613095 3.539867510441837 0
      vertex 3.823618689896259 3.823618689896259 0
    endloop
  endfacet
  facet normal 0.5885675477331838 0.393268262367861 -0.706348579363978
    outer loop
      vertex 4.677756813566455 5.300000000000001 1.5899999999999999
      vertex 3.539867510441837 4.1471748985613095 0
      vertex 3.3007764215491977 4.505 0
    endloop
  endfacet
  facet normal 0.5322004619635771 0.4667272787359286 -0.706348579363978
    outer loop
      vertex 4.801299321504901 5.115105570685175 1.5899999999999999
      vertex 3.823618689896259 3.823618689896259 0
      vertex 3.539867510441837 4.1471748985613095 0
    endloop
  endfacet
  facet normal 0.6348640795793229 0.3130803169961174 -0.706348579363978
    outer loop
      vertex 4.579404794730813 5.499438164979348 1.5899999999999999
      vertex 3.3007764215491977 4.505 0
      vertex 3.110436338037867 4.890971507518855 0
    endloop
  endfacet
  facet normal 0.6702979110062838 0.22753548059830636 -0.7063485793639779
    outer loop
      vertex 4.5079260953085845 5.7100076233257155 1.5899999999999999
      vertex 3.110436338037867 4.890971507518855 0
      vertex 2.972104031508966 5.298485341612707 0
    endloop
  endfacet
  facet normal 0.1380974490427072 0.6942627593342359 -0.7063485793639779
    outer loop
      vertex 5.7100076233257155 4.5079260953085845 1.5899999999999999
      vertex 5.720568827596031 2.888146406080164 0
      vertex 5.298485341612707 2.972104031508966 0
    endloop
  endfacet
  facet normal 0.3130803169961174 0.634864079579323 -0.7063485793639779
    outer loop
      vertex 5.300000000000001 4.677756813566455 1.5899999999999999
      vertex 4.890971507518855 3.110436338037867 0
      vertex 4.505 3.3007764215491977 0
    endloop
  endfacet
  facet normal 0.3932682623678608 0.5885675477331838 -0.706348579363978
    outer loop
      vertex 5.115105570685175 4.801299321504901 1.5899999999999999
      vertex 4.505 3.3007764215491977 0
      vertex 4.1471748985613095 3.539867510441837 0
    endloop
  endfacet
  facet normal 0.22753548059830653 0.6702979110062838 -0.7063485793639779
    outer loop
      vertex 5.499438164979348 4.579404794730813 1.5899999999999999
      vertex 5.298485341612707 2.972104031508966 0
      vertex 4.890971507518855 3.110436338037867 0
    endloop
  endfacet
  facet normal 0.046296531846139154 0.7063485793639778 -0.706348579363978
    outer loop
      vertex 5.928105473225913 4.464543735664523 1.5899999999999999
      vertex 6.15 2.8600000000000003 0
      vertex 5.720568827596031 2.888146406080164 0
    endloop
  endfacet
  facet normal -0.04629653184613901 0.7063485793639778 -0.7063485793639778
    outer loop
      vertex 6.15 4.45 1.5899999999999999
      vertex 6.57943117240397 2.888146406080164 0
      vertex 6.15 2.8600000000000003 0
    endloop
  endfacet
  facet normal -0.1380974490427072 0.6942627593342358 -0.706348579363978
    outer loop
      vertex 6.371894526774088 4.464543735664523 1.5899999999999999
      vertex 7.001514658387293 2.972104031508966 0
      vertex 6.57943117240397 2.888146406080164 0
    endloop
  endfacet
  facet normal -0.22753548059830644 0.6702979110062838 -0.7063485793639778
    outer loop
      vertex 6.589992376674285 4.5079260953085845 1.5899999999999999
      vertex 7.409028492481146 3.110436338037867 0
      vertex 7.001514658387293 2.972104031508966 0
    endloop
  endfacet
  facet normal -0.31308031699611744 0.634864079579323 -0.7063485793639778
    outer loop
      vertex 6.800561835020653 4.579404794730813 1.5899999999999999
      vertex 7.795000000000001 3.3007764215491977 0
      vertex 7.409028492481146 3.110436338037867 0
    endloop
  endfacet
  facet normal -0.39326826236786155 0.5885675477331834 -0.7063485793639778
    outer loop
      vertex 7 4.677756813566455 1.5899999999999999
      vertex 8.15282510143869 3.539867510441837 0
      vertex 7.795000000000001 3.3007764215491977 0
    endloop
  endfacet
  facet normal -0.46672727873592795 0.532200461963578 -0.7063485793639779
    outer loop
      vertex 7.184894429314825 4.801299321504901 1.5899999999999999
      vertex 8.476381310103742 3.823618689896259 0
      vertex 8.15282510143869 3.539867510441837 0
    endloop
  endfacet
  facet normal -0.5322004619635777 0.46672727873592823 -0.7063485793639779
    outer loop
      vertex 7.352081528017131 4.947918471982869 1.5899999999999999
      vertex 8.760132489558163 4.1471748985613095 0
      vertex 8.476381310103742 3.823618689896259 0
    endloop
  endfacet
  facet normal -0.5885675477331824 0.3932682623678629 -0.706348579363978
    outer loop
      vertex 7.4987006784951 5.115105570685175 1.5899999999999999
      vertex 8.999223578450804 4.505 0
      vertex 8.760132489558163 4.1471748985613095 0
    endloop
  endfacet
  facet normal -0.634864079579323 0.31308031699611666 -0.7063485793639781
    outer loop
      vertex 7.622243186433546 5.300000000000001 1.5899999999999999
      vertex 9.189563661962135 4.890971507518855 0
      vertex 8.999223578450804 4.505 0
    endloop
  endfacet
  facet normal -0.6702979110062841 0.22753548059830542 -0.706348579363978
    outer loop
      vertex 7.720595205269188 5.499438164979348 1.5899999999999999
      vertex 9.327895968491035 5.298485341612707 0
      vertex 9.189563661962135 4.890971507518855 0
    endloop
  endfacet
  facet normal 0.532200461963579 0.46672727873592695 -0.7063485793639778
    outer loop
      vertex 4.947918471982869 4.947918471982869 1.5899999999999999
      vertex 3.823618689896259 3.823618689896259 0
      vertex 4.801299321504901 5.115105570685175 1.5899999999999999
    endloop
  endfacet
  facet normal 0.5885675477331834 0.3932682623678615 -0.706348579363978
    outer loop
      vertex 4.801299321504901 5.115105570685175 1.5899999999999999
      vertex 3.539867510441837 4.1471748985613095 0
      vertex 4.677756813566455 5.300000000000001 1.5899999999999999
    endloop
  endfacet
  facet normal 0.6348640795793231 0.31308031699611705 -0.7063485793639779
    outer loop
      vertex 4.677756813566455 5.300000000000001 1.5899999999999999
      vertex 3.3007764215491977 4.505 0
      vertex 4.579404794730813 5.499438164979348 1.5899999999999999
    endloop
  endfacet
  facet normal 0.6702979110062838 0.22753548059830658 -0.7063485793639779
    outer loop
      vertex 4.579404794730813 5.499438164979348 1.5899999999999999
      vertex 3.110436338037867 4.890971507518855 0
      vertex 4.5079260953085845 5.7100076233257155 1.5899999999999999
    endloop
  endfacet
  facet normal 0.31308031699611694 0.634864079579323 -0.7063485793639779
    outer loop
      vertex 5.499438164979348 4.579404794730813 1.5899999999999999
      vertex 4.890971507518855 3.110436338037867 0
      vertex 5.300000000000001 4.677756813566455 1.5899999999999999
    endloop
  endfacet
  facet normal 0.22753548059830658 0.6702979110062838 -0.7063485793639779
    outer loop
      vertex 5.499438164979348 4.579404794730813 1.5899999999999999
      vertex 5.7100076233257155 4.5079260953085845 1.5899999999999999
      vertex 5.298485341612707 2.972104031508966 0
    endloop
  endfacet
  facet normal 0.13809744904270618 0.694262759334236 -0.706348579363978
    outer loop
      vertex 5.928105473225913 4.464543735664523 1.5899999999999999
      vertex 5.720568827596031 2.888146406080164 0
      vertex 5.7100076233257155 4.5079260953085845 1.5899999999999999
    endloop
  endfacet
  facet normal 0.046296531846141 0.7063485793639778 -0.7063485793639778
    outer loop
      vertex 5.928105473225913 4.464543735664523 1.5899999999999999
      vertex 6.15 4.45 1.5899999999999999
      vertex 6.15 2.8600000000000003 0
    endloop
  endfacet
  facet normal -0.04629653184614098 0.7063485793639775 -0.706348579363978
    outer loop
      vertex 6.15 4.45 1.5899999999999999
      vertex 6.371894526774088 4.464543735664523 1.5899999999999999
      vertex 6.57943117240397 2.888146406080164 0
    endloop
  endfacet
  facet normal -0.1380974490427062 0.6942627593342361 -0.7063485793639779
    outer loop
      vertex 6.371894526774088 4.464543735664523 1.5899999999999999
      vertex 6.589992376674285 4.5079260953085845 1.5899999999999999
      vertex 7.001514658387293 2.972104031508966 0
    endloop
  endfacet
  facet normal 0.4667272787359268 0.5322004619635787 -0.7063485793639781
    outer loop
      vertex 4.947918471982869 4.947918471982869 1.5899999999999999
      vertex 5.115105570685175 4.801299321504901 1.5899999999999999
      vertex 4.1471748985613095 3.539867510441837 0
    endloop
  endfacet
  facet normal 0.3932682623678615 0.5885675477331834 -0.7063485793639779
    outer loop
      vertex 5.300000000000001 4.677756813566455 1.5899999999999999
      vertex 4.505 3.3007764215491977 0
      vertex 5.115105570685175 4.801299321504901 1.5899999999999999
    endloop
  endfacet
  facet normal -0.22753548059830658 0.6702979110062838 -0.7063485793639779
    outer loop
      vertex 6.589992376674285 4.5079260953085845 1.5899999999999999
      vertex 6.800561835020653 4.579404794730813 1.5899999999999999
      vertex 7.409028492481146 3.110436338037867 0
    endloop
  endfacet
  facet normal -0.31308031699611705 0.6348640795793231 -0.7063485793639779
    outer loop
      vertex 6.800561835020653 4.579404794730813 1.5899999999999999
      vertex 7 4.677756813566455 1.5899999999999999
      vertex 7.795000000000001 3.3007764215491977 0
    endloop
  endfacet
  facet normal -0.3932682623678615 0.5885675477331834 -0.7063485793639779
    outer loop
      vertex 7 4.677756813566455 1.5899999999999999
      vertex 7.184894429314825 4.801299321504901 1.5899999999999999
      vertex 8.15282510143869 3.539867510441837 0
    endloop
  endfacet
  facet normal -0.46672727873592695 0.532200461963579 -0.7063485793639778
    outer loop
      vertex 7.184894429314825 4.801299321504901 1.5899999999999999
      vertex 7.352081528017131 4.947918471982869 1.5899999999999999
      vertex 8.476381310103742 3.823618689896259 0
    endloop
  endfacet
  facet normal -0.5322004619635787 0.46672727873592684 -0.7063485793639779
    outer loop
      vertex 7.352081528017131 4.947918471982869 1.5899999999999999
      vertex 7.4987006784951 5.115105570685175 1.5899999999999999
      vertex 8.760132489558163 4.1471748985613095 0
    endloop
  endfacet
  facet normal -0.5885675477331832 0.3932682623678614 -0.7063485793639781
    outer loop
      vertex 7.4987006784951 5.115105570685175 1.5899999999999999
      vertex 7.622243186433546 5.300000000000001 1.5899999999999999
      vertex 8.999223578450804 4.505 0
    endloop
  endfacet
  facet normal -0.6348640795793229 0.3130803169961169 -0.7063485793639781
    outer loop
      vertex 7.622243186433546 5.300000000000001 1.5899999999999999
      vertex 7.720595205269188 5.499438164979348 1.5899999999999999
      vertex 9.189563661962135 4.890971507518855 0
    endloop
  endfacet
  facet normal -0.6702979110062838 0.22753548059830658 -0.7063485793639779
    outer loop
      vertex 7.720595205269188 5.499438164979348 1.5899999999999999
      vertex 7.792073904691416 5.7100076233257155 1.5899999999999999
      vertex 9.327895968491035 5.298485341612707 0
    endloop
  endfacet
  facet normal 0.6942627593342359 0.13809744904270715 -0.706348579363978
    outer loop
      vertex 4.464543735664523 5.928105473225913 1.5899999999999999
      vertex 2.972104031508966 5.298485341612707 0
      vertex 2.888146406080164 5.720568827596031 0
    endloop
  endfacet
  facet normal 0.7063485793639778 0.04629653184613944 -0.7063485793639778
    outer loop
      vertex 4.45 6.15 1.5899999999999999
      vertex 2.888146406080164 5.720568827596031 0
      vertex 2.8600000000000003 6.15 0
    endloop
  endfacet
  facet normal 0.7063485793639778 -0.046296531846139286 -0.706348579363978
    outer loop
      vertex 4.464543735664523 6.371894526774088 1.5899999999999999
      vertex 2.8600000000000003 6.15 0
      vertex 2.888146406080164 6.57943117240397 0
    endloop
  endfacet
  facet normal 0.6942627593342359 -0.13809744904270715 -0.7063485793639779
    outer loop
      vertex 4.5079260953085845 6.589992376674285 1.5899999999999999
      vertex 2.888146406080164 6.57943117240397 0
      vertex 2.972104031508966 7.001514658387293 0
    endloop
  endfacet
  facet normal 0.6702979110062838 -0.22753548059830672 -0.7063485793639779
    outer loop
      vertex 4.579404794730813 6.800561835020653 1.5899999999999999
      vertex 2.972104031508966 7.001514658387293 0
      vertex 3.110436338037867 7.409028492481146 0
    endloop
  endfacet
  facet normal 0.634864079579323 -0.31308031699611744 -0.7063485793639778
    outer loop
      vertex 4.677756813566455 7 1.5899999999999999
      vertex 3.110436338037867 7.409028492481146 0
      vertex 3.3007764215491977 7.795000000000001 0
    endloop
  endfacet
  facet normal 0.5885675477331833 -0.39326826236786155 -0.706348579363978
    outer loop
      vertex 4.801299321504901 7.184894429314825 1.5899999999999999
      vertex 3.3007764215491977 7.795000000000001 0
      vertex 3.539867510441837 8.15282510143869 0
    endloop
  endfacet
  facet normal 0.532200461963578 -0.46672727873592806 -0.7063485793639778
    outer loop
      vertex 4.947918471982869 7.352081528017131 1.5899999999999999
      vertex 3.539867510441837 8.15282510143869 0
      vertex 3.823618689896259 8.476381310103742 0
    endloop
  endfacet
  facet normal 0.46672727873592806 -0.5322004619635776 -0.7063485793639779
    outer loop
      vertex 5.115105570685175 7.4987006784951 1.5899999999999999
      vertex 3.823618689896259 8.476381310103742 0
      vertex 4.1471748985613095 8.760132489558163 0
    endloop
  endfacet
  facet normal -0.6942627593342359 0.13809744904270715 -0.7063485793639779
    outer loop
      vertex 7.792073904691416 5.7100076233257155 1.5899999999999999
      vertex 9.411853593919837 5.720568827596031 0
      vertex 9.327895968491035 5.298485341612707 0
    endloop
  endfacet
  facet normal -0.7063485793639778 0.04629653184613791 -0.7063485793639779
    outer loop
      vertex 7.835456264335478 5.928105473225913 1.5899999999999999
      vertex 9.44 6.15 0
      vertex 9.411853593919837 5.720568827596031 0
    endloop
  endfacet
  facet normal -0.7063485793639781 -0.04629653184613799 -0.7063485793639777
    outer loop
      vertex 7.8500000000000005 6.15 1.5899999999999999
      vertex 9.411853593919837 6.57943117240397 0
      vertex 9.44 6.15 0
    endloop
  endfacet
  facet normal -0.6942627593342359 -0.13809744904270715 -0.706348579363978
    outer loop
      vertex 7.835456264335478 6.371894526774088 1.5899999999999999
      vertex 9.327895968491035 7.001514658387293 0
      vertex 9.411853593919837 6.57943117240397 0
    endloop
  endfacet
  facet normal -0.6702979110062842 -0.2275354805983051 -0.7063485793639779
    outer loop
      vertex 7.792073904691416 6.589992376674285 1.5899999999999999
      vertex 9.189563661962135 7.409028492481146 0
      vertex 9.327895968491035 7.001514658387293 0
    endloop
  endfacet
  facet normal -0.634864079579323 -0.3130803169961166 -0.7063485793639782
    outer loop
      vertex 7.720595205269188 6.800561835020653 1.5899999999999999
      vertex 8.999223578450804 7.795000000000001 0
      vertex 9.189563661962135 7.409028492481146 0
    endloop
  endfacet
  facet normal -0.5885675477331819 -0.3932682623678635 -0.706348579363978
    outer loop
      vertex 7.622243186433546 7 1.5899999999999999
      vertex 8.760132489558163 8.15282510143869 0
      vertex 8.999223578450804 7.795000000000001 0
    endloop
  endfacet
  facet normal -0.5322004619635783 -0.46672727873592756 -0.7063485793639778
    outer loop
      vertex 7.4987006784951 7.184894429314825 1.5899999999999999
      vertex 8.476381310103742 8.476381310103742 0
      vertex 8.760132489558163 8.15282510143869 0
    endloop
  endfacet
  facet normal -0.4667272787359276 -0.5322004619635783 -0.7063485793639778
    outer loop
      vertex 7.352081528017131 7.352081528017131 1.5899999999999999
      vertex 8.15282510143869 8.760132489558163 0
      vertex 8.476381310103742 8.476381310103742 0
    endloop
  endfacet
  facet normal 0.3932682623678629 -0.5885675477331822 -0.706348579363978
    outer loop
      vertex 5.300000000000001 7.622243186433546 1.5899999999999999
      vertex 4.1471748985613095 8.760132489558163 0
      vertex 4.505 8.999223578450804 0
    endloop
  endfacet
  facet normal 0.3130803169961166 -0.6348640795793231 -0.7063485793639781
    outer loop
      vertex 5.499438164979348 7.720595205269188 1.5899999999999999
      vertex 4.505 8.999223578450804 0
      vertex 4.890971507518855 9.189563661962135 0
    endloop
  endfacet
  facet normal 0.2275354805983051 -0.6702979110062842 -0.7063485793639779
    outer loop
      vertex 5.7100076233257155 7.792073904691416 1.5899999999999999
      vertex 4.890971507518855 9.189563661962135 0
      vertex 5.298485341612707 9.327895968491035 0
    endloop
  endfacet
  facet normal 0.1380974490427072 -0.6942627593342358 -0.706348579363978
    outer loop
      vertex 5.928105473225913 7.835456264335478 1.5899999999999999
      vertex 5.298485341612707 9.327895968491035 0
      vertex 5.720568827596031 9.411853593919837 0
    endloop
  endfacet
  facet normal 0.04629653184613765 -0.7063485793639781 -0.7063485793639777
    outer loop
      vertex 6.15 7.8500000000000005 1.5899999999999999
      vertex 5.720568827596031 9.411853593919837 0
      vertex 6.15 9.44 0
    endloop
  endfacet
  facet normal -0.04629653184613771 -0.7063485793639779 -0.7063485793639779
    outer loop
      vertex 6.371894526774088 7.835456264335478 1.5899999999999999
      vertex 6.15 9.44 0
      vertex 6.57943117240397 9.411853593919837 0
    endloop
  endfacet
  facet normal -0.1380974490427072 -0.6942627593342359 -0.7063485793639779
    outer loop
      vertex 6.589992376674285 7.792073904691416 1.5899999999999999
      vertex 6.57943117240397 9.411853593919837 0
      vertex 7.001514658387293 9.327895968491035 0
    endloop
  endfacet
  facet normal -0.22753548059830522 -0.6702979110062841 -0.706348579363978
    outer loop
      vertex 6.800561835020653 7.720595205269188 1.5899999999999999
      vertex 7.001514658387293 9.327895968491035 0
      vertex 7.409028492481146 9.189563661962135 0
    endloop
  endfacet
  facet normal -0.31308031699611655 -0.6348640795793231 -0.7063485793639781
    outer loop
      vertex 7 7.622243186433546 1.5899999999999999
      vertex 7.409028492481146 9.189563661962135 0
      vertex 7.795000000000001 8.999223578450804 0
    endloop
  endfacet
  facet normal -0.3932682623678636 -0.5885675477331819 -0.7063485793639779
    outer loop
      vertex 7.184894429314825 7.4987006784951 1.5899999999999999
      vertex 7.795000000000001 8.999223578450804 0
      vertex 8.15282510143869 8.760132489558163 0
    endloop
  endfacet
  facet normal 0.7063485793639775 0.04629653184614098 -0.706348579363978
    outer loop
      vertex 4.464543735664523 5.928105473225913 1.5899999999999999
      vertex 2.888146406080164 5.720568827596031 0
      vertex 4.45 6.15 1.5899999999999999
    endloop
  endfacet
  facet normal 0.7063485793639778 -0.046296531846141 -0.7063485793639778
    outer loop
      vertex 4.45 6.15 1.5899999999999999
      vertex 2.8600000000000003 6.15 0
      vertex 4.464543735664523 6.371894526774088 1.5899999999999999
    endloop
  endfacet
  facet normal 0.6942627593342361 0.1380974490427062 -0.7063485793639779
    outer loop
      vertex 4.464543735664523 5.928105473225913 1.5899999999999999
      vertex 4.5079260953085845 5.7100076233257155 1.5899999999999999
      vertex 2.972104031508966 5.298485341612707 0
    endloop
  endfacet
  facet normal 0.694262759334236 -0.13809744904270618 -0.706348579363978
    outer loop
      vertex 4.464543735664523 6.371894526774088 1.5899999999999999
      vertex 2.888146406080164 6.57943117240397 0
      vertex 4.5079260953085845 6.589992376674285 1.5899999999999999
    endloop
  endfacet
  facet normal 0.6702979110062838 -0.22753548059830658 -0.7063485793639779
    outer loop
      vertex 4.5079260953085845 6.589992376674285 1.5899999999999999
      vertex 2.972104031508966 7.001514658387293 0
      vertex 4.579404794730813 6.800561835020653 1.5899999999999999
    endloop
  endfacet
  facet normal 0.6348640795793231 -0.313080316996117 -0.7063485793639779
    outer loop
      vertex 4.579404794730813 6.800561835020653 1.5899999999999999
      vertex 3.110436338037867 7.409028492481146 0
      vertex 4.677756813566455 7 1.5899999999999999
    endloop
  endfacet
  facet normal 0.5885675477331834 -0.39326826236786155 -0.7063485793639779
    outer loop
      vertex 4.677756813566455 7 1.5899999999999999
      vertex 3.3007764215491977 7.795000000000001 0
      vertex 4.801299321504901 7.184894429314825 1.5899999999999999
    endloop
  endfacet
  facet normal 0.5322004619635788 -0.4667272787359269 -0.7063485793639779
    outer loop
      vertex 4.801299321504901 7.184894429314825 1.5899999999999999
      vertex 3.539867510441837 8.15282510143869 0
      vertex 4.947918471982869 7.352081528017131 1.5899999999999999
    endloop
  endfacet
  facet normal 0.46672727873592695 -0.532200461963579 -0.7063485793639778
    outer loop
      vertex 4.947918471982869 7.352081528017131 1.5899999999999999
      vertex 3.823618689896259 8.476381310103742 0
      vertex 5.115105570685175 7.4987006784951 1.5899999999999999
    endloop
  endfacet
  facet normal 0.3932682623678615 -0.5885675477331834 -0.7063485793639779
    outer loop
      vertex 5.115105570685175 7.4987006784951 1.5899999999999999
      vertex 4.1471748985613095 8.760132489558163 0
      vertex 5.300000000000001 7.622243186433546 1.5899999999999999
    endloop
  endfacet
  facet normal 0.3130803169961169 -0.6348640795793229 -0.7063485793639781
    outer loop
      vertex 5.300000000000001 7.622243186433546 1.5899999999999999
      vertex 4.505 8.999223578450804 0
      vertex 5.499438164979348 7.720595205269188 1.5899999999999999
    endloop
  endfacet
  facet normal 0.2275354805983065 -0.6702979110062836 -0.7063485793639781
    outer loop
      vertex 5.499438164979348 7.720595205269188 1.5899999999999999
      vertex 4.890971507518855 9.189563661962135 0
      vertex 5.7100076233257155 7.792073904691416 1.5899999999999999
    endloop
  endfacet
  facet normal 0.1380974490427062 -0.6942627593342361 -0.7063485793639779
    outer loop
      vertex 5.7100076233257155 7.792073904691416 1.5899999999999999
      vertex 5.298485341612707 9.327895968491035 0
      vertex 5.928105473225913 7.835456264335478 1.5899999999999999
    endloop
  endfacet
  facet normal -0.694262759334236 0.13809744904270618 -0.7063485793639781
    outer loop
      vertex 7.792073904691416 5.7100076233257155 1.5899999999999999
      vertex 7.835456264335478 5.928105473225913 1.5899999999999999
      vertex 9.411853593919837 5.720568827596031 0
    endloop
  endfacet
  facet normal -0.706348579363978 0.046296531846141006 -0.7063485793639777
    outer loop
      vertex 7.835456264335478 5.928105473225913 1.5899999999999999
      vertex 7.8500000000000005 6.15 1.5899999999999999
      vertex 9.44 6.15 0
    endloop
  endfacet
  facet normal -0.7063485793639775 -0.04629653184614098 -0.706348579363978
    outer loop
      vertex 7.8500000000000005 6.15 1.5899999999999999
      vertex 7.835456264335478 6.371894526774088 1.5899999999999999
      vertex 9.411853593919837 6.57943117240397 0
    endloop
  endfacet
  facet normal -0.6942627593342361 -0.1380974490427062 -0.7063485793639779
    outer loop
      vertex 7.835456264335478 6.371894526774088 1.5899999999999999
      vertex 7.792073904691416 6.589992376674285 1.5899999999999999
      vertex 9.327895968491035 7.001514658387293 0
    endloop
  endfacet
  facet normal -0.6702979110062836 -0.2275354805983065 -0.7063485793639781
    outer loop
      vertex 7.792073904691416 6.589992376674285 1.5899999999999999
      vertex 7.720595205269188 6.800561835020653 1.5899999999999999
      vertex 9.189563661962135 7.409028492481146 0
    endloop
  endfacet
  facet normal -0.22753548059830658 -0.6702979110062838 -0.7063485793639779
    outer loop
      vertex 6.589992376674285 7.792073904691416 1.5899999999999999
      vertex 7.001514658387293 9.327895968491035 0
      vertex 6.800561835020653 7.720595205269188 1.5899999999999999
    endloop
  endfacet
  facet normal -0.3130803169961169 -0.6348640795793229 -0.7063485793639781
    outer loop
      vertex 7 7.622243186433546 1.5899999999999999
      vertex 6.800561835020653 7.720595205269188 1.5899999999999999
      vertex 7.409028492481146 9.189563661962135 0
    endloop
  endfacet
  facet normal -0.3932682623678614 -0.5885675477331832 -0.7063485793639781
    outer loop
      vertex 7.184894429314825 7.4987006784951 1.5899999999999999
      vertex 7 7.622243186433546 1.5899999999999999
      vertex 7.795000000000001 8.999223578450804 0
    endloop
  endfacet
  facet normal -0.4667272787359269 -0.5322004619635788 -0.7063485793639778
    outer loop
      vertex 7.184894429314825 7.4987006784951 1.5899999999999999
      vertex 8.15282510143869 8.760132489558163 0
      vertex 7.352081528017131 7.352081528017131 1.5899999999999999
    endloop
  endfacet
  facet normal -0.532200461963579 -0.46672727873592695 -0.7063485793639778
    outer loop
      vertex 7.352081528017131 7.352081528017131 1.5899999999999999
      vertex 8.476381310103742 8.476381310103742 0
      vertex 7.4987006784951 7.184894429314825 1.5899999999999999
    endloop
  endfacet
  facet normal -0.6348640795793229 -0.3130803169961169 -0.7063485793639781
    outer loop
      vertex 7.720595205269188 6.800561835020653 1.5899999999999999
      vertex 7.622243186433546 7 1.5899999999999999
      vertex 8.999223578450804 7.795000000000001 0
    endloop
  endfacet
  facet normal -0.5885675477331835 -0.3932682623678616 -0.7063485793639778
    outer loop
      vertex 7.622243186433546 7 1.5899999999999999
      vertex 7.4987006784951 7.184894429314825 1.5899999999999999
      vertex 8.760132489558163 8.15282510143869 0
    endloop
  endfacet
  facet normal 0.04629653184614098 -0.7063485793639775 -0.7063485793639781
    outer loop
      vertex 5.928105473225913 7.835456264335478 1.5899999999999999
      vertex 5.720568827596031 9.411853593919837 0
      vertex 6.15 7.8500000000000005 1.5899999999999999
    endloop
  endfacet
  facet normal -0.04629653184614101 -0.706348579363978 -0.7063485793639775
    outer loop
      vertex 6.15 7.8500000000000005 1.5899999999999999
      vertex 6.15 9.44 0
      vertex 6.371894526774088 7.835456264335478 1.5899999999999999
    endloop
  endfacet
  facet normal -0.13809744904270618 -0.694262759334236 -0.706348579363978
    outer loop
      vertex 6.371894526774088 7.835456264335478 1.5899999999999999
      vertex 6.57943117240397 9.411853593919837 0
      vertex 6.589992376674285 7.792073904691416 1.5899999999999999
    endloop
  endfacet
  facet normal 0.442288690219009 0.8968727415326845 -5.8301547520088845e-18
    outer loop
      vertex 137.99943816497935 81.07940479473082 1.5899999999999999
      vertex 137.8 81.17775681356646 1.5899999999999999
      vertex 137.8 81.17775681356646 2.4
    endloop
  endfacet
  facet normal 0.7518398074789501 0.6593458151001 0
    outer loop
      vertex 137.3012993215049 81.61510557068519 1.5899999999999999
      vertex 137.3012993215049 81.61510557068519 2.4
      vertex 137.4479184719829 81.44791847198287 1.5899999999999999
    endloop
  endfacet
  facet normal 0.831469612302529 0.5555702330196263 7.857193567286625e-19
    outer loop
      vertex 137.3012993215049 81.61510557068519 1.5899999999999999
      vertex 137.17775681356645 81.80000000000001 1.5899999999999999
      vertex 137.17775681356645 81.80000000000001 2.4
    endloop
  endfacet
  facet normal 0.5555702330195822 0.8314696123025587 7.095560792133454e-18
    outer loop
      vertex 137.8 81.17775681356646 1.5899999999999999
      vertex 137.6151055706852 81.3012993215049 1.5899999999999999
      vertex 137.6151055706852 81.3012993215049 2.4
    endloop
  endfacet
  facet normal 0.6593458151000955 0.7518398074789541 0
    outer loop
      vertex 137.4479184719829 81.44791847198287 1.5899999999999999
      vertex 137.4479184719829 81.44791847198287 2.4
      vertex 137.6151055706852 81.3012993215049 1.5899999999999999
    endloop
  endfacet
  facet normal 0.8968727415326845 0.442288690219009 -5.8301547520088845e-18
    outer loop
      vertex 137.17775681356645 81.80000000000001 1.5899999999999999
      vertex 137.0794047947308 81.99943816497935 1.5899999999999999
      vertex 137.0794047947308 81.99943816497935 2.4
    endloop
  endfacet
  facet normal 0.9469301294951254 0.3214394653031035 4.4053288979226935e-18
    outer loop
      vertex 137.0794047947308 81.99943816497935 1.5899999999999999
      vertex 137.0079260953086 82.21000762332572 1.5899999999999999
      vertex 137.0079260953086 82.21000762332572 2.4
    endloop
  endfacet
  facet normal 0.9807852804032339 0.19509032201611146 6.185729429631054e-19
    outer loop
      vertex 137.0079260953086 82.21000762332572 1.5899999999999999
      vertex 136.96454373566453 82.42810547322591 1.5899999999999999
      vertex 136.96454373566453 82.42810547322591 2.4
    endloop
  endfacet
  facet normal 0.997858923238605 0.06540312923011987 -3.4652806884446724e-19
    outer loop
      vertex 136.96454373566453 82.42810547322591 1.5899999999999999
      vertex 136.95000000000002 82.65 1.5899999999999999
      vertex 136.95000000000002 82.65 2.4
    endloop
  endfacet
  facet normal 0.997858923238605 -0.06540312923011987 3.4652806884446724e-19
    outer loop
      vertex 136.95000000000002 82.65 1.5899999999999999
      vertex 136.96454373566453 82.8718945267741 1.5899999999999999
      vertex 136.96454373566453 82.8718945267741 2.4
    endloop
  endfacet
  facet normal 0.9807852804032339 -0.19509032201611146 -6.185729429631054e-19
    outer loop
      vertex 136.96454373566453 82.8718945267741 1.5899999999999999
      vertex 137.0079260953086 83.08999237667429 1.5899999999999999
      vertex 137.0079260953086 83.08999237667429 2.4
    endloop
  endfacet
  facet normal 0.9469301294951254 -0.3214394653031035 -4.4053288979226935e-18
    outer loop
      vertex 137.0079260953086 83.08999237667429 1.5899999999999999
      vertex 137.0794047947308 83.30056183502066 1.5899999999999999
      vertex 137.0794047947308 83.30056183502066 2.4
    endloop
  endfacet
  facet normal 0.1950903220160992 0.9807852804032362 0
    outer loop
      vertex 138.2100076233257 81.00792609530859 1.5899999999999999
      vertex 138.2100076233257 81.00792609530859 2.4
      vertex 138.4281054732259 80.96454373566453 1.5899999999999999
    endloop
  endfacet
  facet normal 0.3214394653031803 0.9469301294950992 0
    outer loop
      vertex 137.99943816497935 81.07940479473082 1.5899999999999999
      vertex 137.99943816497935 81.07940479473082 2.4
      vertex 138.2100076233257 81.00792609530859 1.5899999999999999
    endloop
  endfacet
  facet normal 0.0654031292301835 0.9978589232386008 0
    outer loop
      vertex 138.4281054732259 80.96454373566453 1.5899999999999999
      vertex 138.4281054732259 80.96454373566453 2.4
      vertex 138.65 80.95 1.5899999999999999
    endloop
  endfacet
  facet normal -0.0654031292301835 0.9978589232386008 0
    outer loop
      vertex 138.65 80.95 1.5899999999999999
      vertex 138.65 80.95 2.4
      vertex 138.8718945267741 80.96454373566453 1.5899999999999999
    endloop
  endfacet
  facet normal -0.1950903220160992 0.9807852804032362 0
    outer loop
      vertex 138.8718945267741 80.96454373566453 1.5899999999999999
      vertex 138.8718945267741 80.96454373566453 2.4
      vertex 139.0899923766743 81.00792609530859 1.5899999999999999
    endloop
  endfacet
  facet normal -0.3214394653031803 0.9469301294950992 0
    outer loop
      vertex 139.0899923766743 81.00792609530859 1.5899999999999999
      vertex 139.0899923766743 81.00792609530859 2.4
      vertex 139.30056183502066 81.07940479473082 1.5899999999999999
    endloop
  endfacet
  facet normal -0.442288690219009 0.8968727415326845 0
    outer loop
      vertex 139.30056183502066 81.07940479473082 1.5899999999999999
      vertex 139.30056183502066 81.07940479473082 2.4
      vertex 139.5 81.17775681356646 1.5899999999999999
    endloop
  endfacet
  facet normal -0.5555702330195822 0.8314696123025587 0
    outer loop
      vertex 139.5 81.17775681356646 1.5899999999999999
      vertex 139.5 81.17775681356646 2.4
      vertex 139.68489442931482 81.3012993215049 1.5899999999999999
    endloop
  endfacet
  facet normal -0.6593458151000955 0.7518398074789541 0
    outer loop
      vertex 139.68489442931482 81.3012993215049 1.5899999999999999
      vertex 139.68489442931482 81.3012993215049 2.4
      vertex 139.85208152801712 81.44791847198287 1.5899999999999999
    endloop
  endfacet
  facet normal -0.7518398074789501 0.6593458151001 0
    outer loop
      vertex 139.85208152801712 81.44791847198287 1.5899999999999999
      vertex 139.85208152801712 81.44791847198287 2.4
      vertex 139.9987006784951 81.61510557068519 1.5899999999999999
    endloop
  endfacet
  facet normal -0.831469612302529 0.5555702330196263 0
    outer loop
      vertex 139.9987006784951 81.61510557068519 1.5899999999999999
      vertex 139.9987006784951 81.61510557068519 2.4
      vertex 140.12224318643356 81.80000000000001 1.5899999999999999
    endloop
  endfacet
  facet normal -0.8968727415326845 0.442288690219009 0
    outer loop
      vertex 140.12224318643356 81.80000000000001 1.5899999999999999
      vertex 140.12224318643356 81.80000000000001 2.4
      vertex 140.2205952052692 81.99943816497935 1.5899999999999999
    endloop
  endfacet
  facet normal -0.9469301294951254 0.3214394653031035 0
    outer loop
      vertex 140.2205952052692 81.99943816497935 1.5899999999999999
      vertex 140.2205952052692 81.99943816497935 2.4
      vertex 140.29207390469142 82.21000762332572 1.5899999999999999
    endloop
  endfacet
  facet normal -0.9469301294951254 -0.3214394653031035 0
    outer loop
      vertex 140.29207390469142 83.08999237667429 1.5899999999999999
      vertex 140.29207390469142 83.08999237667429 2.4
      vertex 140.2205952052692 83.30056183502066 1.5899999999999999
    endloop
  endfacet
  facet normal -0.9807852804032339 0.19509032201611146 0
    outer loop
      vertex 140.29207390469142 82.21000762332572 1.5899999999999999
      vertex 140.29207390469142 82.21000762332572 2.4
      vertex 140.33545626433548 82.42810547322591 1.5899999999999999
    endloop
  endfacet
  facet normal -0.997858923238605 0.06540312923011987 0
    outer loop
      vertex 140.33545626433548 82.42810547322591 1.5899999999999999
      vertex 140.33545626433548 82.42810547322591 2.4
      vertex 140.35 82.65 1.5899999999999999
    endloop
  endfacet
  facet normal -0.997858923238605 -0.06540312923011987 0
    outer loop
      vertex 140.35 82.65 1.5899999999999999
      vertex 140.35 82.65 2.4
      vertex 140.33545626433548 82.8718945267741 1.5899999999999999
    endloop
  endfacet
  facet normal -0.9807852804032339 -0.19509032201611146 6.185729429631054e-19
    outer loop
      vertex 140.29207390469142 83.08999237667429 1.5899999999999999
      vertex 140.33545626433548 82.8718945267741 1.5899999999999999
      vertex 140.33545626433548 82.8718945267741 2.4
    endloop
  endfacet
  facet normal 0.8968727415326845 -0.442288690219009 5.8301547520088845e-18
    outer loop
      vertex 137.0794047947308 83.30056183502066 1.5899999999999999
      vertex 137.17775681356645 83.5 1.5899999999999999
      vertex 137.17775681356645 83.5 2.4
    endloop
  endfacet
  facet normal 0.831469612302529 -0.5555702330196263 -7.857193567286625e-19
    outer loop
      vertex 137.17775681356645 83.5 1.5899999999999999
      vertex 137.3012993215049 83.68489442931482 1.5899999999999999
      vertex 137.3012993215049 83.68489442931482 2.4
    endloop
  endfacet
  facet normal 0.7518398074789501 -0.6593458151001 -9.553460045375746e-18
    outer loop
      vertex 137.3012993215049 83.68489442931482 1.5899999999999999
      vertex 137.4479184719829 83.85208152801714 1.5899999999999999
      vertex 137.4479184719829 83.85208152801714 2.4
    endloop
  endfacet
  facet normal 0.6593458151000955 -0.7518398074789541 2.9590963742733766e-18
    outer loop
      vertex 137.4479184719829 83.85208152801714 1.5899999999999999
      vertex 137.6151055706852 83.99870067849511 1.5899999999999999
      vertex 137.6151055706852 83.99870067849511 2.4
    endloop
  endfacet
  facet normal 0.5555702330195822 -0.8314696123025587 -7.095560792133454e-18
    outer loop
      vertex 137.6151055706852 83.99870067849511 1.5899999999999999
      vertex 137.8 84.12224318643355 1.5899999999999999
      vertex 137.8 84.12224318643355 2.4
    endloop
  endfacet
  facet normal 0.442288690219009 -0.8968727415326845 5.8301547520088845e-18
    outer loop
      vertex 137.8 84.12224318643355 1.5899999999999999
      vertex 137.99943816497935 84.22059520526919 1.5899999999999999
      vertex 137.99943816497935 84.22059520526919 2.4
    endloop
  endfacet
  facet normal 0.3214394653031803 -0.9469301294950992 -2.4961462388967456e-19
    outer loop
      vertex 137.99943816497935 84.22059520526919 1.5899999999999999
      vertex 138.2100076233257 84.29207390469142 1.5899999999999999
      vertex 138.2100076233257 84.29207390469142 2.4
    endloop
  endfacet
  facet normal 0.1950903220160992 -0.9807852804032362 3.121019094018586e-18
    outer loop
      vertex 138.2100076233257 84.29207390469142 1.5899999999999999
      vertex 138.4281054732259 84.33545626433548 1.5899999999999999
      vertex 138.4281054732259 84.33545626433548 2.4
    endloop
  endfacet
  facet normal 0.0654031292301835 -0.9978589232386008 4.424841392078827e-19
    outer loop
      vertex 138.4281054732259 84.33545626433548 1.5899999999999999
      vertex 138.65 84.35000000000001 1.5899999999999999
      vertex 138.65 84.35000000000001 2.4
    endloop
  endfacet
  facet normal -0.0654031292301835 -0.9978589232386008 -4.424841392078827e-19
    outer loop
      vertex 138.65 84.35000000000001 1.5899999999999999
      vertex 138.8718945267741 84.33545626433548 1.5899999999999999
      vertex 138.8718945267741 84.33545626433548 2.4
    endloop
  endfacet
  facet normal -0.1950903220160992 -0.9807852804032362 0
    outer loop
      vertex 139.0899923766743 84.29207390469142 1.5899999999999999
      vertex 139.0899923766743 84.29207390469142 2.4
      vertex 138.8718945267741 84.33545626433548 1.5899999999999999
    endloop
  endfacet
  facet normal -0.8968727415326845 -0.442288690219009 0
    outer loop
      vertex 140.2205952052692 83.30056183502066 1.5899999999999999
      vertex 140.2205952052692 83.30056183502066 2.4
      vertex 140.12224318643356 83.5 1.5899999999999999
    endloop
  endfacet
  facet normal -0.831469612302529 -0.5555702330196263 0
    outer loop
      vertex 140.12224318643356 83.5 1.5899999999999999
      vertex 140.12224318643356 83.5 2.4
      vertex 139.9987006784951 83.68489442931482 1.5899999999999999
    endloop
  endfacet
  facet normal -0.7518398074789501 -0.6593458151001 0
    outer loop
      vertex 139.9987006784951 83.68489442931482 1.5899999999999999
      vertex 139.9987006784951 83.68489442931482 2.4
      vertex 139.85208152801712 83.85208152801714 1.5899999999999999
    endloop
  endfacet
  facet normal -0.6593458151000955 -0.7518398074789541 -2.9590963742733766e-18
    outer loop
      vertex 139.68489442931482 83.99870067849511 1.5899999999999999
      vertex 139.85208152801712 83.85208152801714 1.5899999999999999
      vertex 139.85208152801712 83.85208152801714 2.4
    endloop
  endfacet
  facet normal -0.3214394653031803 -0.9469301294950992 2.4961462388967456e-19
    outer loop
      vertex 139.0899923766743 84.29207390469142 1.5899999999999999
      vertex 139.30056183502066 84.22059520526919 1.5899999999999999
      vertex 139.30056183502066 84.22059520526919 2.4
    endloop
  endfacet
  facet normal -0.5555702330195822 -0.8314696123025587 0
    outer loop
      vertex 139.68489442931482 83.99870067849511 1.5899999999999999
      vertex 139.68489442931482 83.99870067849511 2.4
      vertex 139.5 84.12224318643355 1.5899999999999999
    endloop
  endfacet
  facet normal -0.442288690219009 -0.8968727415326845 0
    outer loop
      vertex 139.5 84.12224318643355 1.5899999999999999
      vertex 139.5 84.12224318643355 2.4
      vertex 139.30056183502066 84.22059520526919 1.5899999999999999
    endloop
  endfacet
  facet normal 0.442288690219009 0.8968727415326845 0
    outer loop
      vertex 137.99943816497935 81.07940479473082 1.5899999999999999
      vertex 137.8 81.17775681356646 2.4
      vertex 137.99943816497935 81.07940479473082 2.4
    endloop
  endfacet
  facet normal 0.7518398074789501 0.6593458151001 0
    outer loop
      vertex 137.4479184719829 81.44791847198287 1.5899999999999999
      vertex 137.3012993215049 81.61510557068519 2.4
      vertex 137.4479184719829 81.44791847198287 2.4
    endloop
  endfacet
  facet normal 0.831469612302529 0.5555702330196263 0
    outer loop
      vertex 137.3012993215049 81.61510557068519 1.5899999999999999
      vertex 137.17775681356645 81.80000000000001 2.4
      vertex 137.3012993215049 81.61510557068519 2.4
    endloop
  endfacet
  facet normal 0.6593458151000955 0.7518398074789541 0
    outer loop
      vertex 137.6151055706852 81.3012993215049 1.5899999999999999
      vertex 137.4479184719829 81.44791847198287 2.4
      vertex 137.6151055706852 81.3012993215049 2.4
    endloop
  endfacet
  facet normal 0.5555702330195822 0.8314696123025587 0
    outer loop
      vertex 137.8 81.17775681356646 1.5899999999999999
      vertex 137.6151055706852 81.3012993215049 2.4
      vertex 137.8 81.17775681356646 2.4
    endloop
  endfacet
  facet normal 0.8968727415326845 0.442288690219009 0
    outer loop
      vertex 137.17775681356645 81.80000000000001 1.5899999999999999
      vertex 137.0794047947308 81.99943816497935 2.4
      vertex 137.17775681356645 81.80000000000001 2.4
    endloop
  endfacet
  facet normal 0.9469301294951254 0.3214394653031035 0
    outer loop
      vertex 137.0794047947308 81.99943816497935 1.5899999999999999
      vertex 137.0079260953086 82.21000762332572 2.4
      vertex 137.0794047947308 81.99943816497935 2.4
    endloop
  endfacet
  facet normal 0.9807852804032339 0.19509032201611146 0
    outer loop
      vertex 137.0079260953086 82.21000762332572 1.5899999999999999
      vertex 136.96454373566453 82.42810547322591 2.4
      vertex 137.0079260953086 82.21000762332572 2.4
    endloop
  endfacet
  facet normal 0.997858923238605 0.06540312923011987 0
    outer loop
      vertex 136.96454373566453 82.42810547322591 1.5899999999999999
      vertex 136.95000000000002 82.65 2.4
      vertex 136.96454373566453 82.42810547322591 2.4
    endloop
  endfacet
  facet normal 0.997858923238605 -0.06540312923011987 0
    outer loop
      vertex 136.95000000000002 82.65 1.5899999999999999
      vertex 136.96454373566453 82.8718945267741 2.4
      vertex 136.95000000000002 82.65 2.4
    endloop
  endfacet
  facet normal 0.9807852804032339 -0.19509032201611146 0
    outer loop
      vertex 136.96454373566453 82.8718945267741 1.5899999999999999
      vertex 137.0079260953086 83.08999237667429 2.4
      vertex 136.96454373566453 82.8718945267741 2.4
    endloop
  endfacet
  facet normal 0.9469301294951254 -0.3214394653031035 0
    outer loop
      vertex 137.0079260953086 83.08999237667429 1.5899999999999999
      vertex 137.0794047947308 83.30056183502066 2.4
      vertex 137.0079260953086 83.08999237667429 2.4
    endloop
  endfacet
  facet normal 0.3214394653031803 0.9469301294950992 0
    outer loop
      vertex 138.2100076233257 81.00792609530859 1.5899999999999999
      vertex 137.99943816497935 81.07940479473082 2.4
      vertex 138.2100076233257 81.00792609530859 2.4
    endloop
  endfacet
  facet normal 0.1950903220160992 0.9807852804032362 0
    outer loop
      vertex 138.4281054732259 80.96454373566453 1.5899999999999999
      vertex 138.2100076233257 81.00792609530859 2.4
      vertex 138.4281054732259 80.96454373566453 2.4
    endloop
  endfacet
  facet normal 0.0654031292301835 0.9978589232386008 0
    outer loop
      vertex 138.65 80.95 1.5899999999999999
      vertex 138.4281054732259 80.96454373566453 2.4
      vertex 138.65 80.95 2.4
    endloop
  endfacet
  facet normal -0.0654031292301835 0.9978589232386008 0
    outer loop
      vertex 138.8718945267741 80.96454373566453 1.5899999999999999
      vertex 138.65 80.95 2.4
      vertex 138.8718945267741 80.96454373566453 2.4
    endloop
  endfacet
  facet normal -0.1950903220160992 0.9807852804032362 0
    outer loop
      vertex 139.0899923766743 81.00792609530859 1.5899999999999999
      vertex 138.8718945267741 80.96454373566453 2.4
      vertex 139.0899923766743 81.00792609530859 2.4
    endloop
  endfacet
  facet normal -0.3214394653031803 0.9469301294950992 0
    outer loop
      vertex 139.30056183502066 81.07940479473082 1.5899999999999999
      vertex 139.0899923766743 81.00792609530859 2.4
      vertex 139.30056183502066 81.07940479473082 2.4
    endloop
  endfacet
  facet normal -0.442288690219009 0.8968727415326845 0
    outer loop
      vertex 139.5 81.17775681356646 1.5899999999999999
      vertex 139.30056183502066 81.07940479473082 2.4
      vertex 139.5 81.17775681356646 2.4
    endloop
  endfacet
  facet normal -0.5555702330195822 0.8314696123025587 0
    outer loop
      vertex 139.68489442931482 81.3012993215049 1.5899999999999999
      vertex 139.5 81.17775681356646 2.4
      vertex 139.68489442931482 81.3012993215049 2.4
    endloop
  endfacet
  facet normal -0.6593458151000955 0.7518398074789541 0
    outer loop
      vertex 139.85208152801712 81.44791847198287 1.5899999999999999
      vertex 139.68489442931482 81.3012993215049 2.4
      vertex 139.85208152801712 81.44791847198287 2.4
    endloop
  endfacet
  facet normal -0.7518398074789501 0.6593458151001 0
    outer loop
      vertex 139.9987006784951 81.61510557068519 1.5899999999999999
      vertex 139.85208152801712 81.44791847198287 2.4
      vertex 139.9987006784951 81.61510557068519 2.4
    endloop
  endfacet
  facet normal -0.831469612302529 0.5555702330196263 0
    outer loop
      vertex 140.12224318643356 81.80000000000001 1.5899999999999999
      vertex 139.9987006784951 81.61510557068519 2.4
      vertex 140.12224318643356 81.80000000000001 2.4
    endloop
  endfacet
  facet normal -0.8968727415326845 0.442288690219009 0
    outer loop
      vertex 140.2205952052692 81.99943816497935 1.5899999999999999
      vertex 140.12224318643356 81.80000000000001 2.4
      vertex 140.2205952052692 81.99943816497935 2.4
    endloop
  endfacet
  facet normal -0.9469301294951254 0.3214394653031035 0
    outer loop
      vertex 140.29207390469142 82.21000762332572 1.5899999999999999
      vertex 140.2205952052692 81.99943816497935 2.4
      vertex 140.29207390469142 82.21000762332572 2.4
    endloop
  endfacet
  facet normal -0.9469301294951254 -0.3214394653031035 0
    outer loop
      vertex 140.2205952052692 83.30056183502066 1.5899999999999999
      vertex 140.29207390469142 83.08999237667429 2.4
      vertex 140.2205952052692 83.30056183502066 2.4
    endloop
  endfacet
  facet normal -0.9807852804032339 0.19509032201611146 0
    outer loop
      vertex 140.33545626433548 82.42810547322591 1.5899999999999999
      vertex 140.29207390469142 82.21000762332572 2.4
      vertex 140.33545626433548 82.42810547322591 2.4
    endloop
  endfacet
  facet normal -0.997858923238605 0.06540312923011987 0
    outer loop
      vertex 140.35 82.65 1.5899999999999999
      vertex 140.33545626433548 82.42810547322591 2.4
      vertex 140.35 82.65 2.4
    endloop
  endfacet
  facet normal -0.997858923238605 -0.06540312923011987 0
    outer loop
      vertex 140.33545626433548 82.8718945267741 1.5899999999999999
      vertex 140.35 82.65 2.4
      vertex 140.33545626433548 82.8718945267741 2.4
    endloop
  endfacet
  facet normal -0.9807852804032339 -0.19509032201611146 0
    outer loop
      vertex 140.29207390469142 83.08999237667429 1.5899999999999999
      vertex 140.33545626433548 82.8718945267741 2.4
      vertex 140.29207390469142 83.08999237667429 2.4
    endloop
  endfacet
  facet normal 0.8968727415326845 -0.442288690219009 0
    outer loop
      vertex 137.0794047947308 83.30056183502066 1.5899999999999999
      vertex 137.17775681356645 83.5 2.4
      vertex 137.0794047947308 83.30056183502066 2.4
    endloop
  endfacet
  facet normal 0.831469612302529 -0.5555702330196263 0
    outer loop
      vertex 137.17775681356645 83.5 1.5899999999999999
      vertex 137.3012993215049 83.68489442931482 2.4
      vertex 137.17775681356645 83.5 2.4
    endloop
  endfacet
  facet normal 0.7518398074789501 -0.6593458151001 0
    outer loop
      vertex 137.3012993215049 83.68489442931482 1.5899999999999999
      vertex 137.4479184719829 83.85208152801714 2.4
      vertex 137.3012993215049 83.68489442931482 2.4
    endloop
  endfacet
  facet normal 0.6593458151000955 -0.7518398074789541 0
    outer loop
      vertex 137.4479184719829 83.85208152801714 1.5899999999999999
      vertex 137.6151055706852 83.99870067849511 2.4
      vertex 137.4479184719829 83.85208152801714 2.4
    endloop
  endfacet
  facet normal 0.5555702330195822 -0.8314696123025587 0
    outer loop
      vertex 137.6151055706852 83.99870067849511 1.5899999999999999
      vertex 137.8 84.12224318643355 2.4
      vertex 137.6151055706852 83.99870067849511 2.4
    endloop
  endfacet
  facet normal 0.442288690219009 -0.8968727415326845 0
    outer loop
      vertex 137.8 84.12224318643355 1.5899999999999999
      vertex 137.99943816497935 84.22059520526919 2.4
      vertex 137.8 84.12224318643355 2.4
    endloop
  endfacet
  facet normal 0.3214394653031803 -0.9469301294950992 0
    outer loop
      vertex 137.99943816497935 84.22059520526919 1.5899999999999999
      vertex 138.2100076233257 84.29207390469142 2.4
      vertex 137.99943816497935 84.22059520526919 2.4
    endloop
  endfacet
  facet normal 0.1950903220160992 -0.9807852804032362 0
    outer loop
      vertex 138.2100076233257 84.29207390469142 1.5899999999999999
      vertex 138.4281054732259 84.33545626433548 2.4
      vertex 138.2100076233257 84.29207390469142 2.4
    endloop
  endfacet
  facet normal 0.0654031292301835 -0.9978589232386008 0
    outer loop
      vertex 138.4281054732259 84.33545626433548 1.5899999999999999
      vertex 138.65 84.35000000000001 2.4
      vertex 138.4281054732259 84.33545626433548 2.4
    endloop
  endfacet
  facet normal -0.0654031292301835 -0.9978589232386008 0
    outer loop
      vertex 138.65 84.35000000000001 1.5899999999999999
      vertex 138.8718945267741 84.33545626433548 2.4
      vertex 138.65 84.35000000000001 2.4
    endloop
  endfacet
  facet normal -0.1950903220160992 -0.9807852804032362 0
    outer loop
      vertex 138.8718945267741 84.33545626433548 1.5899999999999999
      vertex 139.0899923766743 84.29207390469142 2.4
      vertex 138.8718945267741 84.33545626433548 2.4
    endloop
  endfacet
  facet normal -0.8968727415326845 -0.442288690219009 0
    outer loop
      vertex 140.12224318643356 83.5 1.5899999999999999
      vertex 140.2205952052692 83.30056183502066 2.4
      vertex 140.12224318643356 83.5 2.4
    endloop
  endfacet
  facet normal -0.7518398074789501 -0.6593458151001 0
    outer loop
      vertex 139.85208152801712 83.85208152801714 1.5899999999999999
      vertex 139.9987006784951 83.68489442931482 2.4
      vertex 139.85208152801712 83.85208152801714 2.4
    endloop
  endfacet
  facet normal -0.831469612302529 -0.5555702330196263 0
    outer loop
      vertex 139.9987006784951 83.68489442931482 1.5899999999999999
      vertex 140.12224318643356 83.5 2.4
      vertex 139.9987006784951 83.68489442931482 2.4
    endloop
  endfacet
  facet normal -0.3214394653031803 -0.9469301294950992 0
    outer loop
      vertex 139.0899923766743 84.29207390469142 1.5899999999999999
      vertex 139.30056183502066 84.22059520526919 2.4
      vertex 139.0899923766743 84.29207390469142 2.4
    endloop
  endfacet
  facet normal -0.442288690219009 -0.8968727415326845 0
    outer loop
      vertex 139.30056183502066 84.22059520526919 1.5899999999999999
      vertex 139.5 84.12224318643355 2.4
      vertex 139.30056183502066 84.22059520526919 2.4
    endloop
  endfacet
  facet normal -0.5555702330195822 -0.8314696123025587 0
    outer loop
      vertex 139.5 84.12224318643355 1.5899999999999999
      vertex 139.68489442931482 83.99870067849511 2.4
      vertex 139.5 84.12224318643355 2.4
    endloop
  endfacet
  facet normal -0.6593458151000955 -0.7518398074789541 0
    outer loop
      vertex 139.68489442931482 83.99870067849511 1.5899999999999999
      vertex 139.85208152801712 83.85208152801714 2.4
      vertex 139.68489442931482 83.99870067849511 2.4
    endloop
  endfacet
  facet normal 0.3932682623678775 0.5885675477331738 -0.706348579363977
    outer loop
      vertex 137.6151055706852 81.3012993215049 1.5899999999999999
      vertex 137.005 79.8007764215492 0
      vertex 136.64717489856133 80.03986751044184 0
    endloop
  endfacet
  facet normal 0.31308031699609423 0.6348640795793331 -0.706348579363979
    outer loop
      vertex 137.8 81.17775681356646 1.5899999999999999
      vertex 137.39097150751888 79.61043633803787 0
      vertex 137.005 79.8007764215492 0
    endloop
  endfacet
  facet normal 0.22753548059832804 0.670297911006277 -0.7063485793639774
    outer loop
      vertex 137.99943816497935 81.07940479473082 1.5899999999999999
      vertex 137.79848534161272 79.47210403150896 0
      vertex 137.39097150751888 79.61043633803787 0
    endloop
  endfacet
  facet normal 0.1380974490427008 0.694262759334236 -0.7063485793639791
    outer loop
      vertex 138.2100076233257 81.00792609530859 1.5899999999999999
      vertex 138.22056882759603 79.38814640608017 0
      vertex 137.79848534161272 79.47210403150896 0
    endloop
  endfacet
  facet normal 0.04629653184612221 0.7063485793639777 -0.7063485793639792
    outer loop
      vertex 138.4281054732259 80.96454373566453 1.5899999999999999
      vertex 138.65 79.36000000000001 0
      vertex 138.22056882759603 79.38814640608017 0
    endloop
  endfacet
  facet normal -0.046296531846122056 0.7063485793639808 -0.706348579363976
    outer loop
      vertex 138.65 80.95 1.5899999999999999
      vertex 139.07943117240399 79.38814640608017 0
      vertex 138.65 79.36000000000001 0
    endloop
  endfacet
  facet normal -0.1380974490427003 0.6942627593342351 -0.7063485793639801
    outer loop
      vertex 138.8718945267741 80.96454373566453 1.5899999999999999
      vertex 139.5015146583873 79.47210403150896 0
      vertex 139.07943117240399 79.38814640608017 0
    endloop
  endfacet
  facet normal -0.2275354805983276 0.6702979110062766 -0.706348579363978
    outer loop
      vertex 139.0899923766743 81.00792609530859 1.5899999999999999
      vertex 139.90902849248113 79.61043633803787 0
      vertex 139.5015146583873 79.47210403150896 0
    endloop
  endfacet
  facet normal -0.31308031699609506 0.6348640795793351 -0.7063485793639769
    outer loop
      vertex 139.30056183502066 81.07940479473082 1.5899999999999999
      vertex 140.29500000000002 79.8007764215492 0
      vertex 139.90902849248113 79.61043633803787 0
    endloop
  endfacet
  facet normal -0.39326826236787615 0.5885675477331717 -0.7063485793639794
    outer loop
      vertex 139.5 81.17775681356646 1.5899999999999999
      vertex 140.65282510143868 80.03986751044184 0
      vertex 140.29500000000002 79.8007764215492 0
    endloop
  endfacet
  facet normal 0.46672727873590586 0.5322004619635933 -0.7063485793639808
    outer loop
      vertex 137.4479184719829 81.44791847198287 1.5899999999999999
      vertex 136.64717489856133 80.03986751044184 0
      vertex 136.32361868989625 80.32361868989626 0
    endloop
  endfacet
  facet normal 0.5322004619635748 0.46672727873592784 -0.7063485793639802
    outer loop
      vertex 137.3012993215049 81.61510557068519 1.5899999999999999
      vertex 136.32361868989625 80.32361868989626 0
      vertex 136.03986751044184 80.6471748985613 0
    endloop
  endfacet
  facet normal 0.5885675477331751 0.39326826236787055 -0.7063485793639798
    outer loop
      vertex 137.17775681356645 81.80000000000001 1.5899999999999999
      vertex 136.03986751044184 80.6471748985613 0
      vertex 135.8007764215492 81.005 0
    endloop
  endfacet
  facet normal 0.634864079579324 0.313080316996113 -0.7063485793639789
    outer loop
      vertex 137.0794047947308 81.99943816497935 1.5899999999999999
      vertex 135.8007764215492 81.005 0
      vertex 135.61043633803786 81.39097150751886 0
    endloop
  endfacet
  facet normal 0.6702979110063018 0.22753548059825804 -0.7063485793639764
    outer loop
      vertex 137.0079260953086 82.21000762332572 1.5899999999999999
      vertex 135.61043633803786 81.39097150751886 0
      vertex 135.472104031509 81.7984853416127 0
    endloop
  endfacet
  facet normal 0.6942627593342228 0.13809744904275909 -0.7063485793639807
    outer loop
      vertex 136.96454373566453 82.42810547322591 1.5899999999999999
      vertex 135.472104031509 81.7984853416127 0
      vertex 135.38814640608015 82.22056882759604 0
    endloop
  endfacet
  facet normal 0.7063485793639704 0.04629653184614646 -0.7063485793639848
    outer loop
      vertex 136.95000000000002 82.65 1.5899999999999999
      vertex 135.38814640608015 82.22056882759604 0
      vertex 135.35999999999999 82.65 0
    endloop
  endfacet
  facet normal 0.7063485793639722 -0.046296531846146426 -0.706348579363983
    outer loop
      vertex 136.96454373566453 82.8718945267741 1.5899999999999999
      vertex 135.35999999999999 82.65 0
      vertex 135.38814640608015 83.07943117240397 0
    endloop
  endfacet
  facet normal 0.6942627593342273 -0.13809744904275964 -0.7063485793639761
    outer loop
      vertex 137.0079260953086 83.08999237667429 1.5899999999999999
      vertex 135.38814640608015 83.07943117240397 0
      vertex 135.472104031509 83.50151465838731 0
    endloop
  endfacet
  facet normal -0.46672727873590847 0.532200461963596 -0.7063485793639771
    outer loop
      vertex 139.68489442931482 81.3012993215049 1.5899999999999999
      vertex 140.97638131010376 80.32361868989626 0
      vertex 140.65282510143868 80.03986751044184 0
    endloop
  endfacet
  facet normal -0.5322004619635733 0.4667272787359265 -0.7063485793639823
    outer loop
      vertex 139.85208152801712 81.44791847198287 1.5899999999999999
      vertex 141.26013248955817 80.6471748985613 0
      vertex 140.97638131010376 80.32361868989626 0
    endloop
  endfacet
  facet normal -0.5885675477331747 0.39326826236787016 -0.7063485793639803
    outer loop
      vertex 139.9987006784951 81.61510557068519 1.5899999999999999
      vertex 141.49922357845082 81.005 0
      vertex 141.26013248955817 80.6471748985613 0
    endloop
  endfacet
  facet normal -0.6348640795793234 0.3130803169961125 -0.7063485793639797
    outer loop
      vertex 140.12224318643356 81.80000000000001 1.5899999999999999
      vertex 141.68956366196215 81.39097150751886 0
      vertex 141.49922357845082 81.005 0
    endloop
  endfacet
  facet normal -0.6702979110063012 0.22753548059825796 -0.706348579363977
    outer loop
      vertex 140.2205952052692 81.99943816497935 1.5899999999999999
      vertex 141.82789596849102 81.7984853416127 0
      vertex 141.68956366196215 81.39097150751886 0
    endloop
  endfacet
  facet normal -0.6942627593342273 0.13809744904275964 -0.7063485793639761
    outer loop
      vertex 140.29207390469142 82.21000762332572 1.5899999999999999
      vertex 141.91185359391986 82.22056882759604 0
      vertex 141.82789596849102 81.7984853416127 0
    endloop
  endfacet
  facet normal -0.7063485793639722 0.046296531846146426 -0.706348579363983
    outer loop
      vertex 140.33545626433548 82.42810547322591 1.5899999999999999
      vertex 141.94000000000003 82.65 0
      vertex 141.91185359391986 82.22056882759604 0
    endloop
  endfacet
  facet normal -0.7063485793639704 -0.04629653184614646 -0.7063485793639848
    outer loop
      vertex 140.35 82.65 1.5899999999999999
      vertex 141.91185359391986 83.07943117240397 0
      vertex 141.94000000000003 82.65 0
    endloop
  endfacet
  facet normal -0.6942627593342228 -0.13809744904275909 -0.7063485793639807
    outer loop
      vertex 140.33545626433548 82.8718945267741 1.5899999999999999
      vertex 141.82789596849102 83.50151465838731 0
      vertex 141.91185359391986 83.07943117240397 0
    endloop
  endfacet
  facet normal 0.13809744904268556 0.6942627593342374 -0.7063485793639807
    outer loop
      vertex 138.2100076233257 81.00792609530859 1.5899999999999999
      vertex 138.4281054732259 80.96454373566453 1.5899999999999999
      vertex 138.22056882759603 79.38814640608017 0
    endloop
  endfacet
  facet normal 0.04629653184616807 0.7063485793639793 -0.7063485793639745
    outer loop
      vertex 138.4281054732259 80.96454373566453 1.5899999999999999
      vertex 138.65 80.95 1.5899999999999999
      vertex 138.65 79.36000000000001 0
    endloop
  endfacet
  facet normal -0.04629653184616766 0.7063485793639731 -0.7063485793639808
    outer loop
      vertex 138.65 80.95 1.5899999999999999
      vertex 138.8718945267741 80.96454373566453 1.5899999999999999
      vertex 139.07943117240399 79.38814640608017 0
    endloop
  endfacet
  facet normal 0.5885675477331703 0.3932682623678763 -0.7063485793639805
    outer loop
      vertex 137.3012993215049 81.61510557068519 1.5899999999999999
      vertex 136.03986751044184 80.6471748985613 0
      vertex 137.17775681356645 81.80000000000001 1.5899999999999999
    endloop
  endfacet
  facet normal 0.6348640795793185 0.31308031699612165 -0.70634857936398
    outer loop
      vertex 137.17775681356645 81.80000000000001 1.5899999999999999
      vertex 135.8007764215492 81.005 0
      vertex 137.0794047947308 81.99943816497935 1.5899999999999999
    endloop
  endfacet
  facet normal 0.5322004619635535 0.46672727873594744 -0.7063485793639832
    outer loop
      vertex 137.3012993215049 81.61510557068519 1.5899999999999999
      vertex 137.4479184719829 81.44791847198287 1.5899999999999999
      vertex 136.32361868989625 80.32361868989626 0
    endloop
  endfacet
  facet normal 0.46672727873594955 0.5322004619635623 -0.7063485793639753
    outer loop
      vertex 137.4479184719829 81.44791847198287 1.5899999999999999
      vertex 137.6151055706852 81.3012993215049 1.5899999999999999
      vertex 136.64717489856133 80.03986751044184 0
    endloop
  endfacet
  facet normal 0.39326826236784496 0.5885675477331911 -0.7063485793639808
    outer loop
      vertex 137.8 81.17775681356646 1.5899999999999999
      vertex 137.005 79.8007764215492 0
      vertex 137.6151055706852 81.3012993215049 1.5899999999999999
    endloop
  endfacet
  facet normal 0.3130803169961235 0.6348640795793222 -0.7063485793639758
    outer loop
      vertex 137.99943816497935 81.07940479473082 1.5899999999999999
      vertex 137.39097150751888 79.61043633803787 0
      vertex 137.8 81.17775681356646 1.5899999999999999
    endloop
  endfacet
  facet normal 0.22753548059832016 0.6702979110062788 -0.7063485793639781
    outer loop
      vertex 137.99943816497935 81.07940479473082 1.5899999999999999
      vertex 138.2100076233257 81.00792609530859 1.5899999999999999
      vertex 137.79848534161272 79.47210403150896 0
    endloop
  endfacet
  facet normal 0.6702979110062981 0.22753548059826612 -0.7063485793639772
    outer loop
      vertex 137.0794047947308 81.99943816497935 1.5899999999999999
      vertex 135.61043633803786 81.39097150751886 0
      vertex 137.0079260953086 82.21000762332572 1.5899999999999999
    endloop
  endfacet
  facet normal 0.6942627593342423 0.13809744904269552 -0.7063485793639739
    outer loop
      vertex 137.0079260953086 82.21000762332572 1.5899999999999999
      vertex 135.472104031509 81.7984853416127 0
      vertex 136.96454373566453 82.42810547322591 1.5899999999999999
    endloop
  endfacet
  facet normal 0.7063485793639745 0.04629653184612252 -0.7063485793639822
    outer loop
      vertex 136.96454373566453 82.42810547322591 1.5899999999999999
      vertex 135.38814640608015 82.22056882759604 0
      vertex 136.95000000000002 82.65 1.5899999999999999
    endloop
  endfacet
  facet normal 0.7063485793639713 -0.046296531846122306 -0.7063485793639855
    outer loop
      vertex 136.95000000000002 82.65 1.5899999999999999
      vertex 135.35999999999999 82.65 0
      vertex 136.96454373566453 82.8718945267741 1.5899999999999999
    endloop
  endfacet
  facet normal 0.6942627593342335 -0.13809744904269378 -0.7063485793639828
    outer loop
      vertex 136.96454373566453 82.8718945267741 1.5899999999999999
      vertex 135.38814640608015 83.07943117240397 0
      vertex 137.0079260953086 83.08999237667429 1.5899999999999999
    endloop
  endfacet
  facet normal -0.13809744904268595 0.6942627593342394 -0.7063485793639785
    outer loop
      vertex 138.8718945267741 80.96454373566453 1.5899999999999999
      vertex 139.0899923766743 81.00792609530859 1.5899999999999999
      vertex 139.5015146583873 79.47210403150896 0
    endloop
  endfacet
  facet normal -0.2275354805983205 0.6702979110062798 -0.706348579363977
    outer loop
      vertex 139.0899923766743 81.00792609530859 1.5899999999999999
      vertex 139.30056183502066 81.07940479473082 1.5899999999999999
      vertex 139.90902849248113 79.61043633803787 0
    endloop
  endfacet
  facet normal -0.31308031699612165 0.6348640795793185 -0.70634857936398
    outer loop
      vertex 139.30056183502066 81.07940479473082 1.5899999999999999
      vertex 139.5 81.17775681356646 1.5899999999999999
      vertex 140.29500000000002 79.8007764215492 0
    endloop
  endfacet
  facet normal -0.39326826236784773 0.5885675477331952 -0.7063485793639757
    outer loop
      vertex 139.5 81.17775681356646 1.5899999999999999
      vertex 139.68489442931482 81.3012993215049 1.5899999999999999
      vertex 140.65282510143868 80.03986751044184 0
    endloop
  endfacet
  facet normal -0.4667272787359448 0.5322004619635569 -0.7063485793639825
    outer loop
      vertex 139.68489442931482 81.3012993215049 1.5899999999999999
      vertex 139.85208152801712 81.44791847198287 1.5899999999999999
      vertex 140.97638131010376 80.32361868989626 0
    endloop
  endfacet
  facet normal -0.5322004619635565 0.46672727873595005 -0.7063485793639793
    outer loop
      vertex 139.85208152801712 81.44791847198287 1.5899999999999999
      vertex 139.9987006784951 81.61510557068519 1.5899999999999999
      vertex 141.26013248955817 80.6471748985613 0
    endloop
  endfacet
  facet normal -0.5885675477331712 0.39326826236787693 -0.7063485793639795
    outer loop
      vertex 139.9987006784951 81.61510557068519 1.5899999999999999
      vertex 140.12224318643356 81.80000000000001 1.5899999999999999
      vertex 141.49922357845082 81.005 0
    endloop
  endfacet
  facet normal -0.6348640795793198 0.31308031699612227 -0.7063485793639787
    outer loop
      vertex 140.12224318643356 81.80000000000001 1.5899999999999999
      vertex 140.2205952052692 81.99943816497935 1.5899999999999999
      vertex 141.68956366196215 81.39097150751886 0
    endloop
  endfacet
  facet normal -0.6702979110062992 0.2275354805982665 -0.7063485793639761
    outer loop
      vertex 140.2205952052692 81.99943816497935 1.5899999999999999
      vertex 140.29207390469142 82.21000762332572 1.5899999999999999
      vertex 141.82789596849102 81.7984853416127 0
    endloop
  endfacet
  facet normal -0.6942627593342335 0.13809744904269378 -0.7063485793639828
    outer loop
      vertex 140.29207390469142 82.21000762332572 1.5899999999999999
      vertex 140.33545626433548 82.42810547322591 1.5899999999999999
      vertex 141.91185359391986 82.22056882759604 0
    endloop
  endfacet
  facet normal -0.6942627593342423 -0.13809744904269552 -0.7063485793639739
    outer loop
      vertex 140.29207390469142 83.08999237667429 1.5899999999999999
      vertex 141.82789596849102 83.50151465838731 0
      vertex 140.33545626433548 82.8718945267741 1.5899999999999999
    endloop
  endfacet
  facet normal -0.7063485793639713 0.046296531846122306 -0.7063485793639855
    outer loop
      vertex 140.33545626433548 82.42810547322591 1.5899999999999999
      vertex 140.35 82.65 1.5899999999999999
      vertex 141.94000000000003 82.65 0
    endloop
  endfacet
  facet normal -0.7063485793639745 -0.04629653184612252 -0.7063485793639822
    outer loop
      vertex 140.35 82.65 1.5899999999999999
      vertex 140.33545626433548 82.8718945267741 1.5899999999999999
      vertex 141.91185359391986 83.07943117240397 0
    endloop
  endfacet
  facet normal 0.6702979110063012 -0.22753548059825796 -0.706348579363977
    outer loop
      vertex 137.0794047947308 83.30056183502066 1.5899999999999999
      vertex 135.472104031509 83.50151465838731 0
      vertex 135.61043633803786 83.90902849248116 0
    endloop
  endfacet
  facet normal 0.6348640795793234 -0.3130803169961125 -0.7063485793639797
    outer loop
      vertex 137.17775681356645 83.5 1.5899999999999999
      vertex 135.61043633803786 83.90902849248116 0
      vertex 135.8007764215492 84.29500000000002 0
    endloop
  endfacet
  facet normal 0.5885675477331747 -0.39326826236787016 -0.7063485793639803
    outer loop
      vertex 137.3012993215049 83.68489442931482 1.5899999999999999
      vertex 135.8007764215492 84.29500000000002 0
      vertex 136.03986751044184 84.65282510143871 0
    endloop
  endfacet
  facet normal 0.5322004619635733 -0.4667272787359265 -0.7063485793639823
    outer loop
      vertex 137.4479184719829 83.85208152801714 1.5899999999999999
      vertex 136.03986751044184 84.65282510143871 0
      vertex 136.32361868989625 84.97638131010375 0
    endloop
  endfacet
  facet normal 0.46672727873590847 -0.532200461963596 -0.7063485793639771
    outer loop
      vertex 137.6151055706852 83.99870067849511 1.5899999999999999
      vertex 136.32361868989625 84.97638131010375 0
      vertex 136.64717489856133 85.26013248955817 0
    endloop
  endfacet
  facet normal 0.39326826236787615 -0.5885675477331717 -0.7063485793639794
    outer loop
      vertex 137.8 84.12224318643355 1.5899999999999999
      vertex 136.64717489856133 85.26013248955817 0
      vertex 137.005 85.49922357845081 0
    endloop
  endfacet
  facet normal 0.31308031699609506 -0.6348640795793351 -0.7063485793639769
    outer loop
      vertex 137.99943816497935 84.22059520526919 1.5899999999999999
      vertex 137.005 85.49922357845081 0
      vertex 137.39097150751888 85.68956366196214 0
    endloop
  endfacet
  facet normal 0.2275354805983276 -0.6702979110062766 -0.706348579363978
    outer loop
      vertex 138.2100076233257 84.29207390469142 1.5899999999999999
      vertex 137.39097150751888 85.68956366196214 0
      vertex 137.79848534161272 85.82789596849105 0
    endloop
  endfacet
  facet normal 0.1380974490427003 -0.6942627593342351 -0.7063485793639801
    outer loop
      vertex 138.4281054732259 84.33545626433548 1.5899999999999999
      vertex 137.79848534161272 85.82789596849105 0
      vertex 138.22056882759603 85.91185359391984 0
    endloop
  endfacet
  facet normal 0.046296531846122056 -0.7063485793639808 -0.706348579363976
    outer loop
      vertex 138.65 84.35000000000001 1.5899999999999999
      vertex 138.22056882759603 85.91185359391984 0
      vertex 138.65 85.94 0
    endloop
  endfacet
  facet normal -0.04629653184612221 -0.7063485793639777 -0.7063485793639792
    outer loop
      vertex 138.8718945267741 84.33545626433548 1.5899999999999999
      vertex 138.65 85.94 0
      vertex 139.07943117240399 85.91185359391984 0
    endloop
  endfacet
  facet normal -0.22753548059832804 -0.670297911006277 -0.7063485793639774
    outer loop
      vertex 139.30056183502066 84.22059520526919 1.5899999999999999
      vertex 139.5015146583873 85.82789596849105 0
      vertex 139.90902849248113 85.68956366196214 0
    endloop
  endfacet
  facet normal -0.3932682623678775 -0.5885675477331738 -0.706348579363977
    outer loop
      vertex 139.68489442931482 83.99870067849511 1.5899999999999999
      vertex 140.29500000000002 85.49922357845081 0
      vertex 140.65282510143868 85.26013248955817 0
    endloop
  endfacet
  facet normal -0.31308031699609423 -0.6348640795793331 -0.706348579363979
    outer loop
      vertex 139.5 84.12224318643355 1.5899999999999999
      vertex 139.90902849248113 85.68956366196214 0
      vertex 140.29500000000002 85.49922357845081 0
    endloop
  endfacet
  facet normal -0.1380974490427008 -0.694262759334236 -0.7063485793639791
    outer loop
      vertex 139.0899923766743 84.29207390469142 1.5899999999999999
      vertex 139.07943117240399 85.91185359391984 0
      vertex 139.5015146583873 85.82789596849105 0
    endloop
  endfacet
  facet normal -0.6702979110063018 -0.22753548059825804 -0.7063485793639764
    outer loop
      vertex 140.29207390469142 83.08999237667429 1.5899999999999999
      vertex 141.68956366196215 83.90902849248116 0
      vertex 141.82789596849102 83.50151465838731 0
    endloop
  endfacet
  facet normal -0.634864079579324 -0.313080316996113 -0.7063485793639789
    outer loop
      vertex 140.2205952052692 83.30056183502066 1.5899999999999999
      vertex 141.49922357845082 84.29500000000002 0
      vertex 141.68956366196215 83.90902849248116 0
    endloop
  endfacet
  facet normal -0.5322004619635748 -0.46672727873592784 -0.7063485793639802
    outer loop
      vertex 139.9987006784951 83.68489442931482 1.5899999999999999
      vertex 140.97638131010376 84.97638131010375 0
      vertex 141.26013248955817 84.65282510143871 0
    endloop
  endfacet
  facet normal -0.5885675477331751 -0.39326826236787055 -0.7063485793639798
    outer loop
      vertex 140.12224318643356 83.5 1.5899999999999999
      vertex 141.26013248955817 84.65282510143871 0
      vertex 141.49922357845082 84.29500000000002 0
    endloop
  endfacet
  facet normal -0.46672727873590586 -0.5322004619635933 -0.7063485793639808
    outer loop
      vertex 139.85208152801712 83.85208152801714 1.5899999999999999
      vertex 140.65282510143868 85.26013248955817 0
      vertex 140.97638131010376 84.97638131010375 0
    endloop
  endfacet
  facet normal 0.6702979110062992 -0.2275354805982665 -0.7063485793639761
    outer loop
      vertex 137.0079260953086 83.08999237667429 1.5899999999999999
      vertex 135.472104031509 83.50151465838731 0
      vertex 137.0794047947308 83.30056183502066 1.5899999999999999
    endloop
  endfacet
  facet normal 0.6348640795793198 -0.31308031699612227 -0.7063485793639787
    outer loop
      vertex 137.0794047947308 83.30056183502066 1.5899999999999999
      vertex 135.61043633803786 83.90902849248116 0
      vertex 137.17775681356645 83.5 1.5899999999999999
    endloop
  endfacet
  facet normal 0.5885675477331712 -0.39326826236787693 -0.7063485793639795
    outer loop
      vertex 137.17775681356645 83.5 1.5899999999999999
      vertex 135.8007764215492 84.29500000000002 0
      vertex 137.3012993215049 83.68489442931482 1.5899999999999999
    endloop
  endfacet
  facet normal 0.5322004619635565 -0.46672727873595005 -0.7063485793639793
    outer loop
      vertex 137.3012993215049 83.68489442931482 1.5899999999999999
      vertex 136.03986751044184 84.65282510143871 0
      vertex 137.4479184719829 83.85208152801714 1.5899999999999999
    endloop
  endfacet
  facet normal 0.4667272787359448 -0.5322004619635569 -0.7063485793639825
    outer loop
      vertex 137.4479184719829 83.85208152801714 1.5899999999999999
      vertex 136.32361868989625 84.97638131010375 0
      vertex 137.6151055706852 83.99870067849511 1.5899999999999999
    endloop
  endfacet
  facet normal 0.39326826236784773 -0.5885675477331952 -0.7063485793639758
    outer loop
      vertex 137.6151055706852 83.99870067849511 1.5899999999999999
      vertex 136.64717489856133 85.26013248955817 0
      vertex 137.8 84.12224318643355 1.5899999999999999
    endloop
  endfacet
  facet normal 0.31308031699612165 -0.6348640795793185 -0.70634857936398
    outer loop
      vertex 137.8 84.12224318643355 1.5899999999999999
      vertex 137.005 85.49922357845081 0
      vertex 137.99943816497935 84.22059520526919 1.5899999999999999
    endloop
  endfacet
  facet normal 0.2275354805983205 -0.6702979110062798 -0.7063485793639771
    outer loop
      vertex 137.99943816497935 84.22059520526919 1.5899999999999999
      vertex 137.39097150751888 85.68956366196214 0
      vertex 138.2100076233257 84.29207390469142 1.5899999999999999
    endloop
  endfacet
  facet normal -0.39326826236784496 -0.5885675477331911 -0.7063485793639808
    outer loop
      vertex 139.68489442931482 83.99870067849511 1.5899999999999999
      vertex 139.5 84.12224318643355 1.5899999999999999
      vertex 140.29500000000002 85.49922357845081 0
    endloop
  endfacet
  facet normal -0.46672727873594955 -0.5322004619635623 -0.7063485793639753
    outer loop
      vertex 139.68489442931482 83.99870067849511 1.5899999999999999
      vertex 140.65282510143868 85.26013248955817 0
      vertex 139.85208152801712 83.85208152801714 1.5899999999999999
    endloop
  endfacet
  facet normal 0.13809744904268595 -0.6942627593342394 -0.7063485793639785
    outer loop
      vertex 138.2100076233257 84.29207390469142 1.5899999999999999
      vertex 137.79848534161272 85.82789596849105 0
      vertex 138.4281054732259 84.33545626433548 1.5899999999999999
    endloop
  endfacet
  facet normal 0.04629653184616766 -0.7063485793639731 -0.7063485793639808
    outer loop
      vertex 138.4281054732259 84.33545626433548 1.5899999999999999
      vertex 138.22056882759603 85.91185359391984 0
      vertex 138.65 84.35000000000001 1.5899999999999999
    endloop
  endfacet
  facet normal -0.04629653184616807 -0.7063485793639793 -0.7063485793639745
    outer loop
      vertex 138.65 84.35000000000001 1.5899999999999999
      vertex 138.65 85.94 0
      vertex 138.8718945267741 84.33545626433548 1.5899999999999999
    endloop
  endfacet
  facet normal -0.13809744904268556 -0.6942627593342374 -0.7063485793639807
    outer loop
      vertex 139.0899923766743 84.29207390469142 1.5899999999999999
      vertex 138.8718945267741 84.33545626433548 1.5899999999999999
      vertex 139.07943117240399 85.91185359391984 0
    endloop
  endfacet
  facet normal -0.22753548059832016 -0.6702979110062788 -0.7063485793639781
    outer loop
      vertex 139.0899923766743 84.29207390469142 1.5899999999999999
      vertex 139.5015146583873 85.82789596849105 0
      vertex 139.30056183502066 84.22059520526919 1.5899999999999999
    endloop
  endfacet
  facet normal -0.3130803169961235 -0.6348640795793222 -0.7063485793639758
    outer loop
      vertex 139.5 84.12224318643355 1.5899999999999999
      vertex 139.30056183502066 84.22059520526919 1.5899999999999999
      vertex 139.90902849248113 85.68956366196214 0
    endloop
  endfacet
  facet normal -0.6702979110062981 -0.22753548059826612 -0.7063485793639772
    outer loop
      vertex 140.29207390469142 83.08999237667429 1.5899999999999999
      vertex 140.2205952052692 83.30056183502066 1.5899999999999999
      vertex 141.68956366196215 83.90902849248116 0
    endloop
  endfacet
  facet normal -0.6348640795793185 -0.31308031699612165 -0.70634857936398
    outer loop
      vertex 140.2205952052692 83.30056183502066 1.5899999999999999
      vertex 140.12224318643356 83.5 1.5899999999999999
      vertex 141.49922357845082 84.29500000000002 0
    endloop
  endfacet
  facet normal -0.5885675477331703 -0.3932682623678763 -0.7063485793639805
    outer loop
      vertex 140.12224318643356 83.5 1.5899999999999999
      vertex 139.9987006784951 83.68489442931482 1.5899999999999999
      vertex 141.26013248955817 84.65282510143871 0
    endloop
  endfacet
  facet normal -0.5322004619635535 -0.46672727873594744 -0.7063485793639832
    outer loop
      vertex 139.9987006784951 83.68489442931482 1.5899999999999999
      vertex 139.85208152801712 83.85208152801714 1.5899999999999999
      vertex 140.97638131010376 84.97638131010375 0
    endloop
  endfacet
  facet normal 0.555570233019607 0.831469612302542 7.157870124210743e-18
    outer loop
      vertex 137.8 4.677756813566455 1.5899999999999999
      vertex 137.6151055706852 4.801299321504901 1.5899999999999999
      vertex 137.6151055706852 4.801299321504901 2.4
    endloop
  endfacet
  facet normal 0.44228869021901224 0.8968727415326828 0
    outer loop
      vertex 137.8 4.677756813566455 1.5899999999999999
      vertex 137.8 4.677756813566455 2.4
      vertex 137.99943816497935 4.579404794730813 1.5899999999999999
    endloop
  endfacet
  facet normal 0.7518398074789344 0.6593458151001178 0
    outer loop
      vertex 137.3012993215049 5.115105570685175 1.5899999999999999
      vertex 137.3012993215049 5.115105570685175 2.4
      vertex 137.4479184719829 4.947918471982869 1.5899999999999999
    endloop
  endfacet
  facet normal 0.89687274153269 0.4422886902189979 8.677521731862071e-18
    outer loop
      vertex 137.17775681356645 5.300000000000001 1.5899999999999999
      vertex 137.0794047947308 5.499438164979348 1.5899999999999999
      vertex 137.0794047947308 5.499438164979348 2.4
    endloop
  endfacet
  facet normal 0.8314696123025316 0.5555702330196226 -4.102243639974677e-18
    outer loop
      vertex 137.3012993215049 5.115105570685175 1.5899999999999999
      vertex 137.17775681356645 5.300000000000001 1.5899999999999999
      vertex 137.17775681356645 5.300000000000001 2.4
    endloop
  endfacet
  facet normal 0.6593458151000797 0.751839807478968 0
    outer loop
      vertex 137.4479184719829 4.947918471982869 1.5899999999999999
      vertex 137.4479184719829 4.947918471982869 2.4
      vertex 137.6151055706852 4.801299321504901 1.5899999999999999
    endloop
  endfacet
  facet normal 0.19509032201612225 0.9807852804032317 -3.088224783745655e-18
    outer loop
      vertex 138.4281054732259 4.464543735664523 1.5899999999999999
      vertex 138.2100076233257 4.5079260953085845 1.5899999999999999
      vertex 138.2100076233257 4.5079260953085845 2.4
    endloop
  endfacet
  facet normal 0.06540312923014373 0.9978589232386035 0
    outer loop
      vertex 138.4281054732259 4.464543735664523 1.5899999999999999
      vertex 138.4281054732259 4.464543735664523 2.4
      vertex 138.65 4.45 1.5899999999999999
    endloop
  endfacet
  facet normal 0.32143946530317674 0.9469301294951006 0
    outer loop
      vertex 137.99943816497935 4.579404794730813 1.5899999999999999
      vertex 137.99943816497935 4.579404794730813 2.4
      vertex 138.2100076233257 4.5079260953085845 1.5899999999999999
    endloop
  endfacet
  facet normal -0.06540312923014373 0.9978589232386035 0
    outer loop
      vertex 138.65 4.45 1.5899999999999999
      vertex 138.65 4.45 2.4
      vertex 138.8718945267741 4.464543735664523 1.5899999999999999
    endloop
  endfacet
  facet normal -0.19509032201612225 0.9807852804032317 0
    outer loop
      vertex 138.8718945267741 4.464543735664523 1.5899999999999999
      vertex 138.8718945267741 4.464543735664523 2.4
      vertex 139.0899923766743 4.5079260953085845 1.5899999999999999
    endloop
  endfacet
  facet normal -0.32143946530317674 0.9469301294951006 0
    outer loop
      vertex 139.0899923766743 4.5079260953085845 1.5899999999999999
      vertex 139.0899923766743 4.5079260953085845 2.4
      vertex 139.30056183502066 4.579404794730813 1.5899999999999999
    endloop
  endfacet
  facet normal -0.44228869021901224 0.8968727415326828 0
    outer loop
      vertex 139.30056183502066 4.579404794730813 1.5899999999999999
      vertex 139.30056183502066 4.579404794730813 2.4
      vertex 139.5 4.677756813566455 1.5899999999999999
    endloop
  endfacet
  facet normal -0.555570233019607 0.831469612302542 0
    outer loop
      vertex 139.5 4.677756813566455 1.5899999999999999
      vertex 139.5 4.677756813566455 2.4
      vertex 139.68489442931482 4.801299321504901 1.5899999999999999
    endloop
  endfacet
  facet normal -0.6593458151000797 0.751839807478968 0
    outer loop
      vertex 139.68489442931482 4.801299321504901 1.5899999999999999
      vertex 139.68489442931482 4.801299321504901 2.4
      vertex 139.85208152801712 4.947918471982869 1.5899999999999999
    endloop
  endfacet
  facet normal -0.7518398074789344 0.6593458151001178 0
    outer loop
      vertex 139.85208152801712 4.947918471982869 1.5899999999999999
      vertex 139.85208152801712 4.947918471982869 2.4
      vertex 139.9987006784951 5.115105570685175 1.5899999999999999
    endloop
  endfacet
  facet normal -0.8314696123025316 0.5555702330196226 0
    outer loop
      vertex 139.9987006784951 5.115105570685175 1.5899999999999999
      vertex 139.9987006784951 5.115105570685175 2.4
      vertex 140.12224318643356 5.300000000000001 1.5899999999999999
    endloop
  endfacet
  facet normal -0.89687274153269 0.4422886902189979 0
    outer loop
      vertex 140.12224318643356 5.300000000000001 1.5899999999999999
      vertex 140.12224318643356 5.300000000000001 2.4
      vertex 140.2205952052692 5.499438164979348 1.5899999999999999
    endloop
  endfacet
  facet normal 0.946930129495124 0.3214394653031072 0
    outer loop
      vertex 137.0079260953086 5.7100076233257155 1.5899999999999999
      vertex 137.0079260953086 5.7100076233257155 2.4
      vertex 137.0794047947308 5.499438164979348 1.5899999999999999
    endloop
  endfacet
  facet normal 0.9807852804032352 0.19509032201610454 1.5247150384046315e-18
    outer loop
      vertex 137.0079260953086 5.7100076233257155 1.5899999999999999
      vertex 136.96454373566453 5.928105473225913 1.5899999999999999
      vertex 136.96454373566453 5.928105473225913 2.4
    endloop
  endfacet
  facet normal 0.9978589232386049 0.06540312923012169 8.549159725952151e-19
    outer loop
      vertex 136.96454373566453 5.928105473225913 1.5899999999999999
      vertex 136.95000000000002 6.15 1.5899999999999999
      vertex 136.95000000000002 6.15 2.4
    endloop
  endfacet
  facet normal 0.9978589232386049 -0.06540312923012169 -8.549159725952151e-19
    outer loop
      vertex 136.95000000000002 6.15 1.5899999999999999
      vertex 136.96454373566453 6.371894526774088 1.5899999999999999
      vertex 136.96454373566453 6.371894526774088 2.4
    endloop
  endfacet
  facet normal 0.9807852804032352 -0.19509032201610454 -1.5247150384046315e-18
    outer loop
      vertex 136.96454373566453 6.371894526774088 1.5899999999999999
      vertex 137.0079260953086 6.589992376674285 1.5899999999999999
      vertex 137.0079260953086 6.589992376674285 2.4
    endloop
  endfacet
  facet normal 0.946930129495124 -0.3214394653031072 -2.395185469603332e-18
    outer loop
      vertex 137.0079260953086 6.589992376674285 1.5899999999999999
      vertex 137.0794047947308 6.800561835020653 1.5899999999999999
      vertex 137.0794047947308 6.800561835020653 2.4
    endloop
  endfacet
  facet normal 0.89687274153269 -0.4422886902189979 -8.677521731862071e-18
    outer loop
      vertex 137.0794047947308 6.800561835020653 1.5899999999999999
      vertex 137.17775681356645 7 1.5899999999999999
      vertex 137.17775681356645 7 2.4
    endloop
  endfacet
  facet normal 0.8314696123025316 -0.5555702330196226 4.102243639974677e-18
    outer loop
      vertex 137.17775681356645 7 1.5899999999999999
      vertex 137.3012993215049 7.184894429314825 1.5899999999999999
      vertex 137.3012993215049 7.184894429314825 2.4
    endloop
  endfacet
  facet normal 0.7518398074789344 -0.6593458151001178 -5.903778492944901e-18
    outer loop
      vertex 137.3012993215049 7.184894429314825 1.5899999999999999
      vertex 137.4479184719829 7.352081528017131 1.5899999999999999
      vertex 137.4479184719829 7.352081528017131 2.4
    endloop
  endfacet
  facet normal 0.6593458151000797 -0.751839807478968 -8.584156391658322e-18
    outer loop
      vertex 137.4479184719829 7.352081528017131 1.5899999999999999
      vertex 137.6151055706852 7.4987006784951 1.5899999999999999
      vertex 137.6151055706852 7.4987006784951 2.4
    endloop
  endfacet
  facet normal 0.555570233019607 -0.831469612302542 -7.157870124210743e-18
    outer loop
      vertex 137.6151055706852 7.4987006784951 1.5899999999999999
      vertex 137.8 7.622243186433546 1.5899999999999999
      vertex 137.8 7.622243186433546 2.4
    endloop
  endfacet
  facet normal 0.44228869021901224 -0.8968727415326828 6.9120968675691485e-18
    outer loop
      vertex 137.8 7.622243186433546 1.5899999999999999
      vertex 137.99943816497935 7.720595205269188 1.5899999999999999
      vertex 137.99943816497935 7.720595205269188 2.4
    endloop
  endfacet
  facet normal -0.946930129495124 0.3214394653031072 0
    outer loop
      vertex 140.2205952052692 5.499438164979348 1.5899999999999999
      vertex 140.2205952052692 5.499438164979348 2.4
      vertex 140.29207390469142 5.7100076233257155 1.5899999999999999
    endloop
  endfacet
  facet normal -0.946930129495124 -0.3214394653031072 0
    outer loop
      vertex 140.29207390469142 6.589992376674285 1.5899999999999999
      vertex 140.29207390469142 6.589992376674285 2.4
      vertex 140.2205952052692 6.800561835020653 1.5899999999999999
    endloop
  endfacet
  facet normal -0.89687274153269 -0.4422886902189979 0
    outer loop
      vertex 140.2205952052692 6.800561835020653 1.5899999999999999
      vertex 140.2205952052692 6.800561835020653 2.4
      vertex 140.12224318643356 7 1.5899999999999999
    endloop
  endfacet
  facet normal 0.32143946530317674 -0.9469301294951006 1.5652102643369013e-18
    outer loop
      vertex 137.99943816497935 7.720595205269188 1.5899999999999999
      vertex 138.2100076233257 7.792073904691416 1.5899999999999999
      vertex 138.2100076233257 7.792073904691416 2.4
    endloop
  endfacet
  facet normal 0.19509032201612225 -0.9807852804032317 3.088224783745655e-18
    outer loop
      vertex 138.2100076233257 7.792073904691416 1.5899999999999999
      vertex 138.4281054732259 7.835456264335478 1.5899999999999999
      vertex 138.4281054732259 7.835456264335478 2.4
    endloop
  endfacet
  facet normal 0.06540312923014373 -0.9978589232386035 -5.203871896423593e-19
    outer loop
      vertex 138.4281054732259 7.835456264335478 1.5899999999999999
      vertex 138.65 7.8500000000000005 1.5899999999999999
      vertex 138.65 7.8500000000000005 2.4
    endloop
  endfacet
  facet normal -0.06540312923014373 -0.9978589232386035 5.203871896423593e-19
    outer loop
      vertex 138.65 7.8500000000000005 1.5899999999999999
      vertex 138.8718945267741 7.835456264335478 1.5899999999999999
      vertex 138.8718945267741 7.835456264335478 2.4
    endloop
  endfacet
  facet normal -0.19509032201612225 -0.9807852804032317 -3.088224783745655e-18
    outer loop
      vertex 138.8718945267741 7.835456264335478 1.5899999999999999
      vertex 139.0899923766743 7.792073904691416 1.5899999999999999
      vertex 139.0899923766743 7.792073904691416 2.4
    endloop
  endfacet
  facet normal -0.555570233019607 -0.831469612302542 7.157870124210743e-18
    outer loop
      vertex 139.5 7.622243186433546 1.5899999999999999
      vertex 139.68489442931482 7.4987006784951 1.5899999999999999
      vertex 139.68489442931482 7.4987006784951 2.4
    endloop
  endfacet
  facet normal -0.7518398074789344 -0.6593458151001178 0
    outer loop
      vertex 139.9987006784951 7.184894429314825 1.5899999999999999
      vertex 139.9987006784951 7.184894429314825 2.4
      vertex 139.85208152801712 7.352081528017131 1.5899999999999999
    endloop
  endfacet
  facet normal -0.8314696123025316 -0.5555702330196226 0
    outer loop
      vertex 140.12224318643356 7 1.5899999999999999
      vertex 140.12224318643356 7 2.4
      vertex 139.9987006784951 7.184894429314825 1.5899999999999999
    endloop
  endfacet
  facet normal -0.6593458151000797 -0.751839807478968 8.584156391658322e-18
    outer loop
      vertex 139.68489442931482 7.4987006784951 1.5899999999999999
      vertex 139.85208152801712 7.352081528017131 1.5899999999999999
      vertex 139.85208152801712 7.352081528017131 2.4
    endloop
  endfacet
  facet normal -0.32143946530317674 -0.9469301294951006 -1.5652102643369013e-18
    outer loop
      vertex 139.0899923766743 7.792073904691416 1.5899999999999999
      vertex 139.30056183502066 7.720595205269188 1.5899999999999999
      vertex 139.30056183502066 7.720595205269188 2.4
    endloop
  endfacet
  facet normal -0.44228869021901224 -0.8968727415326828 0
    outer loop
      vertex 139.5 7.622243186433546 1.5899999999999999
      vertex 139.5 7.622243186433546 2.4
      vertex 139.30056183502066 7.720595205269188 1.5899999999999999
    endloop
  endfacet
  facet normal -0.9807852804032352 0.19509032201610454 0
    outer loop
      vertex 140.29207390469142 5.7100076233257155 1.5899999999999999
      vertex 140.29207390469142 5.7100076233257155 2.4
      vertex 140.33545626433548 5.928105473225913 1.5899999999999999
    endloop
  endfacet
  facet normal -0.9978589232386049 0.06540312923012169 0
    outer loop
      vertex 140.33545626433548 5.928105473225913 1.5899999999999999
      vertex 140.33545626433548 5.928105473225913 2.4
      vertex 140.35 6.15 1.5899999999999999
    endloop
  endfacet
  facet normal -0.9978589232386049 -0.06540312923012169 0
    outer loop
      vertex 140.35 6.15 1.5899999999999999
      vertex 140.35 6.15 2.4
      vertex 140.33545626433548 6.371894526774088 1.5899999999999999
    endloop
  endfacet
  facet normal -0.9807852804032352 -0.19509032201610454 1.5247150384046315e-18
    outer loop
      vertex 140.29207390469142 6.589992376674285 1.5899999999999999
      vertex 140.33545626433548 6.371894526774088 1.5899999999999999
      vertex 140.33545626433548 6.371894526774088 2.4
    endloop
  endfacet
  facet normal 0.6593458151000797 0.751839807478968 0
    outer loop
      vertex 137.6151055706852 4.801299321504901 1.5899999999999999
      vertex 137.4479184719829 4.947918471982869 2.4
      vertex 137.6151055706852 4.801299321504901 2.4
    endloop
  endfacet
  facet normal 0.44228869021901224 0.8968727415326828 0
    outer loop
      vertex 137.99943816497935 4.579404794730813 1.5899999999999999
      vertex 137.8 4.677756813566455 2.4
      vertex 137.99943816497935 4.579404794730813 2.4
    endloop
  endfacet
  facet normal 0.555570233019607 0.831469612302542 0
    outer loop
      vertex 137.8 4.677756813566455 1.5899999999999999
      vertex 137.6151055706852 4.801299321504901 2.4
      vertex 137.8 4.677756813566455 2.4
    endloop
  endfacet
  facet normal 0.7518398074789344 0.6593458151001178 0
    outer loop
      vertex 137.4479184719829 4.947918471982869 1.5899999999999999
      vertex 137.3012993215049 5.115105570685175 2.4
      vertex 137.4479184719829 4.947918471982869 2.4
    endloop
  endfacet
  facet normal 0.8314696123025316 0.5555702330196226 0
    outer loop
      vertex 137.3012993215049 5.115105570685175 1.5899999999999999
      vertex 137.17775681356645 5.300000000000001 2.4
      vertex 137.3012993215049 5.115105570685175 2.4
    endloop
  endfacet
  facet normal 0.89687274153269 0.4422886902189979 0
    outer loop
      vertex 137.17775681356645 5.300000000000001 1.5899999999999999
      vertex 137.0794047947308 5.499438164979348 2.4
      vertex 137.17775681356645 5.300000000000001 2.4
    endloop
  endfacet
  facet normal 0.19509032201612225 0.9807852804032317 0
    outer loop
      vertex 138.4281054732259 4.464543735664523 1.5899999999999999
      vertex 138.2100076233257 4.5079260953085845 2.4
      vertex 138.4281054732259 4.464543735664523 2.4
    endloop
  endfacet
  facet normal 0.06540312923014373 0.9978589232386035 0
    outer loop
      vertex 138.65 4.45 1.5899999999999999
      vertex 138.4281054732259 4.464543735664523 2.4
      vertex 138.65 4.45 2.4
    endloop
  endfacet
  facet normal 0.32143946530317674 0.9469301294951006 0
    outer loop
      vertex 138.2100076233257 4.5079260953085845 1.5899999999999999
      vertex 137.99943816497935 4.579404794730813 2.4
      vertex 138.2100076233257 4.5079260953085845 2.4
    endloop
  endfacet
  facet normal -0.06540312923014373 0.9978589232386035 0
    outer loop
      vertex 138.8718945267741 4.464543735664523 1.5899999999999999
      vertex 138.65 4.45 2.4
      vertex 138.8718945267741 4.464543735664523 2.4
    endloop
  endfacet
  facet normal -0.19509032201612225 0.9807852804032317 0
    outer loop
      vertex 139.0899923766743 4.5079260953085845 1.5899999999999999
      vertex 138.8718945267741 4.464543735664523 2.4
      vertex 139.0899923766743 4.5079260953085845 2.4
    endloop
  endfacet
  facet normal -0.32143946530317674 0.9469301294951006 0
    outer loop
      vertex 139.30056183502066 4.579404794730813 1.5899999999999999
      vertex 139.0899923766743 4.5079260953085845 2.4
      vertex 139.30056183502066 4.579404794730813 2.4
    endloop
  endfacet
  facet normal -0.44228869021901224 0.8968727415326828 0
    outer loop
      vertex 139.5 4.677756813566455 1.5899999999999999
      vertex 139.30056183502066 4.579404794730813 2.4
      vertex 139.5 4.677756813566455 2.4
    endloop
  endfacet
  facet normal -0.555570233019607 0.831469612302542 0
    outer loop
      vertex 139.68489442931482 4.801299321504901 1.5899999999999999
      vertex 139.5 4.677756813566455 2.4
      vertex 139.68489442931482 4.801299321504901 2.4
    endloop
  endfacet
  facet normal -0.6593458151000797 0.751839807478968 0
    outer loop
      vertex 139.85208152801712 4.947918471982869 1.5899999999999999
      vertex 139.68489442931482 4.801299321504901 2.4
      vertex 139.85208152801712 4.947918471982869 2.4
    endloop
  endfacet
  facet normal -0.7518398074789344 0.6593458151001178 0
    outer loop
      vertex 139.9987006784951 5.115105570685175 1.5899999999999999
      vertex 139.85208152801712 4.947918471982869 2.4
      vertex 139.9987006784951 5.115105570685175 2.4
    endloop
  endfacet
  facet normal -0.8314696123025316 0.5555702330196226 0
    outer loop
      vertex 140.12224318643356 5.300000000000001 1.5899999999999999
      vertex 139.9987006784951 5.115105570685175 2.4
      vertex 140.12224318643356 5.300000000000001 2.4
    endloop
  endfacet
  facet normal -0.89687274153269 0.4422886902189979 0
    outer loop
      vertex 140.2205952052692 5.499438164979348 1.5899999999999999
      vertex 140.12224318643356 5.300000000000001 2.4
      vertex 140.2205952052692 5.499438164979348 2.4
    endloop
  endfacet
  facet normal 0.946930129495124 0.3214394653031072 0
    outer loop
      vertex 137.0794047947308 5.499438164979348 1.5899999999999999
      vertex 137.0079260953086 5.7100076233257155 2.4
      vertex 137.0794047947308 5.499438164979348 2.4
    endloop
  endfacet
  facet normal 0.9807852804032352 0.19509032201610454 0
    outer loop
      vertex 137.0079260953086 5.7100076233257155 1.5899999999999999
      vertex 136.96454373566453 5.928105473225913 2.4
      vertex 137.0079260953086 5.7100076233257155 2.4
    endloop
  endfacet
  facet normal 0.9978589232386049 0.06540312923012169 0
    outer loop
      vertex 136.96454373566453 5.928105473225913 1.5899999999999999
      vertex 136.95000000000002 6.15 2.4
      vertex 136.96454373566453 5.928105473225913 2.4
    endloop
  endfacet
  facet normal 0.9978589232386049 -0.06540312923012169 0
    outer loop
      vertex 136.95000000000002 6.15 1.5899999999999999
      vertex 136.96454373566453 6.371894526774088 2.4
      vertex 136.95000000000002 6.15 2.4
    endloop
  endfacet
  facet normal 0.9807852804032352 -0.19509032201610454 0
    outer loop
      vertex 136.96454373566453 6.371894526774088 1.5899999999999999
      vertex 137.0079260953086 6.589992376674285 2.4
      vertex 136.96454373566453 6.371894526774088 2.4
    endloop
  endfacet
  facet normal 0.946930129495124 -0.3214394653031072 0
    outer loop
      vertex 137.0079260953086 6.589992376674285 1.5899999999999999
      vertex 137.0794047947308 6.800561835020653 2.4
      vertex 137.0079260953086 6.589992376674285 2.4
    endloop
  endfacet
  facet normal 0.89687274153269 -0.4422886902189979 0
    outer loop
      vertex 137.0794047947308 6.800561835020653 1.5899999999999999
      vertex 137.17775681356645 7 2.4
      vertex 137.0794047947308 6.800561835020653 2.4
    endloop
  endfacet
  facet normal 0.8314696123025316 -0.5555702330196226 0
    outer loop
      vertex 137.17775681356645 7 1.5899999999999999
      vertex 137.3012993215049 7.184894429314825 2.4
      vertex 137.17775681356645 7 2.4
    endloop
  endfacet
  facet normal 0.7518398074789344 -0.6593458151001178 0
    outer loop
      vertex 137.3012993215049 7.184894429314825 1.5899999999999999
      vertex 137.4479184719829 7.352081528017131 2.4
      vertex 137.3012993215049 7.184894429314825 2.4
    endloop
  endfacet
  facet normal 0.6593458151000797 -0.751839807478968 0
    outer loop
      vertex 137.4479184719829 7.352081528017131 1.5899999999999999
      vertex 137.6151055706852 7.4987006784951 2.4
      vertex 137.4479184719829 7.352081528017131 2.4
    endloop
  endfacet
  facet normal 0.555570233019607 -0.831469612302542 0
    outer loop
      vertex 137.6151055706852 7.4987006784951 1.5899999999999999
      vertex 137.8 7.622243186433546 2.4
      vertex 137.6151055706852 7.4987006784951 2.4
    endloop
  endfacet
  facet normal 0.44228869021901224 -0.8968727415326828 0
    outer loop
      vertex 137.8 7.622243186433546 1.5899999999999999
      vertex 137.99943816497935 7.720595205269188 2.4
      vertex 137.8 7.622243186433546 2.4
    endloop
  endfacet
  facet normal -0.946930129495124 0.3214394653031072 0
    outer loop
      vertex 140.29207390469142 5.7100076233257155 1.5899999999999999
      vertex 140.2205952052692 5.499438164979348 2.4
      vertex 140.29207390469142 5.7100076233257155 2.4
    endloop
  endfacet
  facet normal -0.946930129495124 -0.3214394653031072 0
    outer loop
      vertex 140.2205952052692 6.800561835020653 1.5899999999999999
      vertex 140.29207390469142 6.589992376674285 2.4
      vertex 140.2205952052692 6.800561835020653 2.4
    endloop
  endfacet
  facet normal -0.89687274153269 -0.4422886902189979 0
    outer loop
      vertex 140.12224318643356 7 1.5899999999999999
      vertex 140.2205952052692 6.800561835020653 2.4
      vertex 140.12224318643356 7 2.4
    endloop
  endfacet
  facet normal 0.32143946530317674 -0.9469301294951006 0
    outer loop
      vertex 137.99943816497935 7.720595205269188 1.5899999999999999
      vertex 138.2100076233257 7.792073904691416 2.4
      vertex 137.99943816497935 7.720595205269188 2.4
    endloop
  endfacet
  facet normal 0.19509032201612225 -0.9807852804032317 0
    outer loop
      vertex 138.2100076233257 7.792073904691416 1.5899999999999999
      vertex 138.4281054732259 7.835456264335478 2.4
      vertex 138.2100076233257 7.792073904691416 2.4
    endloop
  endfacet
  facet normal 0.06540312923014373 -0.9978589232386035 0
    outer loop
      vertex 138.4281054732259 7.835456264335478 1.5899999999999999
      vertex 138.65 7.8500000000000005 2.4
      vertex 138.4281054732259 7.835456264335478 2.4
    endloop
  endfacet
  facet normal -0.06540312923014373 -0.9978589232386035 0
    outer loop
      vertex 138.65 7.8500000000000005 1.5899999999999999
      vertex 138.8718945267741 7.835456264335478 2.4
      vertex 138.65 7.8500000000000005 2.4
    endloop
  endfacet
  facet normal -0.19509032201612225 -0.9807852804032317 0
    outer loop
      vertex 138.8718945267741 7.835456264335478 1.5899999999999999
      vertex 139.0899923766743 7.792073904691416 2.4
      vertex 138.8718945267741 7.835456264335478 2.4
    endloop
  endfacet
  facet normal -0.555570233019607 -0.831469612302542 0
    outer loop
      vertex 139.5 7.622243186433546 1.5899999999999999
      vertex 139.68489442931482 7.4987006784951 2.4
      vertex 139.5 7.622243186433546 2.4
    endloop
  endfacet
  facet normal -0.8314696123025316 -0.5555702330196226 0
    outer loop
      vertex 139.9987006784951 7.184894429314825 1.5899999999999999
      vertex 140.12224318643356 7 2.4
      vertex 139.9987006784951 7.184894429314825 2.4
    endloop
  endfacet
  facet normal -0.6593458151000797 -0.751839807478968 0
    outer loop
      vertex 139.68489442931482 7.4987006784951 1.5899999999999999
      vertex 139.85208152801712 7.352081528017131 2.4
      vertex 139.68489442931482 7.4987006784951 2.4
    endloop
  endfacet
  facet normal -0.7518398074789344 -0.6593458151001178 0
    outer loop
      vertex 139.85208152801712 7.352081528017131 1.5899999999999999
      vertex 139.9987006784951 7.184894429314825 2.4
      vertex 139.85208152801712 7.352081528017131 2.4
    endloop
  endfacet
  facet normal -0.32143946530317674 -0.9469301294951006 0
    outer loop
      vertex 139.0899923766743 7.792073904691416 1.5899999999999999
      vertex 139.30056183502066 7.720595205269188 2.4
      vertex 139.0899923766743 7.792073904691416 2.4
    endloop
  endfacet
  facet normal -0.44228869021901224 -0.8968727415326828 0
    outer loop
      vertex 139.30056183502066 7.720595205269188 1.5899999999999999
      vertex 139.5 7.622243186433546 2.4
      vertex 139.30056183502066 7.720595205269188 2.4
    endloop
  endfacet
  facet normal -0.9807852804032352 0.19509032201610454 0
    outer loop
      vertex 140.33545626433548 5.928105473225913 1.5899999999999999
      vertex 140.29207390469142 5.7100076233257155 2.4
      vertex 140.33545626433548 5.928105473225913 2.4
    endloop
  endfacet
  facet normal -0.9978589232386049 0.06540312923012169 0
    outer loop
      vertex 140.35 6.15 1.5899999999999999
      vertex 140.33545626433548 5.928105473225913 2.4
      vertex 140.35 6.15 2.4
    endloop
  endfacet
  facet normal -0.9978589232386049 -0.06540312923012169 0
    outer loop
      vertex 140.33545626433548 6.371894526774088 1.5899999999999999
      vertex 140.35 6.15 2.4
      vertex 140.33545626433548 6.371894526774088 2.4
    endloop
  endfacet
  facet normal -0.9807852804032352 -0.19509032201610454 0
    outer loop
      vertex 140.29207390469142 6.589992376674285 1.5899999999999999
      vertex 140.33545626433548 6.371894526774088 2.4
      vertex 140.29207390469142 6.589992376674285 2.4
    endloop
  endfacet
  facet normal 0.4667272787359015 0.5322004619635974 -0.7063485793639807
    outer loop
      vertex 137.4479184719829 4.947918471982869 1.5899999999999999
      vertex 136.64717489856133 3.539867510441837 0
      vertex 136.32361868989625 3.823618689896259 0
    endloop
  endfacet
  facet normal 0.31308031699609506 0.6348640795793332 -0.7063485793639787
    outer loop
      vertex 137.8 4.677756813566455 1.5899999999999999
      vertex 137.39097150751888 3.110436338037867 0
      vertex 137.005 3.3007764215491977 0
    endloop
  endfacet
  facet normal 0.39326826236788115 0.5885675477331705 -0.7063485793639775
    outer loop
      vertex 137.6151055706852 4.801299321504901 1.5899999999999999
      vertex 137.005 3.3007764215491977 0
      vertex 136.64717489856133 3.539867510441837 0
    endloop
  endfacet
  facet normal 0.2275354805983163 0.670297911006282 -0.7063485793639764
    outer loop
      vertex 137.99943816497935 4.579404794730813 1.5899999999999999
      vertex 137.79848534161272 2.972104031508966 0
      vertex 137.39097150751888 3.110436338037867 0
    endloop
  endfacet
  facet normal 0.5322004619635847 0.46672727873591996 -0.706348579363978
    outer loop
      vertex 137.3012993215049 5.115105570685175 1.5899999999999999
      vertex 136.32361868989625 3.823618689896259 0
      vertex 136.03986751044184 4.1471748985613095 0
    endloop
  endfacet
  facet normal 0.5885675477331758 0.393268262367873 -0.7063485793639779
    outer loop
      vertex 137.17775681356645 5.300000000000001 1.5899999999999999
      vertex 136.03986751044184 4.1471748985613095 0
      vertex 135.8007764215492 4.505 0
    endloop
  endfacet
  facet normal 0.6348640795793227 0.3130803169961166 -0.7063485793639784
    outer loop
      vertex 137.0794047947308 5.499438164979348 1.5899999999999999
      vertex 135.8007764215492 4.505 0
      vertex 135.61043633803786 4.890971507518855 0
    endloop
  endfacet
  facet normal 0.6702979110063031 0.227535480598256 -0.7063485793639758
    outer loop
      vertex 137.0079260953086 5.7100076233257155 1.5899999999999999
      vertex 135.61043633803786 4.890971507518855 0
      vertex 135.472104031509 5.298485341612707 0
    endloop
  endfacet
  facet normal 0.13809744904271237 0.6942627593342354 -0.7063485793639772
    outer loop
      vertex 138.2100076233257 4.5079260953085845 1.5899999999999999
      vertex 138.22056882759603 2.888146406080164 0
      vertex 137.79848534161272 2.972104031508966 0
    endloop
  endfacet
  facet normal 0.04629653184613801 0.7063485793639778 -0.706348579363978
    outer loop
      vertex 138.4281054732259 4.464543735664523 1.5899999999999999
      vertex 138.65 2.8600000000000003 0
      vertex 138.22056882759603 2.888146406080164 0
    endloop
  endfacet
  facet normal -0.04629653184613786 0.7063485793639779 -0.7063485793639779
    outer loop
      vertex 138.65 4.45 1.5899999999999999
      vertex 139.07943117240399 2.888146406080164 0
      vertex 138.65 2.8600000000000003 0
    endloop
  endfacet
  facet normal -0.13809744904271223 0.6942627593342349 -0.7063485793639779
    outer loop
      vertex 138.8718945267741 4.464543735664523 1.5899999999999999
      vertex 139.5015146583873 2.972104031508966 0
      vertex 139.07943117240399 2.888146406080164 0
    endloop
  endfacet
  facet normal -0.22753548059831633 0.6702979110062821 -0.7063485793639763
    outer loop
      vertex 139.0899923766743 4.5079260953085845 1.5899999999999999
      vertex 139.90902849248113 3.110436338037867 0
      vertex 139.5015146583873 2.972104031508966 0
    endloop
  endfacet
  facet normal -0.3130803169960962 0.6348640795793352 -0.7063485793639762
    outer loop
      vertex 139.30056183502066 4.579404794730813 1.5899999999999999
      vertex 140.29500000000002 3.3007764215491977 0
      vertex 139.90902849248113 3.110436338037867 0
    endloop
  endfacet
  facet normal -0.3932682623678805 0.5885675477331694 -0.7063485793639789
    outer loop
      vertex 139.5 4.677756813566455 1.5899999999999999
      vertex 140.65282510143868 3.539867510441837 0
      vertex 140.29500000000002 3.3007764215491977 0
    endloop
  endfacet
  facet normal -0.46672727873590353 0.5322004619635996 -0.7063485793639777
    outer loop
      vertex 139.68489442931482 4.801299321504901 1.5899999999999999
      vertex 140.97638131010376 3.823618689896259 0
      vertex 140.65282510143868 3.539867510441837 0
    endloop
  endfacet
  facet normal -0.5322004619635817 0.46672727873591735 -0.7063485793639821
    outer loop
      vertex 139.85208152801712 4.947918471982869 1.5899999999999999
      vertex 141.26013248955817 4.1471748985613095 0
      vertex 140.97638131010376 3.823618689896259 0
    endloop
  endfacet
  facet normal -0.5885675477331757 0.3932682623678728 -0.706348579363978
    outer loop
      vertex 139.9987006784951 5.115105570685175 1.5899999999999999
      vertex 141.49922357845082 4.505 0
      vertex 141.26013248955817 4.1471748985613095 0
    endloop
  endfacet
  facet normal -0.6348640795793229 0.3130803169961165 -0.7063485793639783
    outer loop
      vertex 140.12224318643356 5.300000000000001 1.5899999999999999
      vertex 141.68956366196215 4.890971507518855 0
      vertex 141.49922357845082 4.505 0
    endloop
  endfacet
  facet normal -0.6702979110063022 0.22753548059825582 -0.7063485793639767
    outer loop
      vertex 140.2205952052692 5.499438164979348 1.5899999999999999
      vertex 141.82789596849102 5.298485341612707 0
      vertex 141.68956366196215 4.890971507518855 0
    endloop
  endfacet
  facet normal 0.31308031699612604 0.6348640795793217 -0.7063485793639752
    outer loop
      vertex 137.8 4.677756813566455 1.5899999999999999
      vertex 137.99943816497935 4.579404794730813 1.5899999999999999
      vertex 137.39097150751888 3.110436338037867 0
    endloop
  endfacet
  facet normal 0.2275354805983183 0.6702979110062816 -0.7063485793639762
    outer loop
      vertex 137.99943816497935 4.579404794730813 1.5899999999999999
      vertex 138.2100076233257 4.5079260953085845 1.5899999999999999
      vertex 137.79848534161272 2.972104031508966 0
    endloop
  endfacet
  facet normal 0.5885675477331741 0.3932682623678751 -0.7063485793639782
    outer loop
      vertex 137.3012993215049 5.115105570685175 1.5899999999999999
      vertex 136.03986751044184 4.1471748985613095 0
      vertex 137.17775681356645 5.300000000000001 1.5899999999999999
    endloop
  endfacet
  facet normal 0.6348640795793239 0.31308031699611455 -0.7063485793639783
    outer loop
      vertex 137.17775681356645 5.300000000000001 1.5899999999999999
      vertex 135.8007764215492 4.505 0
      vertex 137.0794047947308 5.499438164979348 1.5899999999999999
    endloop
  endfacet
  facet normal 0.6702979110062973 0.22753548059826875 -0.7063485793639771
    outer loop
      vertex 137.0079260953086 5.7100076233257155 1.5899999999999999
      vertex 137.0794047947308 5.499438164979348 1.5899999999999999
      vertex 135.61043633803786 4.890971507518855 0
    endloop
  endfacet
  facet normal 0.4667272787359378 0.5322004619635714 -0.7063485793639761
    outer loop
      vertex 137.4479184719829 4.947918471982869 1.5899999999999999
      vertex 137.6151055706852 4.801299321504901 1.5899999999999999
      vertex 136.64717489856133 3.539867510441837 0
    endloop
  endfacet
  facet normal 0.532200461963542 0.46672727873595965 -0.7063485793639839
    outer loop
      vertex 137.3012993215049 5.115105570685175 1.5899999999999999
      vertex 137.4479184719829 4.947918471982869 1.5899999999999999
      vertex 136.32361868989625 3.823618689896259 0
    endloop
  endfacet
  facet normal 0.39326826236786316 0.5885675477331802 -0.7063485793639797
    outer loop
      vertex 137.8 4.677756813566455 1.5899999999999999
      vertex 137.005 3.3007764215491977 0
      vertex 137.6151055706852 4.801299321504901 1.5899999999999999
    endloop
  endfacet
  facet normal 0.13809744904270232 0.6942627593342364 -0.7063485793639783
    outer loop
      vertex 138.4281054732259 4.464543735664523 1.5899999999999999
      vertex 138.22056882759603 2.888146406080164 0
      vertex 138.2100076233257 4.5079260953085845 1.5899999999999999
    endloop
  endfacet
  facet normal 0.0462965318461397 0.7063485793639778 -0.7063485793639778
    outer loop
      vertex 138.4281054732259 4.464543735664523 1.5899999999999999
      vertex 138.65 4.45 1.5899999999999999
      vertex 138.65 2.8600000000000003 0
    endloop
  endfacet
  facet normal -0.04629653184613969 0.7063485793639777 -0.7063485793639781
    outer loop
      vertex 138.65 4.45 1.5899999999999999
      vertex 138.8718945267741 4.464543735664523 1.5899999999999999
      vertex 139.07943117240399 2.888146406080164 0
    endloop
  endfacet
  facet normal -0.13809744904270257 0.6942627593342376 -0.7063485793639769
    outer loop
      vertex 138.8718945267741 4.464543735664523 1.5899999999999999
      vertex 139.0899923766743 4.5079260953085845 1.5899999999999999
      vertex 139.5015146583873 2.972104031508966 0
    endloop
  endfacet
  facet normal -0.2275354805983182 0.6702979110062813 -0.7063485793639764
    outer loop
      vertex 139.0899923766743 4.5079260953085845 1.5899999999999999
      vertex 139.30056183502066 4.579404794730813 1.5899999999999999
      vertex 139.90902849248113 3.110436338037867 0
    endloop
  endfacet
  facet normal -0.31308031699612404 0.6348640795793177 -0.7063485793639797
    outer loop
      vertex 139.30056183502066 4.579404794730813 1.5899999999999999
      vertex 139.5 4.677756813566455 1.5899999999999999
      vertex 140.29500000000002 3.3007764215491977 0
    endloop
  endfacet
  facet normal -0.39326826236786466 0.5885675477331824 -0.7063485793639768
    outer loop
      vertex 139.5 4.677756813566455 1.5899999999999999
      vertex 139.68489442931482 4.801299321504901 1.5899999999999999
      vertex 140.65282510143868 3.539867510441837 0
    endloop
  endfacet
  facet normal -0.46672727873593384 0.532200461963567 -0.7063485793639822
    outer loop
      vertex 139.68489442931482 4.801299321504901 1.5899999999999999
      vertex 139.85208152801712 4.947918471982869 1.5899999999999999
      vertex 140.97638131010376 3.823618689896259 0
    endloop
  endfacet
  facet normal -0.532200461963548 0.46672727873596487 -0.7063485793639761
    outer loop
      vertex 139.85208152801712 4.947918471982869 1.5899999999999999
      vertex 139.9987006784951 5.115105570685175 1.5899999999999999
      vertex 141.26013248955817 4.1471748985613095 0
    endloop
  endfacet
  facet normal -0.5885675477331743 0.39326826236787527 -0.7063485793639777
    outer loop
      vertex 139.9987006784951 5.115105570685175 1.5899999999999999
      vertex 140.12224318643356 5.300000000000001 1.5899999999999999
      vertex 141.49922357845082 4.505 0
    endloop
  endfacet
  facet normal -0.6348640795793237 0.31308031699611444 -0.7063485793639785
    outer loop
      vertex 140.12224318643356 5.300000000000001 1.5899999999999999
      vertex 140.2205952052692 5.499438164979348 1.5899999999999999
      vertex 141.68956366196215 4.890971507518855 0
    endloop
  endfacet
  facet normal -0.6702979110062991 0.22753548059826936 -0.7063485793639752
    outer loop
      vertex 140.2205952052692 5.499438164979348 1.5899999999999999
      vertex 140.29207390469142 5.7100076233257155 1.5899999999999999
      vertex 141.82789596849102 5.298485341612707 0
    endloop
  endfacet
  facet normal 0.6942627593342218 0.13809744904276292 -0.706348579363981
    outer loop
      vertex 136.96454373566453 5.928105473225913 1.5899999999999999
      vertex 135.472104031509 5.298485341612707 0
      vertex 135.38814640608015 5.720568827596031 0
    endloop
  endfacet
  facet normal 0.7063485793639706 0.04629653184614607 -0.7063485793639848
    outer loop
      vertex 136.95000000000002 6.15 1.5899999999999999
      vertex 135.38814640608015 5.720568827596031 0
      vertex 135.35999999999999 6.15 0
    endloop
  endfacet
  facet normal 0.7063485793639721 -0.04629653184614604 -0.7063485793639832
    outer loop
      vertex 136.96454373566453 6.371894526774088 1.5899999999999999
      vertex 135.35999999999999 6.15 0
      vertex 135.38814640608015 6.57943117240397 0
    endloop
  endfacet
  facet normal 0.6942627593342269 -0.1380974490427636 -0.7063485793639757
    outer loop
      vertex 137.0079260953086 6.589992376674285 1.5899999999999999
      vertex 135.38814640608015 6.57943117240397 0
      vertex 135.472104031509 7.001514658387293 0
    endloop
  endfacet
  facet normal 0.6702979110063022 -0.22753548059825582 -0.7063485793639767
    outer loop
      vertex 137.0794047947308 6.800561835020653 1.5899999999999999
      vertex 135.472104031509 7.001514658387293 0
      vertex 135.61043633803786 7.409028492481146 0
    endloop
  endfacet
  facet normal 0.6348640795793229 -0.3130803169961165 -0.7063485793639783
    outer loop
      vertex 137.17775681356645 7 1.5899999999999999
      vertex 135.61043633803786 7.409028492481146 0
      vertex 135.8007764215492 7.795000000000001 0
    endloop
  endfacet
  facet normal 0.5885675477331752 -0.39326826236787354 -0.7063485793639779
    outer loop
      vertex 137.3012993215049 7.184894429314825 1.5899999999999999
      vertex 135.8007764215492 7.795000000000001 0
      vertex 136.03986751044184 8.15282510143869 0
    endloop
  endfacet
  facet normal 0.5322004619635824 -0.4667272787359166 -0.706348579363982
    outer loop
      vertex 137.4479184719829 7.352081528017131 1.5899999999999999
      vertex 136.03986751044184 8.15282510143869 0
      vertex 136.32361868989625 8.476381310103742 0
    endloop
  endfacet
  facet normal 0.46672727873590303 -0.5322004619636 -0.7063485793639777
    outer loop
      vertex 137.6151055706852 7.4987006784951 1.5899999999999999
      vertex 136.32361868989625 8.476381310103742 0
      vertex 136.64717489856133 8.760132489558163 0
    endloop
  endfacet
  facet normal 0.3932682623678825 -0.5885675477331679 -0.706348579363979
    outer loop
      vertex 137.8 7.622243186433546 1.5899999999999999
      vertex 136.64717489856133 8.760132489558163 0
      vertex 137.005 8.999223578450804 0
    endloop
  endfacet
  facet normal 0.31308031699609534 -0.6348640795793353 -0.7063485793639764
    outer loop
      vertex 137.99943816497935 7.720595205269188 1.5899999999999999
      vertex 137.005 8.999223578450804 0
      vertex 137.39097150751888 9.189563661962135 0
    endloop
  endfacet
  facet normal 0.22753548059831502 -0.6702979110062826 -0.7063485793639763
    outer loop
      vertex 138.2100076233257 7.792073904691416 1.5899999999999999
      vertex 137.39097150751888 9.189563661962135 0
      vertex 137.79848534161272 9.327895968491035 0
    endloop
  endfacet
  facet normal 0.13809744904271223 -0.6942627593342349 -0.7063485793639779
    outer loop
      vertex 138.4281054732259 7.835456264335478 1.5899999999999999
      vertex 137.79848534161272 9.327895968491035 0
      vertex 138.22056882759603 9.411853593919837 0
    endloop
  endfacet
  facet normal 0.046296531846136496 -0.7063485793639781 -0.7063485793639777
    outer loop
      vertex 138.65 7.8500000000000005 1.5899999999999999
      vertex 138.22056882759603 9.411853593919837 0
      vertex 138.65 9.44 0
    endloop
  endfacet
  facet normal -0.04629653184613656 -0.706348579363978 -0.706348579363978
    outer loop
      vertex 138.8718945267741 7.835456264335478 1.5899999999999999
      vertex 138.65 9.44 0
      vertex 139.07943117240399 9.411853593919837 0
    endloop
  endfacet
  facet normal -0.13809744904271237 -0.6942627593342354 -0.7063485793639772
    outer loop
      vertex 139.0899923766743 7.792073904691416 1.5899999999999999
      vertex 139.07943117240399 9.411853593919837 0
      vertex 139.5015146583873 9.327895968491035 0
    endloop
  endfacet
  facet normal -0.22753548059831505 -0.6702979110062823 -0.7063485793639765
    outer loop
      vertex 139.30056183502066 7.720595205269188 1.5899999999999999
      vertex 139.5015146583873 9.327895968491035 0
      vertex 139.90902849248113 9.189563661962135 0
    endloop
  endfacet
  facet normal -0.31308031699609423 -0.6348640795793333 -0.7063485793639788
    outer loop
      vertex 139.5 7.622243186433546 1.5899999999999999
      vertex 139.90902849248113 9.189563661962135 0
      vertex 140.29500000000002 8.999223578450804 0
    endloop
  endfacet
  facet normal -0.39326826236788337 -0.5885675477331692 -0.7063485793639775
    outer loop
      vertex 139.68489442931482 7.4987006784951 1.5899999999999999
      vertex 140.29500000000002 8.999223578450804 0
      vertex 140.65282510143868 8.760132489558163 0
    endloop
  endfacet
  facet normal -0.6942627593342269 0.1380974490427636 -0.7063485793639757
    outer loop
      vertex 140.29207390469142 5.7100076233257155 1.5899999999999999
      vertex 141.91185359391986 5.720568827596031 0
      vertex 141.82789596849102 5.298485341612707 0
    endloop
  endfacet
  facet normal -0.7063485793639721 0.04629653184614604 -0.7063485793639832
    outer loop
      vertex 140.33545626433548 5.928105473225913 1.5899999999999999
      vertex 141.94000000000003 6.15 0
      vertex 141.91185359391986 5.720568827596031 0
    endloop
  endfacet
  facet normal -0.7063485793639706 -0.04629653184614607 -0.7063485793639848
    outer loop
      vertex 140.35 6.15 1.5899999999999999
      vertex 141.91185359391986 6.57943117240397 0
      vertex 141.94000000000003 6.15 0
    endloop
  endfacet
  facet normal -0.6942627593342218 -0.13809744904276292 -0.706348579363981
    outer loop
      vertex 140.33545626433548 6.371894526774088 1.5899999999999999
      vertex 141.82789596849102 7.001514658387293 0
      vertex 141.91185359391986 6.57943117240397 0
    endloop
  endfacet
  facet normal -0.6702979110063031 -0.227535480598256 -0.7063485793639758
    outer loop
      vertex 140.29207390469142 6.589992376674285 1.5899999999999999
      vertex 141.68956366196215 7.409028492481146 0
      vertex 141.82789596849102 7.001514658387293 0
    endloop
  endfacet
  facet normal -0.6348640795793227 -0.3130803169961166 -0.7063485793639784
    outer loop
      vertex 140.2205952052692 6.800561835020653 1.5899999999999999
      vertex 141.49922357845082 7.795000000000001 0
      vertex 141.68956366196215 7.409028492481146 0
    endloop
  endfacet
  facet normal -0.5322004619635855 -0.4667272787359192 -0.7063485793639778
    outer loop
      vertex 139.9987006784951 7.184894429314825 1.5899999999999999
      vertex 140.97638131010376 8.476381310103742 0
      vertex 141.26013248955817 8.15282510143869 0
    endloop
  endfacet
  facet normal -0.4667272787359011 -0.5322004619635977 -0.7063485793639808
    outer loop
      vertex 139.85208152801712 7.352081528017131 1.5899999999999999
      vertex 140.65282510143868 8.760132489558163 0
      vertex 140.97638131010376 8.476381310103742 0
    endloop
  endfacet
  facet normal -0.5885675477331753 -0.39326826236787366 -0.7063485793639778
    outer loop
      vertex 140.12224318643356 7 1.5899999999999999
      vertex 141.26013248955817 8.15282510143869 0
      vertex 141.49922357845082 7.795000000000001 0
    endloop
  endfacet
  facet normal 0.6942627593342439 0.13809744904269078 -0.7063485793639732
    outer loop
      vertex 137.0079260953086 5.7100076233257155 1.5899999999999999
      vertex 135.472104031509 5.298485341612707 0
      vertex 136.96454373566453 5.928105473225913 1.5899999999999999
    endloop
  endfacet
  facet normal 0.7063485793639743 0.0462965318461238 -0.7063485793639824
    outer loop
      vertex 136.96454373566453 5.928105473225913 1.5899999999999999
      vertex 135.38814640608015 5.720568827596031 0
      vertex 136.95000000000002 6.15 1.5899999999999999
    endloop
  endfacet
  facet normal 0.7063485793639712 -0.0462965318461236 -0.7063485793639854
    outer loop
      vertex 136.95000000000002 6.15 1.5899999999999999
      vertex 135.35999999999999 6.15 0
      vertex 136.96454373566453 6.371894526774088 1.5899999999999999
    endloop
  endfacet
  facet normal 0.6942627593342339 -0.13809744904268878 -0.7063485793639834
    outer loop
      vertex 136.96454373566453 6.371894526774088 1.5899999999999999
      vertex 135.38814640608015 6.57943117240397 0
      vertex 137.0079260953086 6.589992376674285 1.5899999999999999
    endloop
  endfacet
  facet normal 0.6702979110062991 -0.22753548059826936 -0.7063485793639753
    outer loop
      vertex 137.0079260953086 6.589992376674285 1.5899999999999999
      vertex 135.472104031509 7.001514658387293 0
      vertex 137.0794047947308 6.800561835020653 1.5899999999999999
    endloop
  endfacet
  facet normal 0.6348640795793237 -0.31308031699611444 -0.7063485793639785
    outer loop
      vertex 137.0794047947308 6.800561835020653 1.5899999999999999
      vertex 135.61043633803786 7.409028492481146 0
      vertex 137.17775681356645 7 1.5899999999999999
    endloop
  endfacet
  facet normal 0.5885675477331743 -0.39326826236787527 -0.7063485793639777
    outer loop
      vertex 137.17775681356645 7 1.5899999999999999
      vertex 135.8007764215492 7.795000000000001 0
      vertex 137.3012993215049 7.184894429314825 1.5899999999999999
    endloop
  endfacet
  facet normal 0.5322004619635481 -0.4667272787359649 -0.706348579363976
    outer loop
      vertex 137.3012993215049 7.184894429314825 1.5899999999999999
      vertex 136.03986751044184 8.15282510143869 0
      vertex 137.4479184719829 7.352081528017131 1.5899999999999999
    endloop
  endfacet
  facet normal 0.46672727873593384 -0.532200461963567 -0.7063485793639822
    outer loop
      vertex 137.4479184719829 7.352081528017131 1.5899999999999999
      vertex 136.32361868989625 8.476381310103742 0
      vertex 137.6151055706852 7.4987006784951 1.5899999999999999
    endloop
  endfacet
  facet normal 0.3932682623678647 -0.5885675477331825 -0.7063485793639768
    outer loop
      vertex 137.6151055706852 7.4987006784951 1.5899999999999999
      vertex 136.64717489856133 8.760132489558163 0
      vertex 137.8 7.622243186433546 1.5899999999999999
    endloop
  endfacet
  facet normal 0.31308031699612393 -0.6348640795793175 -0.7063485793639799
    outer loop
      vertex 137.8 7.622243186433546 1.5899999999999999
      vertex 137.005 8.999223578450804 0
      vertex 137.99943816497935 7.720595205269188 1.5899999999999999
    endloop
  endfacet
  facet normal 0.22753548059831813 -0.6702979110062811 -0.7063485793639767
    outer loop
      vertex 137.99943816497935 7.720595205269188 1.5899999999999999
      vertex 137.39097150751888 9.189563661962135 0
      vertex 138.2100076233257 7.792073904691416 1.5899999999999999
    endloop
  endfacet
  facet normal 0.13809744904270257 -0.6942627593342376 -0.7063485793639769
    outer loop
      vertex 138.2100076233257 7.792073904691416 1.5899999999999999
      vertex 137.79848534161272 9.327895968491035 0
      vertex 138.4281054732259 7.835456264335478 1.5899999999999999
    endloop
  endfacet
  facet normal -0.22753548059831832 -0.6702979110062817 -0.7063485793639762
    outer loop
      vertex 139.0899923766743 7.792073904691416 1.5899999999999999
      vertex 139.5015146583873 9.327895968491035 0
      vertex 139.30056183502066 7.720595205269188 1.5899999999999999
    endloop
  endfacet
  facet normal -0.313080316996126 -0.6348640795793216 -0.7063485793639753
    outer loop
      vertex 139.5 7.622243186433546 1.5899999999999999
      vertex 139.30056183502066 7.720595205269188 1.5899999999999999
      vertex 139.90902849248113 9.189563661962135 0
    endloop
  endfacet
  facet normal -0.4667272787359379 -0.5322004619635715 -0.7063485793639761
    outer loop
      vertex 139.68489442931482 7.4987006784951 1.5899999999999999
      vertex 140.65282510143868 8.760132489558163 0
      vertex 139.85208152801712 7.352081528017131 1.5899999999999999
    endloop
  endfacet
  facet normal -0.39326826236786305 -0.58856754773318 -0.7063485793639799
    outer loop
      vertex 139.5 7.622243186433546 1.5899999999999999
      vertex 140.29500000000002 8.999223578450804 0
      vertex 139.68489442931482 7.4987006784951 1.5899999999999999
    endloop
  endfacet
  facet normal 0.04629653184613969 -0.7063485793639777 -0.7063485793639781
    outer loop
      vertex 138.4281054732259 7.835456264335478 1.5899999999999999
      vertex 138.22056882759603 9.411853593919837 0
      vertex 138.65 7.8500000000000005 1.5899999999999999
    endloop
  endfacet
  facet normal -0.046296531846139716 -0.706348579363978 -0.7063485793639775
    outer loop
      vertex 138.65 7.8500000000000005 1.5899999999999999
      vertex 138.65 9.44 0
      vertex 138.8718945267741 7.835456264335478 1.5899999999999999
    endloop
  endfacet
  facet normal -0.13809744904270232 -0.6942627593342364 -0.7063485793639783
    outer loop
      vertex 138.8718945267741 7.835456264335478 1.5899999999999999
      vertex 139.07943117240399 9.411853593919837 0
      vertex 139.0899923766743 7.792073904691416 1.5899999999999999
    endloop
  endfacet
  facet normal -0.6942627593342339 0.13809744904268878 -0.7063485793639834
    outer loop
      vertex 140.29207390469142 5.7100076233257155 1.5899999999999999
      vertex 140.33545626433548 5.928105473225913 1.5899999999999999
      vertex 141.91185359391986 5.720568827596031 0
    endloop
  endfacet
  facet normal -0.7063485793639712 0.0462965318461236 -0.7063485793639854
    outer loop
      vertex 140.33545626433548 5.928105473225913 1.5899999999999999
      vertex 140.35 6.15 1.5899999999999999
      vertex 141.94000000000003 6.15 0
    endloop
  endfacet
  facet normal -0.6942627593342439 -0.13809744904269078 -0.7063485793639732
    outer loop
      vertex 140.29207390469142 6.589992376674285 1.5899999999999999
      vertex 141.82789596849102 7.001514658387293 0
      vertex 140.33545626433548 6.371894526774088 1.5899999999999999
    endloop
  endfacet
  facet normal -0.6702979110062973 -0.22753548059826875 -0.7063485793639771
    outer loop
      vertex 140.29207390469142 6.589992376674285 1.5899999999999999
      vertex 140.2205952052692 6.800561835020653 1.5899999999999999
      vertex 141.68956366196215 7.409028492481146 0
    endloop
  endfacet
  facet normal -0.7063485793639743 -0.0462965318461238 -0.7063485793639824
    outer loop
      vertex 140.35 6.15 1.5899999999999999
      vertex 140.33545626433548 6.371894526774088 1.5899999999999999
      vertex 141.91185359391986 6.57943117240397 0
    endloop
  endfacet
  facet normal -0.6348640795793239 -0.31308031699611455 -0.7063485793639783
    outer loop
      vertex 140.2205952052692 6.800561835020653 1.5899999999999999
      vertex 140.12224318643356 7 1.5899999999999999
      vertex 141.49922357845082 7.795000000000001 0
    endloop
  endfacet
  facet normal -0.5885675477331741 -0.3932682623678751 -0.706348579363978
    outer loop
      vertex 140.12224318643356 7 1.5899999999999999
      vertex 139.9987006784951 7.184894429314825 1.5899999999999999
      vertex 141.26013248955817 8.15282510143869 0
    endloop
  endfacet
  facet normal -0.532200461963542 -0.46672727873595965 -0.7063485793639839
    outer loop
      vertex 139.9987006784951 7.184894429314825 1.5899999999999999
      vertex 139.85208152801712 7.352081528017131 1.5899999999999999
      vertex 140.97638131010376 8.476381310103742 0
    endloop
  endfacet
  facet normal 0.6593458151000061 0.7518398074790323 0
    outer loop
      vertex 64.9636038969321 35.7636038969321 0
      vertex 64.9636038969321 35.7636038969321 2.4
      vertex 65.05211471389215 35.68598199373789 0
    endloop
  endfacet
  facet normal 0.7518398074790061 0.659345815100036 -1.2924216701476303e-18
    outer loop
      vertex 64.9636038969321 35.7636038969321 0
      vertex 64.88598199373789 35.85211471389215 0
      vertex 64.88598199373789 35.85211471389215 2.4
    endloop
  endfacet
  facet normal 0.8314696123025718 0.5555702330195625 3.0745390633459606e-19
    outer loop
      vertex 64.88598199373789 35.85211471389215 0
      vertex 64.82057713659401 35.949999999999996 0
      vertex 64.82057713659401 35.949999999999996 2.4
    endloop
  endfacet
  facet normal 0.8968727415326484 0.44228869021908207 -3.3568992228036835e-19
    outer loop
      vertex 64.82057713659401 35.949999999999996 0
      vertex 64.76850842073983 36.05558491087142 0
      vertex 64.76850842073983 36.05558491087142 2.4
    endloop
  endfacet
  facet normal 0.44228869021900896 0.8968727415326846 0
    outer loop
      vertex 65.15 35.620577136594 0
      vertex 65.15 35.620577136594 2.4
      vertex 65.25558491087142 35.56850842073984 0
    endloop
  endfacet
  facet normal 0.5555702330196182 0.8314696123025346 0
    outer loop
      vertex 65.05211471389215 35.68598199373789 0
      vertex 65.05211471389215 35.68598199373789 2.4
      vertex 65.15 35.620577136594 0
    endloop
  endfacet
  facet normal 0.3214394653031432 0.9469301294951119 0
    outer loop
      vertex 65.25558491087142 35.56850842073984 0
      vertex 65.25558491087142 35.56850842073984 2.4
      vertex 65.36706285940772 35.53066675633984 0
    endloop
  endfacet
  facet normal 0.19509032201615187 0.9807852804032257 0
    outer loop
      vertex 65.36706285940772 35.53066675633984 0
      vertex 65.36706285940772 35.53066675633984 2.4
      vertex 65.48252642700196 35.50769962476357 0
    endloop
  endfacet
  facet normal 0.06540312923012327 0.9978589232386048 0
    outer loop
      vertex 65.48252642700196 35.50769962476357 0
      vertex 65.48252642700196 35.50769962476357 2.4
      vertex 65.6 35.5 0
    endloop
  endfacet
  facet normal -0.0654031292301154 0.9978589232386053 0
    outer loop
      vertex 65.6 35.5 0
      vertex 65.6 35.5 2.4
      vertex 65.71747357299805 35.50769962476357 0
    endloop
  endfacet
  facet normal -0.195090322016175 0.9807852804032212 0
    outer loop
      vertex 65.71747357299805 35.50769962476357 0
      vertex 65.71747357299805 35.50769962476357 2.4
      vertex 65.83293714059226 35.53066675633984 0
    endloop
  endfacet
  facet normal -0.3214394653031065 0.9469301294951245 0
    outer loop
      vertex 65.83293714059226 35.53066675633984 0
      vertex 65.83293714059226 35.53066675633984 2.4
      vertex 65.94441508912858 35.56850842073984 0
    endloop
  endfacet
  facet normal -0.44228869021900896 0.8968727415326846 0
    outer loop
      vertex 65.94441508912858 35.56850842073984 2.4
      vertex 66.05 35.620577136594 0
      vertex 65.94441508912858 35.56850842073984 0
    endloop
  endfacet
  facet normal -0.5555702330196182 0.8314696123025346 0
    outer loop
      vertex 66.05 35.620577136594 0
      vertex 66.05 35.620577136594 2.4
      vertex 66.14788528610785 35.68598199373789 0
    endloop
  endfacet
  facet normal -0.659345815100066 0.7518398074789799 0
    outer loop
      vertex 66.14788528610785 35.68598199373789 0
      vertex 66.14788528610785 35.68598199373789 2.4
      vertex 66.23639610306789 35.7636038969321 0
    endloop
  endfacet
  facet normal -0.7518398074789464 0.6593458151001043 0
    outer loop
      vertex 66.23639610306789 35.7636038969321 0
      vertex 66.23639610306789 35.7636038969321 2.4
      vertex 66.31401800626212 35.85211471389215 0
    endloop
  endfacet
  facet normal -0.8314696123025718 0.5555702330195625 -3.0745390633459606e-19
    outer loop
      vertex 66.37942286340599 35.949999999999996 0
      vertex 66.31401800626212 35.85211471389215 0
      vertex 66.31401800626212 35.85211471389215 2.4
    endloop
  endfacet
  facet normal -0.8968727415326962 0.442288690218985 6.329142351190511e-19
    outer loop
      vertex 66.43149157926015 36.05558491087142 0
      vertex 66.37942286340599 35.949999999999996 0
      vertex 66.37942286340599 35.949999999999996 2.4
    endloop
  endfacet
  facet normal 0.9469301294951364 0.3214394653030707 2.4844916116812336e-19
    outer loop
      vertex 64.76850842073983 36.05558491087142 0
      vertex 64.73066675633984 36.16706285940773 0
      vertex 64.73066675633984 36.16706285940773 2.4
    endloop
  endfacet
  facet normal 0.980785280403212 0.1950903220162215 4.615331011630328e-19
    outer loop
      vertex 64.73066675633984 36.16706285940773 0
      vertex 64.70769962476356 36.282526427001955 0
      vertex 64.70769962476356 36.282526427001955 2.4
    endloop
  endfacet
  facet normal 0.9978589232386091 0.06540312923005925 7.894769461739015e-20
    outer loop
      vertex 64.70769962476356 36.282526427001955 0
      vertex 64.7 36.4 0
      vertex 64.7 36.4 2.4
    endloop
  endfacet
  facet normal 0.9978589232386091 -0.06540312923005925 -7.894769461739015e-20
    outer loop
      vertex 64.7 36.4 0
      vertex 64.70769962476356 36.51747357299804 0
      vertex 64.70769962476356 36.51747357299804 2.4
    endloop
  endfacet
  facet normal 0.980785280403212 -0.1950903220162215 -4.615331011630328e-19
    outer loop
      vertex 64.70769962476356 36.51747357299804 0
      vertex 64.73066675633984 36.63293714059227 0
      vertex 64.73066675633984 36.63293714059227 2.4
    endloop
  endfacet
  facet normal 0.9469301294951364 -0.3214394653030707 -2.4844916116812336e-19
    outer loop
      vertex 64.73066675633984 36.63293714059227 0
      vertex 64.76850842073983 36.74441508912858 0
      vertex 64.76850842073983 36.74441508912858 2.4
    endloop
  endfacet
  facet normal 0.8968727415326484 -0.44228869021908207 3.3568992228036835e-19
    outer loop
      vertex 64.76850842073983 36.74441508912858 0
      vertex 64.82057713659401 36.85 0
      vertex 64.82057713659401 36.85 2.4
    endloop
  endfacet
  facet normal 0.8314696123025718 -0.5555702330195625 -3.0745390633459606e-19
    outer loop
      vertex 64.82057713659401 36.85 0
      vertex 64.88598199373789 36.94788528610785 0
      vertex 64.88598199373789 36.94788528610785 2.4
    endloop
  endfacet
  facet normal 0.7518398074790061 -0.659345815100036 1.2924216701476303e-18
    outer loop
      vertex 64.88598199373789 36.94788528610785 0
      vertex 64.9636038969321 37.036396103067894 0
      vertex 64.9636038969321 37.036396103067894 2.4
    endloop
  endfacet
  facet normal 0.6593458151000061 -0.7518398074790323 0
    outer loop
      vertex 65.05211471389215 37.11401800626211 2.4
      vertex 64.9636038969321 37.036396103067894 0
      vertex 65.05211471389215 37.11401800626211 0
    endloop
  endfacet
  facet normal 0.5555702330196182 -0.8314696123025346 0
    outer loop
      vertex 65.15 37.179422863405996 0
      vertex 65.15 37.179422863405996 2.4
      vertex 65.05211471389215 37.11401800626211 0
    endloop
  endfacet
  facet normal 0.44228869021900896 -0.8968727415326846 0
    outer loop
      vertex 65.25558491087142 37.23149157926016 0
      vertex 65.25558491087142 37.23149157926016 2.4
      vertex 65.15 37.179422863405996 0
    endloop
  endfacet
  facet normal 0.3214394653031432 -0.9469301294951119 0
    outer loop
      vertex 65.36706285940772 37.26933324366016 0
      vertex 65.36706285940772 37.26933324366016 2.4
      vertex 65.25558491087142 37.23149157926016 0
    endloop
  endfacet
  facet normal 0.19509032201615187 -0.9807852804032257 0
    outer loop
      vertex 65.48252642700196 37.29230037523643 0
      vertex 65.48252642700196 37.29230037523643 2.4
      vertex 65.36706285940772 37.26933324366016 0
    endloop
  endfacet
  facet normal 0.06540312923012327 -0.9978589232386048 0
    outer loop
      vertex 65.6 37.3 0
      vertex 65.6 37.3 2.4
      vertex 65.48252642700196 37.29230037523643 0
    endloop
  endfacet
  facet normal -0.9469301294950998 0.32143946530317896 1.1474413751089625e-18
    outer loop
      vertex 66.46933324366016 36.16706285940773 0
      vertex 66.43149157926015 36.05558491087142 0
      vertex 66.43149157926015 36.05558491087142 2.4
    endloop
  endfacet
  facet normal -0.9807852804032351 0.1950903220161054 2.9030080596004424e-19
    outer loop
      vertex 66.49230037523643 36.282526427001955 0
      vertex 66.46933324366016 36.16706285940773 0
      vertex 66.46933324366016 36.16706285940773 2.4
    endloop
  endfacet
  facet normal -0.997858923238601 0.06540312923017944 1.1144476620977665e-19
    outer loop
      vertex 66.5 36.4 0
      vertex 66.49230037523643 36.282526427001955 0
      vertex 66.49230037523643 36.282526427001955 2.4
    endloop
  endfacet
  facet normal -0.9469301294950998 -0.32143946530317896 -1.1474413751089625e-18
    outer loop
      vertex 66.43149157926015 36.74441508912858 0
      vertex 66.46933324366016 36.63293714059227 0
      vertex 66.46933324366016 36.63293714059227 2.4
    endloop
  endfacet
  facet normal -0.997858923238601 -0.06540312923017944 -1.1144476620977665e-19
    outer loop
      vertex 66.49230037523643 36.51747357299804 0
      vertex 66.5 36.4 0
      vertex 66.5 36.4 2.4
    endloop
  endfacet
  facet normal -0.9807852804032351 -0.1950903220161054 -2.9030080596004424e-19
    outer loop
      vertex 66.46933324366016 36.63293714059227 0
      vertex 66.49230037523643 36.51747357299804 0
      vertex 66.49230037523643 36.51747357299804 2.4
    endloop
  endfacet
  facet normal -0.195090322016175 -0.9807852804032212 0
    outer loop
      vertex 65.83293714059226 37.26933324366016 0
      vertex 65.83293714059226 37.26933324366016 2.4
      vertex 65.71747357299805 37.29230037523643 0
    endloop
  endfacet
  facet normal -0.0654031292301154 -0.9978589232386053 0
    outer loop
      vertex 65.71747357299805 37.29230037523643 0
      vertex 65.71747357299805 37.29230037523643 2.4
      vertex 65.6 37.3 0
    endloop
  endfacet
  facet normal -0.44228869021900896 -0.8968727415326846 0
    outer loop
      vertex 66.05 37.179422863405996 0
      vertex 66.05 37.179422863405996 2.4
      vertex 65.94441508912858 37.23149157926016 0
    endloop
  endfacet
  facet normal -0.3214394653031065 -0.9469301294951245 0
    outer loop
      vertex 65.94441508912858 37.23149157926016 0
      vertex 65.94441508912858 37.23149157926016 2.4
      vertex 65.83293714059226 37.26933324366016 0
    endloop
  endfacet
  facet normal -0.5555702330196182 -0.8314696123025346 0
    outer loop
      vertex 66.14788528610785 37.11401800626211 0
      vertex 66.14788528610785 37.11401800626211 2.4
      vertex 66.05 37.179422863405996 0
    endloop
  endfacet
  facet normal -0.8968727415326962 -0.442288690218985 -6.329142351190511e-19
    outer loop
      vertex 66.37942286340599 36.85 0
      vertex 66.43149157926015 36.74441508912858 0
      vertex 66.43149157926015 36.74441508912858 2.4
    endloop
  endfacet
  facet normal -0.8314696123025718 -0.5555702330195625 3.0745390633459606e-19
    outer loop
      vertex 66.31401800626212 36.94788528610785 0
      vertex 66.37942286340599 36.85 0
      vertex 66.37942286340599 36.85 2.4
    endloop
  endfacet
  facet normal -0.7518398074789464 -0.6593458151001043 1.2824964607180186e-18
    outer loop
      vertex 66.23639610306789 37.036396103067894 0
      vertex 66.31401800626212 36.94788528610785 0
      vertex 66.31401800626212 36.94788528610785 2.4
    endloop
  endfacet
  facet normal -0.659345815100066 -0.7518398074789799 0
    outer loop
      vertex 66.23639610306789 37.036396103067894 0
      vertex 66.23639610306789 37.036396103067894 2.4
      vertex 66.14788528610785 37.11401800626211 0
    endloop
  endfacet
  facet normal 0.6593458151000061 0.7518398074790323 0
    outer loop
      vertex 65.05211471389215 35.68598199373789 0
      vertex 64.9636038969321 35.7636038969321 2.4
      vertex 65.05211471389215 35.68598199373789 2.4
    endloop
  endfacet
  facet normal 0.8314696123025718 0.5555702330195625 0
    outer loop
      vertex 64.88598199373789 35.85211471389215 0
      vertex 64.82057713659401 35.949999999999996 2.4
      vertex 64.88598199373789 35.85211471389215 2.4
    endloop
  endfacet
  facet normal 0.7518398074790061 0.659345815100036 0
    outer loop
      vertex 64.9636038969321 35.7636038969321 0
      vertex 64.88598199373789 35.85211471389215 2.4
      vertex 64.9636038969321 35.7636038969321 2.4
    endloop
  endfacet
  facet normal 0.8968727415326484 0.44228869021908207 0
    outer loop
      vertex 64.82057713659401 35.949999999999996 0
      vertex 64.76850842073983 36.05558491087142 2.4
      vertex 64.82057713659401 35.949999999999996 2.4
    endloop
  endfacet
  facet normal 0.5555702330196182 0.8314696123025346 0
    outer loop
      vertex 65.15 35.620577136594 0
      vertex 65.05211471389215 35.68598199373789 2.4
      vertex 65.15 35.620577136594 2.4
    endloop
  endfacet
  facet normal 0.44228869021900896 0.8968727415326846 0
    outer loop
      vertex 65.25558491087142 35.56850842073984 0
      vertex 65.15 35.620577136594 2.4
      vertex 65.25558491087142 35.56850842073984 2.4
    endloop
  endfacet
  facet normal 0.3214394653031432 0.9469301294951119 0
    outer loop
      vertex 65.36706285940772 35.53066675633984 0
      vertex 65.25558491087142 35.56850842073984 2.4
      vertex 65.36706285940772 35.53066675633984 2.4
    endloop
  endfacet
  facet normal 0.19509032201615187 0.9807852804032257 0
    outer loop
      vertex 65.48252642700196 35.50769962476357 0
      vertex 65.36706285940772 35.53066675633984 2.4
      vertex 65.48252642700196 35.50769962476357 2.4
    endloop
  endfacet
  facet normal 0.06540312923012327 0.9978589232386048 0
    outer loop
      vertex 65.6 35.5 0
      vertex 65.48252642700196 35.50769962476357 2.4
      vertex 65.6 35.5 2.4
    endloop
  endfacet
  facet normal -0.0654031292301154 0.9978589232386053 0
    outer loop
      vertex 65.71747357299805 35.50769962476357 0
      vertex 65.6 35.5 2.4
      vertex 65.71747357299805 35.50769962476357 2.4
    endloop
  endfacet
  facet normal -0.195090322016175 0.9807852804032212 0
    outer loop
      vertex 65.83293714059226 35.53066675633984 0
      vertex 65.71747357299805 35.50769962476357 2.4
      vertex 65.83293714059226 35.53066675633984 2.4
    endloop
  endfacet
  facet normal -0.3214394653031065 0.9469301294951245 0
    outer loop
      vertex 65.94441508912858 35.56850842073984 0
      vertex 65.83293714059226 35.53066675633984 2.4
      vertex 65.94441508912858 35.56850842073984 2.4
    endloop
  endfacet
  facet normal -0.44228869021900896 0.8968727415326846 0
    outer loop
      vertex 66.05 35.620577136594 0
      vertex 65.94441508912858 35.56850842073984 2.4
      vertex 66.05 35.620577136594 2.4
    endloop
  endfacet
  facet normal -0.5555702330196182 0.8314696123025346 0
    outer loop
      vertex 66.14788528610785 35.68598199373789 0
      vertex 66.05 35.620577136594 2.4
      vertex 66.14788528610785 35.68598199373789 2.4
    endloop
  endfacet
  facet normal -0.659345815100066 0.7518398074789799 0
    outer loop
      vertex 66.23639610306789 35.7636038969321 0
      vertex 66.14788528610785 35.68598199373789 2.4
      vertex 66.23639610306789 35.7636038969321 2.4
    endloop
  endfacet
  facet normal -0.7518398074789464 0.6593458151001043 0
    outer loop
      vertex 66.31401800626212 35.85211471389215 0
      vertex 66.23639610306789 35.7636038969321 2.4
      vertex 66.31401800626212 35.85211471389215 2.4
    endloop
  endfacet
  facet normal -0.8314696123025718 0.5555702330195625 0
    outer loop
      vertex 66.37942286340599 35.949999999999996 0
      vertex 66.31401800626212 35.85211471389215 2.4
      vertex 66.37942286340599 35.949999999999996 2.4
    endloop
  endfacet
  facet normal -0.8968727415326962 0.442288690218985 6.329142351190511e-19
    outer loop
      vertex 66.37942286340599 35.949999999999996 2.4
      vertex 66.43149157926015 36.05558491087142 2.4
      vertex 66.43149157926015 36.05558491087142 0
    endloop
  endfacet
  facet normal 0.9469301294951364 0.3214394653030707 0
    outer loop
      vertex 64.76850842073983 36.05558491087142 0
      vertex 64.73066675633984 36.16706285940773 2.4
      vertex 64.76850842073983 36.05558491087142 2.4
    endloop
  endfacet
  facet normal 0.980785280403212 0.1950903220162215 4.615331011630328e-19
    outer loop
      vertex 64.70769962476356 36.282526427001955 2.4
      vertex 64.73066675633984 36.16706285940773 2.4
      vertex 64.73066675633984 36.16706285940773 0
    endloop
  endfacet
  facet normal 0.9978589232386091 0.06540312923005925 0
    outer loop
      vertex 64.70769962476356 36.282526427001955 0
      vertex 64.7 36.4 2.4
      vertex 64.70769962476356 36.282526427001955 2.4
    endloop
  endfacet
  facet normal 0.9978589232386091 -0.06540312923005925 -7.894769461739015e-20
    outer loop
      vertex 64.70769962476356 36.51747357299804 2.4
      vertex 64.7 36.4 2.4
      vertex 64.7 36.4 0
    endloop
  endfacet
  facet normal 0.980785280403212 -0.1950903220162215 0
    outer loop
      vertex 64.70769962476356 36.51747357299804 0
      vertex 64.73066675633984 36.63293714059227 2.4
      vertex 64.70769962476356 36.51747357299804 2.4
    endloop
  endfacet
  facet normal 0.9469301294951364 -0.3214394653030707 0
    outer loop
      vertex 64.73066675633984 36.63293714059227 0
      vertex 64.76850842073983 36.74441508912858 2.4
      vertex 64.73066675633984 36.63293714059227 2.4
    endloop
  endfacet
  facet normal 0.8968727415326484 -0.44228869021908207 3.3568992228036835e-19
    outer loop
      vertex 64.82057713659401 36.85 2.4
      vertex 64.76850842073983 36.74441508912858 2.4
      vertex 64.76850842073983 36.74441508912858 0
    endloop
  endfacet
  facet normal 0.8314696123025718 -0.5555702330195625 0
    outer loop
      vertex 64.82057713659401 36.85 0
      vertex 64.88598199373789 36.94788528610785 2.4
      vertex 64.82057713659401 36.85 2.4
    endloop
  endfacet
  facet normal 0.7518398074790061 -0.659345815100036 0
    outer loop
      vertex 64.88598199373789 36.94788528610785 0
      vertex 64.9636038969321 37.036396103067894 2.4
      vertex 64.88598199373789 36.94788528610785 2.4
    endloop
  endfacet
  facet normal 0.6593458151000061 -0.7518398074790323 0
    outer loop
      vertex 64.9636038969321 37.036396103067894 0
      vertex 65.05211471389215 37.11401800626211 2.4
      vertex 64.9636038969321 37.036396103067894 2.4
    endloop
  endfacet
  facet normal 0.5555702330196182 -0.8314696123025346 0
    outer loop
      vertex 65.05211471389215 37.11401800626211 0
      vertex 65.15 37.179422863405996 2.4
      vertex 65.05211471389215 37.11401800626211 2.4
    endloop
  endfacet
  facet normal 0.44228869021900896 -0.8968727415326846 0
    outer loop
      vertex 65.15 37.179422863405996 0
      vertex 65.25558491087142 37.23149157926016 2.4
      vertex 65.15 37.179422863405996 2.4
    endloop
  endfacet
  facet normal 0.3214394653031432 -0.9469301294951119 0
    outer loop
      vertex 65.25558491087142 37.23149157926016 0
      vertex 65.36706285940772 37.26933324366016 2.4
      vertex 65.25558491087142 37.23149157926016 2.4
    endloop
  endfacet
  facet normal 0.19509032201615187 -0.9807852804032257 0
    outer loop
      vertex 65.36706285940772 37.26933324366016 0
      vertex 65.48252642700196 37.29230037523643 2.4
      vertex 65.36706285940772 37.26933324366016 2.4
    endloop
  endfacet
  facet normal 0.06540312923012327 -0.9978589232386048 0
    outer loop
      vertex 65.48252642700196 37.29230037523643 0
      vertex 65.6 37.3 2.4
      vertex 65.48252642700196 37.29230037523643 2.4
    endloop
  endfacet
  facet normal -0.9469301294950998 0.32143946530317896 0
    outer loop
      vertex 66.46933324366016 36.16706285940773 0
      vertex 66.43149157926015 36.05558491087142 2.4
      vertex 66.46933324366016 36.16706285940773 2.4
    endloop
  endfacet
  facet normal -0.9807852804032351 0.1950903220161054 0
    outer loop
      vertex 66.49230037523643 36.282526427001955 0
      vertex 66.46933324366016 36.16706285940773 2.4
      vertex 66.49230037523643 36.282526427001955 2.4
    endloop
  endfacet
  facet normal -0.997858923238601 0.06540312923017944 1.1144476620977665e-19
    outer loop
      vertex 66.49230037523643 36.282526427001955 2.4
      vertex 66.5 36.4 2.4
      vertex 66.5 36.4 0
    endloop
  endfacet
  facet normal -0.9469301294950998 -0.32143946530317896 -1.1474413751089625e-18
    outer loop
      vertex 66.46933324366016 36.63293714059227 2.4
      vertex 66.43149157926015 36.74441508912858 2.4
      vertex 66.43149157926015 36.74441508912858 0
    endloop
  endfacet
  facet normal -0.997858923238601 -0.06540312923017944 0
    outer loop
      vertex 66.49230037523643 36.51747357299804 0
      vertex 66.5 36.4 2.4
      vertex 66.49230037523643 36.51747357299804 2.4
    endloop
  endfacet
  facet normal -0.9807852804032351 -0.1950903220161054 -2.9030080596004424e-19
    outer loop
      vertex 66.49230037523643 36.51747357299804 2.4
      vertex 66.46933324366016 36.63293714059227 2.4
      vertex 66.46933324366016 36.63293714059227 0
    endloop
  endfacet
  facet normal -0.659345815100066 -0.7518398074789799 0
    outer loop
      vertex 66.14788528610785 37.11401800626211 0
      vertex 66.23639610306789 37.036396103067894 2.4
      vertex 66.14788528610785 37.11401800626211 2.4
    endloop
  endfacet
  facet normal -0.3214394653031065 -0.9469301294951245 0
    outer loop
      vertex 65.83293714059226 37.26933324366016 0
      vertex 65.94441508912858 37.23149157926016 2.4
      vertex 65.83293714059226 37.26933324366016 2.4
    endloop
  endfacet
  facet normal -0.195090322016175 -0.9807852804032212 5.360925470672662e-19
    outer loop
      vertex 65.83293714059226 37.26933324366016 2.4
      vertex 65.71747357299805 37.29230037523643 2.4
      vertex 65.71747357299805 37.29230037523643 0
    endloop
  endfacet
  facet normal -0.0654031292301154 -0.9978589232386053 0
    outer loop
      vertex 65.6 37.3 0
      vertex 65.71747357299805 37.29230037523643 2.4
      vertex 65.6 37.3 2.4
    endloop
  endfacet
  facet normal -0.44228869021900896 -0.8968727415326846 0
    outer loop
      vertex 65.94441508912858 37.23149157926016 0
      vertex 66.05 37.179422863405996 2.4
      vertex 65.94441508912858 37.23149157926016 2.4
    endloop
  endfacet
  facet normal -0.5555702330196182 -0.8314696123025346 0
    outer loop
      vertex 66.05 37.179422863405996 0
      vertex 66.14788528610785 37.11401800626211 2.4
      vertex 66.05 37.179422863405996 2.4
    endloop
  endfacet
  facet normal -0.8968727415326962 -0.442288690218985 -6.329142351190511e-19
    outer loop
      vertex 66.43149157926015 36.74441508912858 2.4
      vertex 66.37942286340599 36.85 2.4
      vertex 66.37942286340599 36.85 0
    endloop
  endfacet
  facet normal -0.8314696123025718 -0.5555702330195625 0
    outer loop
      vertex 66.31401800626212 36.94788528610785 0
      vertex 66.37942286340599 36.85 2.4
      vertex 66.31401800626212 36.94788528610785 2.4
    endloop
  endfacet
  facet normal -0.7518398074789464 -0.6593458151001043 1.2824964607180186e-18
    outer loop
      vertex 66.31401800626212 36.94788528610785 2.4
      vertex 66.23639610306789 37.036396103067894 2.4
      vertex 66.23639610306789 37.036396103067894 0
    endloop
  endfacet
  facet normal 0.7518398074789501 0.6593458151001002 1.1573798915179748e-18
    outer loop
      vertex 63.363603896932105 38.53488518904231 0
      vertex 63.285981993737884 38.62339600600235 0
      vertex 63.285981993737884 38.62339600600235 2.4
    endloop
  endfacet
  facet normal 0.8968727415326846 0.44228869021900896 1.0460521877733217e-18
    outer loop
      vertex 63.220577136594 38.721281292110206 0
      vertex 63.16850842073984 38.82686620298162 0
      vertex 63.16850842073984 38.82686620298162 2.4
    endloop
  endfacet
  facet normal 0.8314696123025626 0.5555702330195764 1.3117464534896059e-18
    outer loop
      vertex 63.285981993737884 38.62339600600235 0
      vertex 63.220577136594 38.721281292110206 0
      vertex 63.220577136594 38.721281292110206 2.4
    endloop
  endfacet
  facet normal 0.7518398074789501 0.6593458151001002 0
    outer loop
      vertex 63.363603896932105 38.53488518904231 0
      vertex 63.285981993737884 38.62339600600235 2.4
      vertex 63.363603896932105 38.53488518904231 2.4
    endloop
  endfacet
  facet normal 0.8314696123025626 0.5555702330195764 0
    outer loop
      vertex 63.285981993737884 38.62339600600235 0
      vertex 63.220577136594 38.721281292110206 2.4
      vertex 63.285981993737884 38.62339600600235 2.4
    endloop
  endfacet
  facet normal 0.8968727415326846 0.44228869021900896 1.0460521877733217e-18
    outer loop
      vertex 63.16850842073984 38.82686620298162 2.4
      vertex 63.220577136594 38.721281292110206 2.4
      vertex 63.220577136594 38.721281292110206 0
    endloop
  endfacet
  facet normal 0.9469301294950998 0.32143946530317896 -1.1474413751089625e-18
    outer loop
      vertex 63.16850842073984 38.82686620298162 0
      vertex 63.130666756339835 38.93834415151793 0
      vertex 63.130666756339835 38.93834415151793 2.4
    endloop
  endfacet
  facet normal 0.9807852804032351 0.1950903220161054 -2.9030080596004424e-19
    outer loop
      vertex 63.130666756339835 38.93834415151793 0
      vertex 63.10769962476357 39.05380771911216 0
      vertex 63.10769962476357 39.05380771911216 2.4
    endloop
  endfacet
  facet normal 0.9978589232386051 0.06540312923011934 1.7561745598935092e-19
    outer loop
      vertex 63.10769962476357 39.05380771911216 0
      vertex 63.1 39.1712812921102 0
      vertex 63.1 39.1712812921102 2.4
    endloop
  endfacet
  facet normal 0.9978589232386051 -0.06540312923011934 -1.7561745598935092e-19
    outer loop
      vertex 63.1 39.1712812921102 0
      vertex 63.10769962476357 39.288754865108245 0
      vertex 63.10769962476357 39.288754865108245 2.4
    endloop
  endfacet
  facet normal 0.9807852804032351 -0.1950903220161054 2.9030080596004424e-19
    outer loop
      vertex 63.10769962476357 39.288754865108245 0
      vertex 63.130666756339835 39.40421843270247 0
      vertex 63.130666756339835 39.40421843270247 2.4
    endloop
  endfacet
  facet normal 0.9469301294950998 -0.32143946530317896 1.1474413751089625e-18
    outer loop
      vertex 63.130666756339835 39.40421843270247 0
      vertex 63.16850842073984 39.51569638123878 0
      vertex 63.16850842073984 39.51569638123878 2.4
    endloop
  endfacet
  facet normal 0.8968727415326962 -0.442288690218985 6.329142351190511e-19
    outer loop
      vertex 63.16850842073984 39.51569638123878 0
      vertex 63.220577136594 39.621281292110204 0
      vertex 63.220577136594 39.621281292110204 2.4
    endloop
  endfacet
  facet normal 0.8314696123025439 -0.5555702330196042 -6.873062199386083e-19
    outer loop
      vertex 63.220577136594 39.621281292110204 0
      vertex 63.285981993737884 39.71916657821805 0
      vertex 63.285981993737884 39.71916657821805 2.4
    endloop
  endfacet
  facet normal 0.7518398074789762 -0.6593458151000701 -1.5299653295695397e-18
    outer loop
      vertex 63.285981993737884 39.71916657821805 0
      vertex 63.363603896932105 39.807677395178096 0
      vertex 63.363603896932105 39.807677395178096 2.4
    endloop
  endfacet
  facet normal 0.9469301294950998 0.32143946530317896 0
    outer loop
      vertex 63.16850842073984 38.82686620298162 0
      vertex 63.130666756339835 38.93834415151793 2.4
      vertex 63.16850842073984 38.82686620298162 2.4
    endloop
  endfacet
  facet normal 0.9807852804032351 0.1950903220161054 -2.9030080596004424e-19
    outer loop
      vertex 63.10769962476357 39.05380771911216 2.4
      vertex 63.130666756339835 38.93834415151793 2.4
      vertex 63.130666756339835 38.93834415151793 0
    endloop
  endfacet
  facet normal 0.9978589232386051 0.06540312923011934 0
    outer loop
      vertex 63.10769962476357 39.05380771911216 0
      vertex 63.1 39.1712812921102 2.4
      vertex 63.10769962476357 39.05380771911216 2.4
    endloop
  endfacet
  facet normal 0.9978589232386051 -0.06540312923011934 0
    outer loop
      vertex 63.1 39.1712812921102 0
      vertex 63.10769962476357 39.288754865108245 2.4
      vertex 63.1 39.1712812921102 2.4
    endloop
  endfacet
  facet normal 0.9807852804032351 -0.1950903220161054 0
    outer loop
      vertex 63.10769962476357 39.288754865108245 0
      vertex 63.130666756339835 39.40421843270247 2.4
      vertex 63.10769962476357 39.288754865108245 2.4
    endloop
  endfacet
  facet normal 0.9469301294950998 -0.32143946530317896 0
    outer loop
      vertex 63.130666756339835 39.40421843270247 0
      vertex 63.16850842073984 39.51569638123878 2.4
      vertex 63.130666756339835 39.40421843270247 2.4
    endloop
  endfacet
  facet normal 0.8968727415326962 -0.442288690218985 0
    outer loop
      vertex 63.16850842073984 39.51569638123878 0
      vertex 63.220577136594 39.621281292110204 2.4
      vertex 63.16850842073984 39.51569638123878 2.4
    endloop
  endfacet
  facet normal 0.8314696123025439 -0.5555702330196042 0
    outer loop
      vertex 63.220577136594 39.621281292110204 0
      vertex 63.285981993737884 39.71916657821805 2.4
      vertex 63.220577136594 39.621281292110204 2.4
    endloop
  endfacet
  facet normal 0.7518398074789762 -0.6593458151000701 0
    outer loop
      vertex 63.285981993737884 39.71916657821805 0
      vertex 63.363603896932105 39.807677395178096 2.4
      vertex 63.285981993737884 39.71916657821805 2.4
    endloop
  endfacet
  facet normal 0.5555702330196042 0.8314696123025439 0
    outer loop
      vertex 63.45211471389215 38.45726328584809 0
      vertex 63.45211471389215 38.45726328584809 2.4
      vertex 63.55 38.39185842870421 0
    endloop
  endfacet
  facet normal 0.4422886902190335 0.8968727415326724 0
    outer loop
      vertex 63.55 38.39185842870421 0
      vertex 63.55 38.39185842870421 2.4
      vertex 63.65558491087142 38.33978971285004 0
    endloop
  endfacet
  facet normal 0.3214394653031249 0.9469301294951182 0
    outer loop
      vertex 63.65558491087142 38.33978971285004 0
      vertex 63.65558491087142 38.33978971285004 2.4
      vertex 63.76706285940773 38.30194804845004 0
    endloop
  endfacet
  facet normal 0.195090322016175 0.9807852804032212 0
    outer loop
      vertex 63.76706285940773 38.30194804845004 0
      vertex 63.76706285940773 38.30194804845004 2.4
      vertex 63.88252642700195 38.27898091687377 0
    endloop
  endfacet
  facet normal 0.6593458151000701 0.7518398074789762 1.5299653295695397e-18
    outer loop
      vertex 63.45211471389215 38.45726328584809 0
      vertex 63.363603896932105 38.53488518904231 0
      vertex 63.363603896932105 38.53488518904231 2.4
    endloop
  endfacet
  facet normal 0.0654031292301154 0.9978589232386053 0
    outer loop
      vertex 63.88252642700195 38.27898091687377 0
      vertex 63.88252642700195 38.27898091687377 2.4
      vertex 64 38.2712812921102 0
    endloop
  endfacet
  facet normal -0.0654031292301154 0.9978589232386053 0
    outer loop
      vertex 64 38.2712812921102 0
      vertex 64 38.2712812921102 2.4
      vertex 64.11747357299805 38.27898091687377 0
    endloop
  endfacet
  facet normal -0.195090322016175 0.9807852804032212 0
    outer loop
      vertex 64.11747357299805 38.27898091687377 0
      vertex 64.11747357299805 38.27898091687377 2.4
      vertex 64.23293714059227 38.30194804845004 0
    endloop
  endfacet
  facet normal -0.3214394653031432 0.9469301294951119 0
    outer loop
      vertex 64.23293714059227 38.30194804845004 0
      vertex 64.23293714059227 38.30194804845004 2.4
      vertex 64.34441508912857 38.33978971285004 0
    endloop
  endfacet
  facet normal -0.44228869021900963 0.8968727415326841 0
    outer loop
      vertex 64.34441508912857 38.33978971285004 0
      vertex 64.34441508912857 38.33978971285004 2.4
      vertex 64.45 38.39185842870421 0
    endloop
  endfacet
  facet normal -0.5555702330196322 0.8314696123025254 0
    outer loop
      vertex 64.45 38.39185842870421 0
      vertex 64.45 38.39185842870421 2.4
      vertex 64.54788528610784 38.45726328584809 0
    endloop
  endfacet
  facet normal -0.6593458151000061 0.7518398074790323 0
    outer loop
      vertex 64.54788528610784 38.45726328584809 0
      vertex 64.54788528610784 38.45726328584809 2.4
      vertex 64.6363961030679 38.534885189042306 0
    endloop
  endfacet
  facet normal -0.7518398074790061 0.659345815100036 0
    outer loop
      vertex 64.6363961030679 38.534885189042306 0
      vertex 64.6363961030679 38.534885189042306 2.4
      vertex 64.71401800626211 38.62339600600235 0
    endloop
  endfacet
  facet normal -0.8314696123025346 0.5555702330196182 1.3782571016535846e-18
    outer loop
      vertex 64.779422863406 38.721281292110206 0
      vertex 64.71401800626211 38.62339600600235 0
      vertex 64.71401800626211 38.62339600600235 2.4
    endloop
  endfacet
  facet normal -0.8968727415326846 0.44228869021900896 -1.0460521877733217e-18
    outer loop
      vertex 64.83149157926016 38.82686620298162 0
      vertex 64.779422863406 38.721281292110206 0
      vertex 64.779422863406 38.721281292110206 2.4
    endloop
  endfacet
  facet normal 0.6593458151000701 0.7518398074789762 0
    outer loop
      vertex 63.45211471389215 38.45726328584809 0
      vertex 63.363603896932105 38.53488518904231 2.4
      vertex 63.45211471389215 38.45726328584809 2.4
    endloop
  endfacet
  facet normal 0.4422886902190335 0.8968727415326724 0
    outer loop
      vertex 63.65558491087142 38.33978971285004 0
      vertex 63.55 38.39185842870421 2.4
      vertex 63.65558491087142 38.33978971285004 2.4
    endloop
  endfacet
  facet normal 0.5555702330196042 0.8314696123025439 0
    outer loop
      vertex 63.55 38.39185842870421 0
      vertex 63.45211471389215 38.45726328584809 2.4
      vertex 63.55 38.39185842870421 2.4
    endloop
  endfacet
  facet normal 0.3214394653031249 0.9469301294951182 0
    outer loop
      vertex 63.76706285940773 38.30194804845004 0
      vertex 63.65558491087142 38.33978971285004 2.4
      vertex 63.76706285940773 38.30194804845004 2.4
    endloop
  endfacet
  facet normal 0.195090322016175 0.9807852804032212 0
    outer loop
      vertex 63.88252642700195 38.27898091687377 0
      vertex 63.76706285940773 38.30194804845004 2.4
      vertex 63.88252642700195 38.27898091687377 2.4
    endloop
  endfacet
  facet normal 0.0654031292301154 0.9978589232386053 0
    outer loop
      vertex 64 38.2712812921102 0
      vertex 63.88252642700195 38.27898091687377 2.4
      vertex 64 38.2712812921102 2.4
    endloop
  endfacet
  facet normal -0.0654031292301154 0.9978589232386053 0
    outer loop
      vertex 64.11747357299805 38.27898091687377 0
      vertex 64 38.2712812921102 2.4
      vertex 64.11747357299805 38.27898091687377 2.4
    endloop
  endfacet
  facet normal -0.195090322016175 0.9807852804032212 0
    outer loop
      vertex 64.23293714059227 38.30194804845004 0
      vertex 64.11747357299805 38.27898091687377 2.4
      vertex 64.23293714059227 38.30194804845004 2.4
    endloop
  endfacet
  facet normal -0.3214394653031432 0.9469301294951119 0
    outer loop
      vertex 64.34441508912857 38.33978971285004 0
      vertex 64.23293714059227 38.30194804845004 2.4
      vertex 64.34441508912857 38.33978971285004 2.4
    endloop
  endfacet
  facet normal -0.44228869021900963 0.8968727415326841 0
    outer loop
      vertex 64.45 38.39185842870421 0
      vertex 64.34441508912857 38.33978971285004 2.4
      vertex 64.45 38.39185842870421 2.4
    endloop
  endfacet
  facet normal -0.5555702330196322 0.8314696123025254 0
    outer loop
      vertex 64.54788528610784 38.45726328584809 0
      vertex 64.45 38.39185842870421 2.4
      vertex 64.54788528610784 38.45726328584809 2.4
    endloop
  endfacet
  facet normal -0.6593458151000061 0.7518398074790323 0
    outer loop
      vertex 64.6363961030679 38.534885189042306 0
      vertex 64.54788528610784 38.45726328584809 2.4
      vertex 64.6363961030679 38.534885189042306 2.4
    endloop
  endfacet
  facet normal -0.7518398074790061 0.659345815100036 0
    outer loop
      vertex 64.71401800626211 38.62339600600235 0
      vertex 64.6363961030679 38.534885189042306 2.4
      vertex 64.71401800626211 38.62339600600235 2.4
    endloop
  endfacet
  facet normal -0.8314696123025346 0.5555702330196182 0
    outer loop
      vertex 64.779422863406 38.721281292110206 0
      vertex 64.71401800626211 38.62339600600235 2.4
      vertex 64.779422863406 38.721281292110206 2.4
    endloop
  endfacet
  facet normal -0.8968727415326846 0.44228869021900896 0
    outer loop
      vertex 64.83149157926016 38.82686620298162 0
      vertex 64.779422863406 38.721281292110206 2.4
      vertex 64.83149157926016 38.82686620298162 2.4
    endloop
  endfacet
  facet normal 0.6593458151000701 -0.7518398074789762 0
    outer loop
      vertex 63.45211471389215 39.88529929837232 0
      vertex 63.45211471389215 39.88529929837232 2.4
      vertex 63.363603896932105 39.807677395178096 0
    endloop
  endfacet
  facet normal 0.5555702330196042 -0.8314696123025439 0
    outer loop
      vertex 63.55 39.9507041555162 0
      vertex 63.55 39.9507041555162 2.4
      vertex 63.45211471389215 39.88529929837232 0
    endloop
  endfacet
  facet normal 0.442288690218985 -0.8968727415326962 0
    outer loop
      vertex 63.65558491087142 40.00277287137036 0
      vertex 63.65558491087142 40.00277287137036 2.4
      vertex 63.55 39.9507041555162 0
    endloop
  endfacet
  facet normal 0.32143946530317896 -0.9469301294950998 0
    outer loop
      vertex 63.76706285940773 40.040614535770366 0
      vertex 63.76706285940773 40.040614535770366 2.4
      vertex 63.65558491087142 40.00277287137036 0
    endloop
  endfacet
  facet normal 0.19509032201611692 -0.9807852804032327 0
    outer loop
      vertex 63.88252642700195 40.06358166734663 0
      vertex 63.88252642700195 40.06358166734663 2.4
      vertex 63.76706285940773 40.040614535770366 0
    endloop
  endfacet
  facet normal -0.19509032201611692 -0.9807852804032327 0
    outer loop
      vertex 64.23293714059227 40.040614535770366 0
      vertex 64.23293714059227 40.040614535770366 2.4
      vertex 64.11747357299805 40.06358166734663 0
    endloop
  endfacet
  facet normal 0.0654031292301154 -0.9978589232386053 0
    outer loop
      vertex 64 40.0712812921102 0
      vertex 64 40.0712812921102 2.4
      vertex 63.88252642700195 40.06358166734663 0
    endloop
  endfacet
  facet normal -0.0654031292301154 -0.9978589232386053 0
    outer loop
      vertex 64.11747357299805 40.06358166734663 0
      vertex 64.11747357299805 40.06358166734663 2.4
      vertex 64 40.0712812921102 0
    endloop
  endfacet
  facet normal -0.32143946530319734 -0.9469301294950937 0
    outer loop
      vertex 64.34441508912857 40.00277287137036 0
      vertex 64.34441508912857 40.00277287137036 2.4
      vertex 64.23293714059227 40.040614535770366 0
    endloop
  endfacet
  facet normal -0.44228869021896106 -0.8968727415327081 0
    outer loop
      vertex 64.45 39.9507041555162 0
      vertex 64.45 39.9507041555162 2.4
      vertex 64.34441508912857 40.00277287137036 0
    endloop
  endfacet
  facet normal -0.9469301294950998 0.32143946530317896 1.1474413751089625e-18
    outer loop
      vertex 64.86933324366017 38.93834415151793 0
      vertex 64.83149157926016 38.82686620298162 0
      vertex 64.83149157926016 38.82686620298162 2.4
    endloop
  endfacet
  facet normal -0.9807852804032351 0.1950903220161054 2.9030080596004424e-19
    outer loop
      vertex 64.89230037523643 39.05380771911216 0
      vertex 64.86933324366017 38.93834415151793 0
      vertex 64.86933324366017 38.93834415151793 2.4
    endloop
  endfacet
  facet normal -0.997858923238601 0.06540312923017944 1.1144476620977665e-19
    outer loop
      vertex 64.9 39.1712812921102 0
      vertex 64.89230037523643 39.05380771911216 0
      vertex 64.89230037523643 39.05380771911216 2.4
    endloop
  endfacet
  facet normal -0.997858923238601 -0.06540312923017944 -1.1144476620977665e-19
    outer loop
      vertex 64.89230037523643 39.288754865108245 0
      vertex 64.9 39.1712812921102 0
      vertex 64.9 39.1712812921102 2.4
    endloop
  endfacet
  facet normal -0.9807852804032351 -0.1950903220161054 -2.9030080596004424e-19
    outer loop
      vertex 64.86933324366017 39.40421843270247 0
      vertex 64.89230037523643 39.288754865108245 0
      vertex 64.89230037523643 39.288754865108245 2.4
    endloop
  endfacet
  facet normal -0.9469301294950998 -0.32143946530317896 -1.1474413751089625e-18
    outer loop
      vertex 64.83149157926016 39.51569638123878 0
      vertex 64.86933324366017 39.40421843270247 0
      vertex 64.86933324366017 39.40421843270247 2.4
    endloop
  endfacet
  facet normal -0.831469612302516 -0.555570233019646 1.0671585335425951e-18
    outer loop
      vertex 64.71401800626211 39.71916657821805 0
      vertex 64.779422863406 39.621281292110204 0
      vertex 64.779422863406 39.621281292110204 2.4
    endloop
  endfacet
  facet normal -0.6593458151000402 -0.7518398074790024 -1.1673051009473783e-18
    outer loop
      vertex 64.54788528610784 39.88529929837232 0
      vertex 64.6363961030679 39.807677395178096 0
      vertex 64.6363961030679 39.807677395178096 2.4
    endloop
  endfacet
  facet normal -0.7518398074790061 -0.659345815100036 -1.2924216701476303e-18
    outer loop
      vertex 64.6363961030679 39.807677395178096 0
      vertex 64.71401800626211 39.71916657821805 0
      vertex 64.71401800626211 39.71916657821805 2.4
    endloop
  endfacet
  facet normal -0.8968727415326962 -0.442288690218985 -6.329142351190511e-19
    outer loop
      vertex 64.779422863406 39.621281292110204 0
      vertex 64.83149157926016 39.51569638123878 0
      vertex 64.83149157926016 39.51569638123878 2.4
    endloop
  endfacet
  facet normal -0.5555702330196322 -0.8314696123025254 0
    outer loop
      vertex 64.54788528610784 39.88529929837232 0
      vertex 64.54788528610784 39.88529929837232 2.4
      vertex 64.45 39.9507041555162 0
    endloop
  endfacet
  facet normal 0.6593458151000701 -0.7518398074789762 0
    outer loop
      vertex 63.363603896932105 39.807677395178096 0
      vertex 63.45211471389215 39.88529929837232 2.4
      vertex 63.363603896932105 39.807677395178096 2.4
    endloop
  endfacet
  facet normal 0.5555702330196042 -0.8314696123025439 0
    outer loop
      vertex 63.45211471389215 39.88529929837232 0
      vertex 63.55 39.9507041555162 2.4
      vertex 63.45211471389215 39.88529929837232 2.4
    endloop
  endfacet
  facet normal 0.442288690218985 -0.8968727415326962 0
    outer loop
      vertex 63.55 39.9507041555162 0
      vertex 63.65558491087142 40.00277287137036 2.4
      vertex 63.55 39.9507041555162 2.4
    endloop
  endfacet
  facet normal 0.32143946530317896 -0.9469301294950998 0
    outer loop
      vertex 63.65558491087142 40.00277287137036 0
      vertex 63.76706285940773 40.040614535770366 2.4
      vertex 63.65558491087142 40.00277287137036 2.4
    endloop
  endfacet
  facet normal 0.19509032201611692 -0.9807852804032327 0
    outer loop
      vertex 63.76706285940773 40.040614535770366 0
      vertex 63.88252642700195 40.06358166734663 2.4
      vertex 63.76706285940773 40.040614535770366 2.4
    endloop
  endfacet
  facet normal -0.19509032201611692 -0.9807852804032327 0
    outer loop
      vertex 64.11747357299805 40.06358166734663 0
      vertex 64.23293714059227 40.040614535770366 2.4
      vertex 64.11747357299805 40.06358166734663 2.4
    endloop
  endfacet
  facet normal 0.0654031292301154 -0.9978589232386053 0
    outer loop
      vertex 63.88252642700195 40.06358166734663 0
      vertex 64 40.0712812921102 2.4
      vertex 63.88252642700195 40.06358166734663 2.4
    endloop
  endfacet
  facet normal -0.0654031292301154 -0.9978589232386053 -5.562270101664278e-20
    outer loop
      vertex 64.11747357299805 40.06358166734663 2.4
      vertex 64 40.0712812921102 2.4
      vertex 64 40.0712812921102 0
    endloop
  endfacet
  facet normal -0.32143946530319734 -0.9469301294950937 0
    outer loop
      vertex 64.23293714059227 40.040614535770366 0
      vertex 64.34441508912857 40.00277287137036 2.4
      vertex 64.23293714059227 40.040614535770366 2.4
    endloop
  endfacet
  facet normal -0.44228869021896106 -0.8968727415327081 0
    outer loop
      vertex 64.34441508912857 40.00277287137036 0
      vertex 64.45 39.9507041555162 2.4
      vertex 64.34441508912857 40.00277287137036 2.4
    endloop
  endfacet
  facet normal -0.9469301294950998 0.32143946530317896 0
    outer loop
      vertex 64.86933324366017 38.93834415151793 0
      vertex 64.83149157926016 38.82686620298162 2.4
      vertex 64.86933324366017 38.93834415151793 2.4
    endloop
  endfacet
  facet normal -0.9807852804032351 0.1950903220161054 2.9030080596004424e-19
    outer loop
      vertex 64.86933324366017 38.93834415151793 2.4
      vertex 64.89230037523643 39.05380771911216 2.4
      vertex 64.89230037523643 39.05380771911216 0
    endloop
  endfacet
  facet normal -0.997858923238601 0.06540312923017944 0
    outer loop
      vertex 64.9 39.1712812921102 0
      vertex 64.89230037523643 39.05380771911216 2.4
      vertex 64.9 39.1712812921102 2.4
    endloop
  endfacet
  facet normal -0.997858923238601 -0.06540312923017944 0
    outer loop
      vertex 64.89230037523643 39.288754865108245 0
      vertex 64.9 39.1712812921102 2.4
      vertex 64.89230037523643 39.288754865108245 2.4
    endloop
  endfacet
  facet normal -0.9807852804032351 -0.1950903220161054 0
    outer loop
      vertex 64.86933324366017 39.40421843270247 0
      vertex 64.89230037523643 39.288754865108245 2.4
      vertex 64.86933324366017 39.40421843270247 2.4
    endloop
  endfacet
  facet normal -0.9469301294950998 -0.32143946530317896 0
    outer loop
      vertex 64.83149157926016 39.51569638123878 0
      vertex 64.86933324366017 39.40421843270247 2.4
      vertex 64.83149157926016 39.51569638123878 2.4
    endloop
  endfacet
  facet normal -0.831469612302516 -0.555570233019646 0
    outer loop
      vertex 64.71401800626211 39.71916657821805 0
      vertex 64.779422863406 39.621281292110204 2.4
      vertex 64.71401800626211 39.71916657821805 2.4
    endloop
  endfacet
  facet normal -0.6593458151000402 -0.7518398074790024 0
    outer loop
      vertex 64.54788528610784 39.88529929837232 0
      vertex 64.6363961030679 39.807677395178096 2.4
      vertex 64.54788528610784 39.88529929837232 2.4
    endloop
  endfacet
  facet normal -0.7518398074790061 -0.659345815100036 -1.2924216701476303e-18
    outer loop
      vertex 64.71401800626211 39.71916657821805 2.4
      vertex 64.6363961030679 39.807677395178096 2.4
      vertex 64.6363961030679 39.807677395178096 0
    endloop
  endfacet
  facet normal -0.8968727415326962 -0.442288690218985 0
    outer loop
      vertex 64.779422863406 39.621281292110204 0
      vertex 64.83149157926016 39.51569638123878 2.4
      vertex 64.779422863406 39.621281292110204 2.4
    endloop
  endfacet
  facet normal -0.5555702330196322 -0.8314696123025254 0
    outer loop
      vertex 64.45 39.9507041555162 0
      vertex 64.54788528610784 39.88529929837232 2.4
      vertex 64.45 39.9507041555162 2.4
    endloop
  endfacet
  facet normal 0.3214394653031249 0.9469301294951182 0
    outer loop
      vertex 60.455584910871416 38.33978971285004 0
      vertex 60.455584910871416 38.33978971285004 2.4
      vertex 60.56706285940773 38.30194804845004 0
    endloop
  endfacet
  facet normal 0.5555702330195764 0.8314696123025626 0
    outer loop
      vertex 60.25211471389215 38.45726328584809 0
      vertex 60.25211471389215 38.45726328584809 2.4
      vertex 60.35 38.39185842870421 0
    endloop
  endfacet
  facet normal 0.4422886902190575 0.8968727415326606 0
    outer loop
      vertex 60.35 38.39185842870421 0
      vertex 60.35 38.39185842870421 2.4
      vertex 60.455584910871416 38.33978971285004 0
    endloop
  endfacet
  facet normal 0.659345815100036 0.7518398074790061 -1.2924216701476303e-18
    outer loop
      vertex 60.25211471389215 38.45726328584809 0
      vertex 60.1636038969321 38.534885189042306 0
      vertex 60.1636038969321 38.534885189042306 2.4
    endloop
  endfacet
  facet normal 0.7518398074790061 0.659345815100036 -1.2924216701476303e-18
    outer loop
      vertex 60.1636038969321 38.534885189042306 0
      vertex 60.08598199373789 38.62339600600235 0
      vertex 60.08598199373789 38.62339600600235 2.4
    endloop
  endfacet
  facet normal 0.8314696123025626 0.5555702330195764 1.3117464534896059e-18
    outer loop
      vertex 60.08598199373789 38.62339600600235 0
      vertex 60.02057713659401 38.721281292110206 0
      vertex 60.02057713659401 38.721281292110206 2.4
    endloop
  endfacet
  facet normal 0.8968727415326606 0.4422886902190575 1.1946643443713194e-18
    outer loop
      vertex 60.02057713659401 38.721281292110206 0
      vertex 59.96850842073984 38.82686620298162 0
      vertex 59.96850842073984 38.82686620298162 2.4
    endloop
  endfacet
  facet normal 0.19509032201616344 0.9807852804032235 0
    outer loop
      vertex 60.56706285940773 38.30194804845004 0
      vertex 60.56706285940773 38.30194804845004 2.4
      vertex 60.68252642700195 38.27898091687377 0
    endloop
  endfacet
  facet normal 0.06540312923011934 0.9978589232386051 0
    outer loop
      vertex 60.68252642700195 38.27898091687377 0
      vertex 60.68252642700195 38.27898091687377 2.4
      vertex 60.8 38.2712812921102 0
    endloop
  endfacet
  facet normal -0.0654031292301154 0.9978589232386053 5.562270101664278e-20
    outer loop
      vertex 60.91747357299805 38.27898091687377 0
      vertex 60.8 38.2712812921102 0
      vertex 60.8 38.2712812921102 2.4
    endloop
  endfacet
  facet normal -0.195090322016175 0.9807852804032212 0
    outer loop
      vertex 60.91747357299805 38.27898091687377 0
      vertex 60.91747357299805 38.27898091687377 2.4
      vertex 61.03293714059227 38.30194804845004 0
    endloop
  endfacet
  facet normal -0.3214394653031249 0.9469301294951182 0
    outer loop
      vertex 61.03293714059227 38.30194804845004 0
      vertex 61.03293714059227 38.30194804845004 2.4
      vertex 61.14441508912858 38.33978971285004 0
    endloop
  endfacet
  facet normal -0.4422886902190335 0.8968727415326724 0
    outer loop
      vertex 61.14441508912858 38.33978971285004 0
      vertex 61.14441508912858 38.33978971285004 2.4
      vertex 61.25 38.39185842870421 0
    endloop
  endfacet
  facet normal -0.5555702330196042 0.8314696123025439 0
    outer loop
      vertex 61.25 38.39185842870421 0
      vertex 61.25 38.39185842870421 2.4
      vertex 61.34788528610785 38.45726328584809 0
    endloop
  endfacet
  facet normal -0.6593458151000701 0.7518398074789762 0
    outer loop
      vertex 61.34788528610785 38.45726328584809 0
      vertex 61.34788528610785 38.45726328584809 2.4
      vertex 61.43639610306789 38.53488518904231 0
    endloop
  endfacet
  facet normal -0.7518398074789501 0.6593458151001002 0
    outer loop
      vertex 61.43639610306789 38.53488518904231 0
      vertex 61.43639610306789 38.53488518904231 2.4
      vertex 61.51401800626211 38.62339600600235 0
    endloop
  endfacet
  facet normal -0.8314696123025626 0.5555702330195764 -1.3117464534896059e-18
    outer loop
      vertex 61.579422863405995 38.721281292110206 0
      vertex 61.51401800626211 38.62339600600235 0
      vertex 61.51401800626211 38.62339600600235 2.4
    endloop
  endfacet
  facet normal -0.8968727415326846 0.44228869021900896 -1.0460521877733217e-18
    outer loop
      vertex 61.63149157926016 38.82686620298162 0
      vertex 61.579422863405995 38.721281292110206 0
      vertex 61.579422863405995 38.721281292110206 2.4
    endloop
  endfacet
  facet normal 0.659345815100036 0.7518398074790061 0
    outer loop
      vertex 60.25211471389215 38.45726328584809 0
      vertex 60.1636038969321 38.534885189042306 2.4
      vertex 60.25211471389215 38.45726328584809 2.4
    endloop
  endfacet
  facet normal 0.5555702330195764 0.8314696123025626 0
    outer loop
      vertex 60.35 38.39185842870421 0
      vertex 60.25211471389215 38.45726328584809 2.4
      vertex 60.35 38.39185842870421 2.4
    endloop
  endfacet
  facet normal 0.4422886902190575 0.8968727415326606 0
    outer loop
      vertex 60.455584910871416 38.33978971285004 0
      vertex 60.35 38.39185842870421 2.4
      vertex 60.455584910871416 38.33978971285004 2.4
    endloop
  endfacet
  facet normal 0.8314696123025626 0.5555702330195764 0
    outer loop
      vertex 60.08598199373789 38.62339600600235 0
      vertex 60.02057713659401 38.721281292110206 2.4
      vertex 60.08598199373789 38.62339600600235 2.4
    endloop
  endfacet
  facet normal 0.7518398074790061 0.659345815100036 -1.2924216701476303e-18
    outer loop
      vertex 60.08598199373789 38.62339600600235 2.4
      vertex 60.1636038969321 38.534885189042306 2.4
      vertex 60.1636038969321 38.534885189042306 0
    endloop
  endfacet
  facet normal 0.8968727415326606 0.4422886902190575 0
    outer loop
      vertex 60.02057713659401 38.721281292110206 0
      vertex 59.96850842073984 38.82686620298162 2.4
      vertex 60.02057713659401 38.721281292110206 2.4
    endloop
  endfacet
  facet normal 0.3214394653031249 0.9469301294951182 0
    outer loop
      vertex 60.56706285940773 38.30194804845004 0
      vertex 60.455584910871416 38.33978971285004 2.4
      vertex 60.56706285940773 38.30194804845004 2.4
    endloop
  endfacet
  facet normal 0.19509032201616344 0.9807852804032235 0
    outer loop
      vertex 60.68252642700195 38.27898091687377 0
      vertex 60.56706285940773 38.30194804845004 2.4
      vertex 60.68252642700195 38.27898091687377 2.4
    endloop
  endfacet
  facet normal 0.06540312923011934 0.9978589232386051 0
    outer loop
      vertex 60.8 38.2712812921102 0
      vertex 60.68252642700195 38.27898091687377 2.4
      vertex 60.8 38.2712812921102 2.4
    endloop
  endfacet
  facet normal -0.0654031292301154 0.9978589232386053 5.562270101664278e-20
    outer loop
      vertex 60.8 38.2712812921102 2.4
      vertex 60.91747357299805 38.27898091687377 2.4
      vertex 60.91747357299805 38.27898091687377 0
    endloop
  endfacet
  facet normal -0.195090322016175 0.9807852804032212 0
    outer loop
      vertex 61.03293714059227 38.30194804845004 0
      vertex 60.91747357299805 38.27898091687377 2.4
      vertex 61.03293714059227 38.30194804845004 2.4
    endloop
  endfacet
  facet normal -0.3214394653031249 0.9469301294951182 0
    outer loop
      vertex 61.14441508912858 38.33978971285004 0
      vertex 61.03293714059227 38.30194804845004 2.4
      vertex 61.14441508912858 38.33978971285004 2.4
    endloop
  endfacet
  facet normal -0.4422886902190335 0.8968727415326724 0
    outer loop
      vertex 61.25 38.39185842870421 0
      vertex 61.14441508912858 38.33978971285004 2.4
      vertex 61.25 38.39185842870421 2.4
    endloop
  endfacet
  facet normal -0.5555702330196042 0.8314696123025439 0
    outer loop
      vertex 61.34788528610785 38.45726328584809 0
      vertex 61.25 38.39185842870421 2.4
      vertex 61.34788528610785 38.45726328584809 2.4
    endloop
  endfacet
  facet normal -0.6593458151000701 0.7518398074789762 0
    outer loop
      vertex 61.43639610306789 38.53488518904231 0
      vertex 61.34788528610785 38.45726328584809 2.4
      vertex 61.43639610306789 38.53488518904231 2.4
    endloop
  endfacet
  facet normal -0.7518398074789501 0.6593458151001002 0
    outer loop
      vertex 61.51401800626211 38.62339600600235 0
      vertex 61.43639610306789 38.53488518904231 2.4
      vertex 61.51401800626211 38.62339600600235 2.4
    endloop
  endfacet
  facet normal -0.8314696123025626 0.5555702330195764 0
    outer loop
      vertex 61.579422863405995 38.721281292110206 0
      vertex 61.51401800626211 38.62339600600235 2.4
      vertex 61.579422863405995 38.721281292110206 2.4
    endloop
  endfacet
  facet normal -0.8968727415326846 0.44228869021900896 0
    outer loop
      vertex 61.63149157926016 38.82686620298162 0
      vertex 61.579422863405995 38.721281292110206 2.4
      vertex 61.63149157926016 38.82686620298162 2.4
    endloop
  endfacet
  facet normal 0.9469301294951182 0.3214394653031249 -4.494961069704332e-19
    outer loop
      vertex 59.96850842073984 38.82686620298162 0
      vertex 59.93066675633984 38.93834415151793 0
      vertex 59.93066675633984 38.93834415151793 2.4
    endloop
  endfacet
  facet normal 0.9807852804032235 0.19509032201616344 8.561614760149871e-20
    outer loop
      vertex 59.93066675633984 38.93834415151793 0
      vertex 59.907699624763566 39.05380771911216 0
      vertex 59.907699624763566 39.05380771911216 2.4
    endloop
  endfacet
  facet normal 0.9978589232386051 0.06540312923011934 1.7561745598935092e-19
    outer loop
      vertex 59.907699624763566 39.05380771911216 0
      vertex 59.9 39.1712812921102 0
      vertex 59.9 39.1712812921102 2.4
    endloop
  endfacet
  facet normal 0.9978589232386051 -0.06540312923011934 -1.7561745598935092e-19
    outer loop
      vertex 59.9 39.1712812921102 0
      vertex 59.907699624763566 39.288754865108245 0
      vertex 59.907699624763566 39.288754865108245 2.4
    endloop
  endfacet
  facet normal 0.9807852804032235 -0.19509032201616344 -8.561614760149871e-20
    outer loop
      vertex 59.907699624763566 39.288754865108245 0
      vertex 59.93066675633984 39.40421843270247 0
      vertex 59.93066675633984 39.40421843270247 2.4
    endloop
  endfacet
  facet normal 0.9469301294951182 -0.3214394653031249 4.494961069704332e-19
    outer loop
      vertex 59.93066675633984 39.40421843270247 0
      vertex 59.96850842073984 39.51569638123878 0
      vertex 59.96850842073984 39.51569638123878 2.4
    endloop
  endfacet
  facet normal 0.8968727415326724 -0.4422886902190335 4.843020786997058e-19
    outer loop
      vertex 59.96850842073984 39.51569638123878 0
      vertex 60.02057713659401 39.621281292110204 0
      vertex 60.02057713659401 39.621281292110204 2.4
    endloop
  endfacet
  facet normal 0.8314696123025439 -0.5555702330196042 -6.873062199386083e-19
    outer loop
      vertex 60.02057713659401 39.621281292110204 0
      vertex 60.08598199373789 39.71916657821805 0
      vertex 60.08598199373789 39.71916657821805 2.4
    endloop
  endfacet
  facet normal 0.7518398074790061 -0.659345815100036 1.2924216701476303e-18
    outer loop
      vertex 60.08598199373789 39.71916657821805 0
      vertex 60.1636038969321 39.807677395178096 0
      vertex 60.1636038969321 39.807677395178096 2.4
    endloop
  endfacet
  facet normal 0.6593458151000701 -0.7518398074789762 0
    outer loop
      vertex 60.25211471389215 39.88529929837232 0
      vertex 60.25211471389215 39.88529929837232 2.4
      vertex 60.1636038969321 39.807677395178096 0
    endloop
  endfacet
  facet normal 0.5555702330195764 -0.8314696123025626 0
    outer loop
      vertex 60.35 39.9507041555162 0
      vertex 60.35 39.9507041555162 2.4
      vertex 60.25211471389215 39.88529929837232 0
    endloop
  endfacet
  facet normal 0.44228869021900896 -0.8968727415326846 0
    outer loop
      vertex 60.455584910871416 40.00277287137036 0
      vertex 60.455584910871416 40.00277287137036 2.4
      vertex 60.35 39.9507041555162 0
    endloop
  endfacet
  facet normal 0.32143946530317896 -0.9469301294950998 0
    outer loop
      vertex 60.56706285940773 40.040614535770366 0
      vertex 60.56706285940773 40.040614535770366 2.4
      vertex 60.455584910871416 40.00277287137036 0
    endloop
  endfacet
  facet normal 0.1950903220161054 -0.9807852804032351 0
    outer loop
      vertex 60.68252642700195 40.06358166734663 0
      vertex 60.68252642700195 40.06358166734663 2.4
      vertex 60.56706285940773 40.040614535770366 0
    endloop
  endfacet
  facet normal 0.06540312923011934 -0.9978589232386051 0
    outer loop
      vertex 60.8 40.0712812921102 0
      vertex 60.8 40.0712812921102 2.4
      vertex 60.68252642700195 40.06358166734663 0
    endloop
  endfacet
  facet normal -0.19509032201611692 -0.9807852804032327 0
    outer loop
      vertex 61.03293714059227 40.040614535770366 0
      vertex 61.03293714059227 40.040614535770366 2.4
      vertex 60.91747357299805 40.06358166734663 0
    endloop
  endfacet
  facet normal -0.0654031292301154 -0.9978589232386053 0
    outer loop
      vertex 60.91747357299805 40.06358166734663 0
      vertex 60.91747357299805 40.06358166734663 2.4
      vertex 60.8 40.0712812921102 0
    endloop
  endfacet
  facet normal -0.9469301294950998 0.32143946530317896 1.1474413751089625e-18
    outer loop
      vertex 61.66933324366016 38.93834415151793 0
      vertex 61.63149157926016 38.82686620298162 0
      vertex 61.63149157926016 38.82686620298162 2.4
    endloop
  endfacet
  facet normal -0.9807852804032351 0.1950903220161054 2.9030080596004424e-19
    outer loop
      vertex 61.69230037523643 39.05380771911216 0
      vertex 61.66933324366016 38.93834415151793 0
      vertex 61.66933324366016 38.93834415151793 2.4
    endloop
  endfacet
  facet normal -0.9978589232386051 0.06540312923011934 -1.7561745598935092e-19
    outer loop
      vertex 61.699999999999996 39.1712812921102 0
      vertex 61.69230037523643 39.05380771911216 0
      vertex 61.69230037523643 39.05380771911216 2.4
    endloop
  endfacet
  facet normal -0.9978589232386051 -0.06540312923011934 1.7561745598935092e-19
    outer loop
      vertex 61.69230037523643 39.288754865108245 0
      vertex 61.699999999999996 39.1712812921102 0
      vertex 61.699999999999996 39.1712812921102 2.4
    endloop
  endfacet
  facet normal -0.9807852804032351 -0.1950903220161054 -2.9030080596004424e-19
    outer loop
      vertex 61.66933324366016 39.40421843270247 0
      vertex 61.69230037523643 39.288754865108245 0
      vertex 61.69230037523643 39.288754865108245 2.4
    endloop
  endfacet
  facet normal -0.9469301294950998 -0.32143946530317896 -1.1474413751089625e-18
    outer loop
      vertex 61.63149157926016 39.51569638123878 0
      vertex 61.66933324366016 39.40421843270247 0
      vertex 61.66933324366016 39.40421843270247 2.4
    endloop
  endfacet
  facet normal -0.8968727415326962 -0.442288690218985 -6.329142351190511e-19
    outer loop
      vertex 61.579422863405995 39.621281292110204 0
      vertex 61.63149157926016 39.51569638123878 0
      vertex 61.63149157926016 39.51569638123878 2.4
    endloop
  endfacet
  facet normal -0.8314696123025439 -0.5555702330196042 6.873062199386083e-19
    outer loop
      vertex 61.51401800626211 39.71916657821805 0
      vertex 61.579422863405995 39.621281292110204 0
      vertex 61.579422863405995 39.621281292110204 2.4
    endloop
  endfacet
  facet normal -0.7518398074789762 -0.6593458151000701 1.5299653295695397e-18
    outer loop
      vertex 61.43639610306789 39.807677395178096 0
      vertex 61.51401800626211 39.71916657821805 0
      vertex 61.51401800626211 39.71916657821805 2.4
    endloop
  endfacet
  facet normal -0.6593458151000701 -0.7518398074789762 1.5299653295695397e-18
    outer loop
      vertex 61.34788528610785 39.88529929837232 0
      vertex 61.43639610306789 39.807677395178096 0
      vertex 61.43639610306789 39.807677395178096 2.4
    endloop
  endfacet
  facet normal -0.442288690218985 -0.8968727415326962 0
    outer loop
      vertex 61.25 39.9507041555162 2.4
      vertex 61.14441508912858 40.00277287137036 0
      vertex 61.25 39.9507041555162 0
    endloop
  endfacet
  facet normal -0.32143946530317896 -0.9469301294950998 0
    outer loop
      vertex 61.14441508912858 40.00277287137036 0
      vertex 61.14441508912858 40.00277287137036 2.4
      vertex 61.03293714059227 40.040614535770366 0
    endloop
  endfacet
  facet normal -0.5555702330196042 -0.8314696123025439 0
    outer loop
      vertex 61.34788528610785 39.88529929837232 0
      vertex 61.34788528610785 39.88529929837232 2.4
      vertex 61.25 39.9507041555162 0
    endloop
  endfacet
  facet normal 0.9469301294951182 0.3214394653031249 -4.494961069704332e-19
    outer loop
      vertex 59.93066675633984 38.93834415151793 2.4
      vertex 59.96850842073984 38.82686620298162 2.4
      vertex 59.96850842073984 38.82686620298162 0
    endloop
  endfacet
  facet normal 0.9807852804032235 0.19509032201616344 0
    outer loop
      vertex 59.93066675633984 38.93834415151793 0
      vertex 59.907699624763566 39.05380771911216 2.4
      vertex 59.93066675633984 38.93834415151793 2.4
    endloop
  endfacet
  facet normal 0.9978589232386051 0.06540312923011934 0
    outer loop
      vertex 59.907699624763566 39.05380771911216 0
      vertex 59.9 39.1712812921102 2.4
      vertex 59.907699624763566 39.05380771911216 2.4
    endloop
  endfacet
  facet normal 0.9978589232386051 -0.06540312923011934 -1.7561745598935092e-19
    outer loop
      vertex 59.907699624763566 39.288754865108245 2.4
      vertex 59.9 39.1712812921102 2.4
      vertex 59.9 39.1712812921102 0
    endloop
  endfacet
  facet normal 0.9807852804032235 -0.19509032201616344 0
    outer loop
      vertex 59.907699624763566 39.288754865108245 0
      vertex 59.93066675633984 39.40421843270247 2.4
      vertex 59.907699624763566 39.288754865108245 2.4
    endloop
  endfacet
  facet normal 0.9469301294951182 -0.3214394653031249 0
    outer loop
      vertex 59.93066675633984 39.40421843270247 0
      vertex 59.96850842073984 39.51569638123878 2.4
      vertex 59.93066675633984 39.40421843270247 2.4
    endloop
  endfacet
  facet normal 0.8968727415326724 -0.4422886902190335 0
    outer loop
      vertex 59.96850842073984 39.51569638123878 0
      vertex 60.02057713659401 39.621281292110204 2.4
      vertex 59.96850842073984 39.51569638123878 2.4
    endloop
  endfacet
  facet normal 0.8314696123025439 -0.5555702330196042 0
    outer loop
      vertex 60.02057713659401 39.621281292110204 0
      vertex 60.08598199373789 39.71916657821805 2.4
      vertex 60.02057713659401 39.621281292110204 2.4
    endloop
  endfacet
  facet normal 0.7518398074790061 -0.659345815100036 0
    outer loop
      vertex 60.08598199373789 39.71916657821805 0
      vertex 60.1636038969321 39.807677395178096 2.4
      vertex 60.08598199373789 39.71916657821805 2.4
    endloop
  endfacet
  facet normal 0.6593458151000701 -0.7518398074789762 0
    outer loop
      vertex 60.1636038969321 39.807677395178096 0
      vertex 60.25211471389215 39.88529929837232 2.4
      vertex 60.1636038969321 39.807677395178096 2.4
    endloop
  endfacet
  facet normal 0.5555702330195764 -0.8314696123025626 0
    outer loop
      vertex 60.25211471389215 39.88529929837232 0
      vertex 60.35 39.9507041555162 2.4
      vertex 60.25211471389215 39.88529929837232 2.4
    endloop
  endfacet
  facet normal 0.44228869021900896 -0.8968727415326846 0
    outer loop
      vertex 60.35 39.9507041555162 0
      vertex 60.455584910871416 40.00277287137036 2.4
      vertex 60.35 39.9507041555162 2.4
    endloop
  endfacet
  facet normal 0.32143946530317896 -0.9469301294950998 0
    outer loop
      vertex 60.455584910871416 40.00277287137036 0
      vertex 60.56706285940773 40.040614535770366 2.4
      vertex 60.455584910871416 40.00277287137036 2.4
    endloop
  endfacet
  facet normal 0.1950903220161054 -0.9807852804032351 0
    outer loop
      vertex 60.56706285940773 40.040614535770366 0
      vertex 60.68252642700195 40.06358166734663 2.4
      vertex 60.56706285940773 40.040614535770366 2.4
    endloop
  endfacet
  facet normal 0.06540312923011934 -0.9978589232386051 0
    outer loop
      vertex 60.68252642700195 40.06358166734663 0
      vertex 60.8 40.0712812921102 2.4
      vertex 60.68252642700195 40.06358166734663 2.4
    endloop
  endfacet
  facet normal -0.19509032201611692 -0.9807852804032327 0
    outer loop
      vertex 60.91747357299805 40.06358166734663 0
      vertex 61.03293714059227 40.040614535770366 2.4
      vertex 60.91747357299805 40.06358166734663 2.4
    endloop
  endfacet
  facet normal -0.32143946530317896 -0.9469301294950998 0
    outer loop
      vertex 61.03293714059227 40.040614535770366 0
      vertex 61.14441508912858 40.00277287137036 2.4
      vertex 61.03293714059227 40.040614535770366 2.4
    endloop
  endfacet
  facet normal -0.0654031292301154 -0.9978589232386053 0
    outer loop
      vertex 60.8 40.0712812921102 0
      vertex 60.91747357299805 40.06358166734663 2.4
      vertex 60.8 40.0712812921102 2.4
    endloop
  endfacet
  facet normal -0.9469301294950998 -0.32143946530317896 0
    outer loop
      vertex 61.63149157926016 39.51569638123878 0
      vertex 61.66933324366016 39.40421843270247 2.4
      vertex 61.63149157926016 39.51569638123878 2.4
    endloop
  endfacet
  facet normal -0.9469301294950998 0.32143946530317896 0
    outer loop
      vertex 61.66933324366016 38.93834415151793 0
      vertex 61.63149157926016 38.82686620298162 2.4
      vertex 61.66933324366016 38.93834415151793 2.4
    endloop
  endfacet
  facet normal -0.9807852804032351 0.1950903220161054 0
    outer loop
      vertex 61.69230037523643 39.05380771911216 0
      vertex 61.66933324366016 38.93834415151793 2.4
      vertex 61.69230037523643 39.05380771911216 2.4
    endloop
  endfacet
  facet normal -0.9978589232386051 0.06540312923011934 0
    outer loop
      vertex 61.699999999999996 39.1712812921102 0
      vertex 61.69230037523643 39.05380771911216 2.4
      vertex 61.699999999999996 39.1712812921102 2.4
    endloop
  endfacet
  facet normal -0.9978589232386051 -0.06540312923011934 1.7561745598935092e-19
    outer loop
      vertex 61.699999999999996 39.1712812921102 2.4
      vertex 61.69230037523643 39.288754865108245 2.4
      vertex 61.69230037523643 39.288754865108245 0
    endloop
  endfacet
  facet normal -0.9807852804032351 -0.1950903220161054 0
    outer loop
      vertex 61.66933324366016 39.40421843270247 0
      vertex 61.69230037523643 39.288754865108245 2.4
      vertex 61.66933324366016 39.40421843270247 2.4
    endloop
  endfacet
  facet normal -0.8968727415326962 -0.442288690218985 0
    outer loop
      vertex 61.579422863405995 39.621281292110204 0
      vertex 61.63149157926016 39.51569638123878 2.4
      vertex 61.579422863405995 39.621281292110204 2.4
    endloop
  endfacet
  facet normal -0.8314696123025439 -0.5555702330196042 6.873062199386083e-19
    outer loop
      vertex 61.579422863405995 39.621281292110204 2.4
      vertex 61.51401800626211 39.71916657821805 2.4
      vertex 61.51401800626211 39.71916657821805 0
    endloop
  endfacet
  facet normal -0.7518398074789762 -0.6593458151000701 0
    outer loop
      vertex 61.43639610306789 39.807677395178096 0
      vertex 61.51401800626211 39.71916657821805 2.4
      vertex 61.43639610306789 39.807677395178096 2.4
    endloop
  endfacet
  facet normal -0.6593458151000701 -0.7518398074789762 0
    outer loop
      vertex 61.34788528610785 39.88529929837232 0
      vertex 61.43639610306789 39.807677395178096 2.4
      vertex 61.34788528610785 39.88529929837232 2.4
    endloop
  endfacet
  facet normal -0.442288690218985 -0.8968727415326962 0
    outer loop
      vertex 61.14441508912858 40.00277287137036 0
      vertex 61.25 39.9507041555162 2.4
      vertex 61.14441508912858 40.00277287137036 2.4
    endloop
  endfacet
  facet normal -0.5555702330196042 -0.8314696123025439 0
    outer loop
      vertex 61.25 39.9507041555162 0
      vertex 61.34788528610785 39.88529929837232 2.4
      vertex 61.25 39.9507041555162 2.4
    endloop
  endfacet
  facet normal 0.44228869021900896 0.8968727415326846 0
    outer loop
      vertex 58.75 35.620577136594 0
      vertex 58.75 35.620577136594 2.4
      vertex 58.855584910871414 35.56850842073984 0
    endloop
  endfacet
  facet normal 0.5555702330196182 0.8314696123025346 0
    outer loop
      vertex 58.652114713892146 35.68598199373789 0
      vertex 58.652114713892146 35.68598199373789 2.4
      vertex 58.75 35.620577136594 0
    endloop
  endfacet
  facet normal 0.7518398074789762 0.6593458151000701 1.5299653295695397e-18
    outer loop
      vertex 58.56360389693211 35.7636038969321 0
      vertex 58.48598199373789 35.85211471389215 0
      vertex 58.48598199373789 35.85211471389215 2.4
    endloop
  endfacet
  facet normal 0.8968727415326962 0.442288690218985 -6.329142351190511e-19
    outer loop
      vertex 58.420577136594005 35.949999999999996 0
      vertex 58.36850842073984 36.05558491087142 0
      vertex 58.36850842073984 36.05558491087142 2.4
    endloop
  endfacet
  facet normal 0.8314696123025439 0.5555702330196042 6.873062199386083e-19
    outer loop
      vertex 58.48598199373789 35.85211471389215 0
      vertex 58.420577136594005 35.949999999999996 0
      vertex 58.420577136594005 35.949999999999996 2.4
    endloop
  endfacet
  facet normal 0.659345815100066 0.7518398074789799 0
    outer loop
      vertex 58.56360389693211 35.7636038969321 0
      vertex 58.56360389693211 35.7636038969321 2.4
      vertex 58.652114713892146 35.68598199373789 0
    endloop
  endfacet
  facet normal 0.9469301294950998 0.32143946530317896 -1.1474413751089625e-18
    outer loop
      vertex 58.36850842073984 36.05558491087142 0
      vertex 58.33066675633984 36.16706285940773 0
      vertex 58.33066675633984 36.16706285940773 2.4
    endloop
  endfacet
  facet normal 0.9807852804032351 0.1950903220161054 -2.9030080596004424e-19
    outer loop
      vertex 58.33066675633984 36.16706285940773 0
      vertex 58.30769962476357 36.282526427001955 0
      vertex 58.30769962476357 36.282526427001955 2.4
    endloop
  endfacet
  facet normal 0.997858923238601 0.06540312923017944 -1.1144476620977665e-19
    outer loop
      vertex 58.30769962476357 36.282526427001955 0
      vertex 58.3 36.4 0
      vertex 58.3 36.4 2.4
    endloop
  endfacet
  facet normal 0.997858923238601 -0.06540312923017944 1.1144476620977665e-19
    outer loop
      vertex 58.3 36.4 0
      vertex 58.30769962476357 36.51747357299804 0
      vertex 58.30769962476357 36.51747357299804 2.4
    endloop
  endfacet
  facet normal 0.9807852804032351 -0.1950903220161054 2.9030080596004424e-19
    outer loop
      vertex 58.30769962476357 36.51747357299804 0
      vertex 58.33066675633984 36.63293714059227 0
      vertex 58.33066675633984 36.63293714059227 2.4
    endloop
  endfacet
  facet normal 0.9469301294950998 -0.32143946530317896 1.1474413751089625e-18
    outer loop
      vertex 58.33066675633984 36.63293714059227 0
      vertex 58.36850842073984 36.74441508912858 0
      vertex 58.36850842073984 36.74441508912858 2.4
    endloop
  endfacet
  facet normal 0.8968727415326962 -0.442288690218985 6.329142351190511e-19
    outer loop
      vertex 58.36850842073984 36.74441508912858 0
      vertex 58.420577136594005 36.85 0
      vertex 58.420577136594005 36.85 2.4
    endloop
  endfacet
  facet normal 0.8314696123025439 -0.5555702330196042 -6.873062199386083e-19
    outer loop
      vertex 58.420577136594005 36.85 0
      vertex 58.48598199373789 36.94788528610785 0
      vertex 58.48598199373789 36.94788528610785 2.4
    endloop
  endfacet
  facet normal 0.7518398074789762 -0.6593458151000701 -1.5299653295695397e-18
    outer loop
      vertex 58.48598199373789 36.94788528610785 0
      vertex 58.56360389693211 37.036396103067894 0
      vertex 58.56360389693211 37.036396103067894 2.4
    endloop
  endfacet
  facet normal 0.659345815100066 -0.7518398074789799 0
    outer loop
      vertex 58.652114713892146 37.11401800626211 0
      vertex 58.652114713892146 37.11401800626211 2.4
      vertex 58.56360389693211 37.036396103067894 0
    endloop
  endfacet
  facet normal 0.5555702330196182 -0.8314696123025346 0
    outer loop
      vertex 58.75 37.179422863405996 0
      vertex 58.75 37.179422863405996 2.4
      vertex 58.652114713892146 37.11401800626211 0
    endloop
  endfacet
  facet normal 0.44228869021900896 -0.8968727415326846 0
    outer loop
      vertex 58.855584910871414 37.23149157926016 0
      vertex 58.855584910871414 37.23149157926016 2.4
      vertex 58.75 37.179422863405996 0
    endloop
  endfacet
  facet normal 0.195090322016175 0.9807852804032212 0
    outer loop
      vertex 58.96706285940773 35.53066675633984 0
      vertex 58.96706285940773 35.53066675633984 2.4
      vertex 59.08252642700195 35.50769962476357 0
    endloop
  endfacet
  facet normal 0.3214394653031065 0.9469301294951245 0
    outer loop
      vertex 58.855584910871414 35.56850842073984 0
      vertex 58.855584910871414 35.56850842073984 2.4
      vertex 58.96706285940773 35.53066675633984 0
    endloop
  endfacet
  facet normal 0.06540312923011934 0.9978589232386051 0
    outer loop
      vertex 59.08252642700195 35.50769962476357 0
      vertex 59.08252642700195 35.50769962476357 2.4
      vertex 59.199999999999996 35.5 0
    endloop
  endfacet
  facet normal -0.0654031292301154 0.9978589232386053 0
    outer loop
      vertex 59.199999999999996 35.5 0
      vertex 59.199999999999996 35.5 2.4
      vertex 59.31747357299805 35.50769962476357 0
    endloop
  endfacet
  facet normal -0.195090322016175 0.9807852804032212 0
    outer loop
      vertex 59.31747357299805 35.50769962476357 0
      vertex 59.31747357299805 35.50769962476357 2.4
      vertex 59.432937140592266 35.53066675633984 0
    endloop
  endfacet
  facet normal -0.3214394653031249 0.9469301294951182 0
    outer loop
      vertex 59.432937140592266 35.53066675633984 0
      vertex 59.432937140592266 35.53066675633984 2.4
      vertex 59.54441508912858 35.56850842073984 0
    endloop
  endfacet
  facet normal -0.442288690218985 0.8968727415326962 0
    outer loop
      vertex 59.54441508912858 35.56850842073984 0
      vertex 59.54441508912858 35.56850842073984 2.4
      vertex 59.65 35.620577136594 0
    endloop
  endfacet
  facet normal -0.555570233019646 0.831469612302516 0
    outer loop
      vertex 59.65 35.620577136594 0
      vertex 59.65 35.620577136594 2.4
      vertex 59.747885286107845 35.68598199373789 0
    endloop
  endfacet
  facet normal -0.659345815100036 0.7518398074790061 0
    outer loop
      vertex 59.747885286107845 35.68598199373789 2.4
      vertex 59.83639610306789 35.7636038969321 0
      vertex 59.747885286107845 35.68598199373789 0
    endloop
  endfacet
  facet normal -0.7518398074789762 0.6593458151000701 0
    outer loop
      vertex 59.83639610306789 35.7636038969321 0
      vertex 59.83639610306789 35.7636038969321 2.4
      vertex 59.91401800626211 35.85211471389215 0
    endloop
  endfacet
  facet normal -0.8314696123025439 0.5555702330196042 -6.873062199386083e-19
    outer loop
      vertex 59.97942286340599 35.949999999999996 0
      vertex 59.91401800626211 35.85211471389215 0
      vertex 59.91401800626211 35.85211471389215 2.4
    endloop
  endfacet
  facet normal -0.8968727415326962 0.442288690218985 6.329142351190511e-19
    outer loop
      vertex 60.031491579260155 36.05558491087142 0
      vertex 59.97942286340599 35.949999999999996 0
      vertex 59.97942286340599 35.949999999999996 2.4
    endloop
  endfacet
  facet normal 0.3214394653031065 -0.9469301294951245 0
    outer loop
      vertex 58.96706285940773 37.26933324366016 0
      vertex 58.96706285940773 37.26933324366016 2.4
      vertex 58.855584910871414 37.23149157926016 0
    endloop
  endfacet
  facet normal 0.195090322016175 -0.9807852804032212 0
    outer loop
      vertex 59.08252642700195 37.29230037523643 0
      vertex 59.08252642700195 37.29230037523643 2.4
      vertex 58.96706285940773 37.26933324366016 0
    endloop
  endfacet
  facet normal 0.06540312923011934 -0.9978589232386051 0
    outer loop
      vertex 59.199999999999996 37.3 0
      vertex 59.199999999999996 37.3 2.4
      vertex 59.08252642700195 37.29230037523643 0
    endloop
  endfacet
  facet normal -0.0654031292301154 -0.9978589232386053 0
    outer loop
      vertex 59.31747357299805 37.29230037523643 0
      vertex 59.31747357299805 37.29230037523643 2.4
      vertex 59.199999999999996 37.3 0
    endloop
  endfacet
  facet normal -0.659345815100036 -0.7518398074790061 0
    outer loop
      vertex 59.83639610306789 37.036396103067894 0
      vertex 59.83639610306789 37.036396103067894 2.4
      vertex 59.747885286107845 37.11401800626211 0
    endloop
  endfacet
  facet normal -0.7518398074789762 -0.6593458151000701 1.5299653295695397e-18
    outer loop
      vertex 59.83639610306789 37.036396103067894 0
      vertex 59.91401800626211 36.94788528610785 0
      vertex 59.91401800626211 36.94788528610785 2.4
    endloop
  endfacet
  facet normal -0.3214394653031249 -0.9469301294951182 0
    outer loop
      vertex 59.54441508912858 37.23149157926016 0
      vertex 59.54441508912858 37.23149157926016 2.4
      vertex 59.432937140592266 37.26933324366016 0
    endloop
  endfacet
  facet normal -0.195090322016175 -0.9807852804032212 0
    outer loop
      vertex 59.432937140592266 37.26933324366016 0
      vertex 59.432937140592266 37.26933324366016 2.4
      vertex 59.31747357299805 37.29230037523643 0
    endloop
  endfacet
  facet normal -0.442288690218985 -0.8968727415326962 0
    outer loop
      vertex 59.65 37.179422863405996 0
      vertex 59.65 37.179422863405996 2.4
      vertex 59.54441508912858 37.23149157926016 0
    endloop
  endfacet
  facet normal -0.555570233019646 -0.831469612302516 0
    outer loop
      vertex 59.747885286107845 37.11401800626211 0
      vertex 59.747885286107845 37.11401800626211 2.4
      vertex 59.65 37.179422863405996 0
    endloop
  endfacet
  facet normal -0.9469301294950998 0.32143946530317896 1.1474413751089625e-18
    outer loop
      vertex 60.06933324366016 36.16706285940773 0
      vertex 60.031491579260155 36.05558491087142 0
      vertex 60.031491579260155 36.05558491087142 2.4
    endloop
  endfacet
  facet normal -0.9807852804032351 0.1950903220161054 2.9030080596004424e-19
    outer loop
      vertex 60.09230037523643 36.282526427001955 0
      vertex 60.06933324366016 36.16706285940773 0
      vertex 60.06933324366016 36.16706285940773 2.4
    endloop
  endfacet
  facet normal -0.997858923238601 0.06540312923017944 1.1144476620977665e-19
    outer loop
      vertex 60.1 36.4 0
      vertex 60.09230037523643 36.282526427001955 0
      vertex 60.09230037523643 36.282526427001955 2.4
    endloop
  endfacet
  facet normal -0.997858923238601 -0.06540312923017944 -1.1144476620977665e-19
    outer loop
      vertex 60.09230037523643 36.51747357299804 0
      vertex 60.1 36.4 0
      vertex 60.1 36.4 2.4
    endloop
  endfacet
  facet normal -0.9807852804032351 -0.1950903220161054 -2.9030080596004424e-19
    outer loop
      vertex 60.06933324366016 36.63293714059227 0
      vertex 60.09230037523643 36.51747357299804 0
      vertex 60.09230037523643 36.51747357299804 2.4
    endloop
  endfacet
  facet normal -0.9469301294950998 -0.32143946530317896 -1.1474413751089625e-18
    outer loop
      vertex 60.031491579260155 36.74441508912858 0
      vertex 60.06933324366016 36.63293714059227 0
      vertex 60.06933324366016 36.63293714059227 2.4
    endloop
  endfacet
  facet normal -0.8968727415326962 -0.442288690218985 -6.329142351190511e-19
    outer loop
      vertex 59.97942286340599 36.85 0
      vertex 60.031491579260155 36.74441508912858 0
      vertex 60.031491579260155 36.74441508912858 2.4
    endloop
  endfacet
  facet normal -0.8314696123025439 -0.5555702330196042 6.873062199386083e-19
    outer loop
      vertex 59.91401800626211 36.94788528610785 0
      vertex 59.97942286340599 36.85 0
      vertex 59.97942286340599 36.85 2.4
    endloop
  endfacet
  facet normal 0.659345815100066 0.7518398074789799 0
    outer loop
      vertex 58.652114713892146 35.68598199373789 0
      vertex 58.56360389693211 35.7636038969321 2.4
      vertex 58.652114713892146 35.68598199373789 2.4
    endloop
  endfacet
  facet normal 0.44228869021900896 0.8968727415326846 0
    outer loop
      vertex 58.855584910871414 35.56850842073984 0
      vertex 58.75 35.620577136594 2.4
      vertex 58.855584910871414 35.56850842073984 2.4
    endloop
  endfacet
  facet normal 0.5555702330196182 0.8314696123025346 0
    outer loop
      vertex 58.75 35.620577136594 0
      vertex 58.652114713892146 35.68598199373789 2.4
      vertex 58.75 35.620577136594 2.4
    endloop
  endfacet
  facet normal 0.7518398074789762 0.6593458151000701 1.5299653295695397e-18
    outer loop
      vertex 58.48598199373789 35.85211471389215 2.4
      vertex 58.56360389693211 35.7636038969321 2.4
      vertex 58.56360389693211 35.7636038969321 0
    endloop
  endfacet
  facet normal 0.8314696123025439 0.5555702330196042 0
    outer loop
      vertex 58.48598199373789 35.85211471389215 0
      vertex 58.420577136594005 35.949999999999996 2.4
      vertex 58.48598199373789 35.85211471389215 2.4
    endloop
  endfacet
  facet normal 0.8968727415326962 0.442288690218985 -6.329142351190511e-19
    outer loop
      vertex 58.36850842073984 36.05558491087142 2.4
      vertex 58.420577136594005 35.949999999999996 2.4
      vertex 58.420577136594005 35.949999999999996 0
    endloop
  endfacet
  facet normal 0.9469301294950998 0.32143946530317896 0
    outer loop
      vertex 58.36850842073984 36.05558491087142 0
      vertex 58.33066675633984 36.16706285940773 2.4
      vertex 58.36850842073984 36.05558491087142 2.4
    endloop
  endfacet
  facet normal 0.9807852804032351 0.1950903220161054 0
    outer loop
      vertex 58.33066675633984 36.16706285940773 0
      vertex 58.30769962476357 36.282526427001955 2.4
      vertex 58.33066675633984 36.16706285940773 2.4
    endloop
  endfacet
  facet normal 0.997858923238601 0.06540312923017944 0
    outer loop
      vertex 58.30769962476357 36.282526427001955 0
      vertex 58.3 36.4 2.4
      vertex 58.30769962476357 36.282526427001955 2.4
    endloop
  endfacet
  facet normal 0.997858923238601 -0.06540312923017944 0
    outer loop
      vertex 58.3 36.4 0
      vertex 58.30769962476357 36.51747357299804 2.4
      vertex 58.3 36.4 2.4
    endloop
  endfacet
  facet normal 0.9807852804032351 -0.1950903220161054 0
    outer loop
      vertex 58.30769962476357 36.51747357299804 0
      vertex 58.33066675633984 36.63293714059227 2.4
      vertex 58.30769962476357 36.51747357299804 2.4
    endloop
  endfacet
  facet normal 0.9469301294950998 -0.32143946530317896 0
    outer loop
      vertex 58.33066675633984 36.63293714059227 0
      vertex 58.36850842073984 36.74441508912858 2.4
      vertex 58.33066675633984 36.63293714059227 2.4
    endloop
  endfacet
  facet normal 0.8968727415326962 -0.442288690218985 0
    outer loop
      vertex 58.36850842073984 36.74441508912858 0
      vertex 58.420577136594005 36.85 2.4
      vertex 58.36850842073984 36.74441508912858 2.4
    endloop
  endfacet
  facet normal 0.8314696123025439 -0.5555702330196042 0
    outer loop
      vertex 58.420577136594005 36.85 0
      vertex 58.48598199373789 36.94788528610785 2.4
      vertex 58.420577136594005 36.85 2.4
    endloop
  endfacet
  facet normal 0.7518398074789762 -0.6593458151000701 0
    outer loop
      vertex 58.48598199373789 36.94788528610785 0
      vertex 58.56360389693211 37.036396103067894 2.4
      vertex 58.48598199373789 36.94788528610785 2.4
    endloop
  endfacet
  facet normal 0.659345815100066 -0.7518398074789799 0
    outer loop
      vertex 58.56360389693211 37.036396103067894 0
      vertex 58.652114713892146 37.11401800626211 2.4
      vertex 58.56360389693211 37.036396103067894 2.4
    endloop
  endfacet
  facet normal 0.5555702330196182 -0.8314696123025346 0
    outer loop
      vertex 58.652114713892146 37.11401800626211 0
      vertex 58.75 37.179422863405996 2.4
      vertex 58.652114713892146 37.11401800626211 2.4
    endloop
  endfacet
  facet normal 0.44228869021900896 -0.8968727415326846 0
    outer loop
      vertex 58.75 37.179422863405996 0
      vertex 58.855584910871414 37.23149157926016 2.4
      vertex 58.75 37.179422863405996 2.4
    endloop
  endfacet
  facet normal 0.3214394653031065 0.9469301294951245 0
    outer loop
      vertex 58.96706285940773 35.53066675633984 0
      vertex 58.855584910871414 35.56850842073984 2.4
      vertex 58.96706285940773 35.53066675633984 2.4
    endloop
  endfacet
  facet normal 0.195090322016175 0.9807852804032212 5.360925470672662e-19
    outer loop
      vertex 58.96706285940773 35.53066675633984 2.4
      vertex 59.08252642700195 35.50769962476357 2.4
      vertex 59.08252642700195 35.50769962476357 0
    endloop
  endfacet
  facet normal 0.06540312923011934 0.9978589232386051 0
    outer loop
      vertex 59.199999999999996 35.5 0
      vertex 59.08252642700195 35.50769962476357 2.4
      vertex 59.199999999999996 35.5 2.4
    endloop
  endfacet
  facet normal -0.0654031292301154 0.9978589232386053 0
    outer loop
      vertex 59.31747357299805 35.50769962476357 0
      vertex 59.199999999999996 35.5 2.4
      vertex 59.31747357299805 35.50769962476357 2.4
    endloop
  endfacet
  facet normal -0.195090322016175 0.9807852804032212 0
    outer loop
      vertex 59.432937140592266 35.53066675633984 0
      vertex 59.31747357299805 35.50769962476357 2.4
      vertex 59.432937140592266 35.53066675633984 2.4
    endloop
  endfacet
  facet normal -0.3214394653031249 0.9469301294951182 0
    outer loop
      vertex 59.54441508912858 35.56850842073984 0
      vertex 59.432937140592266 35.53066675633984 2.4
      vertex 59.54441508912858 35.56850842073984 2.4
    endloop
  endfacet
  facet normal -0.442288690218985 0.8968727415326962 0
    outer loop
      vertex 59.65 35.620577136594 0
      vertex 59.54441508912858 35.56850842073984 2.4
      vertex 59.65 35.620577136594 2.4
    endloop
  endfacet
  facet normal -0.555570233019646 0.831469612302516 0
    outer loop
      vertex 59.747885286107845 35.68598199373789 0
      vertex 59.65 35.620577136594 2.4
      vertex 59.747885286107845 35.68598199373789 2.4
    endloop
  endfacet
  facet normal -0.659345815100036 0.7518398074790061 0
    outer loop
      vertex 59.83639610306789 35.7636038969321 0
      vertex 59.747885286107845 35.68598199373789 2.4
      vertex 59.83639610306789 35.7636038969321 2.4
    endloop
  endfacet
  facet normal -0.7518398074789762 0.6593458151000701 0
    outer loop
      vertex 59.91401800626211 35.85211471389215 0
      vertex 59.83639610306789 35.7636038969321 2.4
      vertex 59.91401800626211 35.85211471389215 2.4
    endloop
  endfacet
  facet normal -0.8314696123025439 0.5555702330196042 0
    outer loop
      vertex 59.97942286340599 35.949999999999996 0
      vertex 59.91401800626211 35.85211471389215 2.4
      vertex 59.97942286340599 35.949999999999996 2.4
    endloop
  endfacet
  facet normal -0.8968727415326962 0.442288690218985 6.329142351190511e-19
    outer loop
      vertex 59.97942286340599 35.949999999999996 2.4
      vertex 60.031491579260155 36.05558491087142 2.4
      vertex 60.031491579260155 36.05558491087142 0
    endloop
  endfacet
  facet normal 0.3214394653031065 -0.9469301294951245 0
    outer loop
      vertex 58.855584910871414 37.23149157926016 0
      vertex 58.96706285940773 37.26933324366016 2.4
      vertex 58.855584910871414 37.23149157926016 2.4
    endloop
  endfacet
  facet normal 0.195090322016175 -0.9807852804032212 0
    outer loop
      vertex 58.96706285940773 37.26933324366016 0
      vertex 59.08252642700195 37.29230037523643 2.4
      vertex 58.96706285940773 37.26933324366016 2.4
    endloop
  endfacet
  facet normal -0.195090322016175 -0.9807852804032212 0
    outer loop
      vertex 59.31747357299805 37.29230037523643 0
      vertex 59.432937140592266 37.26933324366016 2.4
      vertex 59.31747357299805 37.29230037523643 2.4
    endloop
  endfacet
  facet normal 0.06540312923011934 -0.9978589232386051 0
    outer loop
      vertex 59.08252642700195 37.29230037523643 0
      vertex 59.199999999999996 37.3 2.4
      vertex 59.08252642700195 37.29230037523643 2.4
    endloop
  endfacet
  facet normal -0.0654031292301154 -0.9978589232386053 -5.562270101664278e-20
    outer loop
      vertex 59.31747357299805 37.29230037523643 2.4
      vertex 59.199999999999996 37.3 2.4
      vertex 59.199999999999996 37.3 0
    endloop
  endfacet
  facet normal -0.8314696123025439 -0.5555702330196042 0
    outer loop
      vertex 59.91401800626211 36.94788528610785 0
      vertex 59.97942286340599 36.85 2.4
      vertex 59.91401800626211 36.94788528610785 2.4
    endloop
  endfacet
  facet normal -0.659345815100036 -0.7518398074790061 0
    outer loop
      vertex 59.747885286107845 37.11401800626211 0
      vertex 59.83639610306789 37.036396103067894 2.4
      vertex 59.747885286107845 37.11401800626211 2.4
    endloop
  endfacet
  facet normal -0.7518398074789762 -0.6593458151000701 0
    outer loop
      vertex 59.83639610306789 37.036396103067894 0
      vertex 59.91401800626211 36.94788528610785 2.4
      vertex 59.83639610306789 37.036396103067894 2.4
    endloop
  endfacet
  facet normal -0.3214394653031249 -0.9469301294951182 0
    outer loop
      vertex 59.432937140592266 37.26933324366016 0
      vertex 59.54441508912858 37.23149157926016 2.4
      vertex 59.432937140592266 37.26933324366016 2.4
    endloop
  endfacet
  facet normal -0.442288690218985 -0.8968727415326962 -6.329142351190511e-19
    outer loop
      vertex 59.65 37.179422863405996 2.4
      vertex 59.54441508912858 37.23149157926016 2.4
      vertex 59.54441508912858 37.23149157926016 0
    endloop
  endfacet
  facet normal -0.555570233019646 -0.831469612302516 0
    outer loop
      vertex 59.65 37.179422863405996 0
      vertex 59.747885286107845 37.11401800626211 2.4
      vertex 59.65 37.179422863405996 2.4
    endloop
  endfacet
  facet normal -0.9469301294950998 0.32143946530317896 0
    outer loop
      vertex 60.06933324366016 36.16706285940773 0
      vertex 60.031491579260155 36.05558491087142 2.4
      vertex 60.06933324366016 36.16706285940773 2.4
    endloop
  endfacet
  facet normal -0.9807852804032351 0.1950903220161054 0
    outer loop
      vertex 60.09230037523643 36.282526427001955 0
      vertex 60.06933324366016 36.16706285940773 2.4
      vertex 60.09230037523643 36.282526427001955 2.4
    endloop
  endfacet
  facet normal -0.997858923238601 0.06540312923017944 1.1144476620977665e-19
    outer loop
      vertex 60.09230037523643 36.282526427001955 2.4
      vertex 60.1 36.4 2.4
      vertex 60.1 36.4 0
    endloop
  endfacet
  facet normal -0.997858923238601 -0.06540312923017944 0
    outer loop
      vertex 60.09230037523643 36.51747357299804 0
      vertex 60.1 36.4 2.4
      vertex 60.09230037523643 36.51747357299804 2.4
    endloop
  endfacet
  facet normal -0.9807852804032351 -0.1950903220161054 -2.9030080596004424e-19
    outer loop
      vertex 60.09230037523643 36.51747357299804 2.4
      vertex 60.06933324366016 36.63293714059227 2.4
      vertex 60.06933324366016 36.63293714059227 0
    endloop
  endfacet
  facet normal -0.9469301294950998 -0.32143946530317896 0
    outer loop
      vertex 60.031491579260155 36.74441508912858 0
      vertex 60.06933324366016 36.63293714059227 2.4
      vertex 60.031491579260155 36.74441508912858 2.4
    endloop
  endfacet
  facet normal -0.8968727415326962 -0.442288690218985 0
    outer loop
      vertex 59.97942286340599 36.85 0
      vertex 60.031491579260155 36.74441508912858 2.4
      vertex 59.97942286340599 36.85 2.4
    endloop
  endfacet
  facet normal 0.5555702330195764 0.8314696123025626 0
    outer loop
      vertex 60.25211471389215 32.91470070162768 0
      vertex 60.25211471389215 32.91470070162768 2.4
      vertex 60.35 32.8492958444838 0
    endloop
  endfacet
  facet normal 0.44228869021900896 0.8968727415326846 0
    outer loop
      vertex 60.35 32.8492958444838 0
      vertex 60.35 32.8492958444838 2.4
      vertex 60.455584910871416 32.797227128629636 0
    endloop
  endfacet
  facet normal 0.32143946530317896 0.9469301294950998 0
    outer loop
      vertex 60.455584910871416 32.797227128629636 0
      vertex 60.455584910871416 32.797227128629636 2.4
      vertex 60.56706285940773 32.75938546422963 0
    endloop
  endfacet
  facet normal 0.6593458151000701 0.7518398074789762 0
    outer loop
      vertex 60.1636038969321 32.9923226048219 0
      vertex 60.1636038969321 32.9923226048219 2.4
      vertex 60.25211471389215 32.91470070162768 0
    endloop
  endfacet
  facet normal 0.7518398074790061 0.659345815100036 -1.2924216701476303e-18
    outer loop
      vertex 60.1636038969321 32.9923226048219 0
      vertex 60.08598199373789 33.080833421781946 0
      vertex 60.08598199373789 33.080833421781946 2.4
    endloop
  endfacet
  facet normal 0.8314696123025439 0.5555702330196042 6.873062199386083e-19
    outer loop
      vertex 60.08598199373789 33.080833421781946 0
      vertex 60.02057713659401 33.17871870788979 0
      vertex 60.02057713659401 33.17871870788979 2.4
    endloop
  endfacet
  facet normal 0.8968727415326724 0.4422886902190335 -4.843020786997058e-19
    outer loop
      vertex 60.02057713659401 33.17871870788979 0
      vertex 59.96850842073984 33.284303618761214 0
      vertex 59.96850842073984 33.284303618761214 2.4
    endloop
  endfacet
  facet normal 0.1950903220161054 0.9807852804032351 0
    outer loop
      vertex 60.56706285940773 32.75938546422963 0
      vertex 60.56706285940773 32.75938546422963 2.4
      vertex 60.68252642700195 32.736418332653365 0
    endloop
  endfacet
  facet normal 0.06540312923011934 0.9978589232386051 0
    outer loop
      vertex 60.68252642700195 32.736418332653365 0
      vertex 60.68252642700195 32.736418332653365 2.4
      vertex 60.8 32.7287187078898 0
    endloop
  endfacet
  facet normal -0.0654031292301154 0.9978589232386053 0
    outer loop
      vertex 60.8 32.7287187078898 0
      vertex 60.8 32.7287187078898 2.4
      vertex 60.91747357299805 32.736418332653365 0
    endloop
  endfacet
  facet normal -0.19509032201611692 0.9807852804032327 0
    outer loop
      vertex 60.91747357299805 32.736418332653365 0
      vertex 60.91747357299805 32.736418332653365 2.4
      vertex 61.03293714059227 32.75938546422963 0
    endloop
  endfacet
  facet normal -0.32143946530317896 0.9469301294950998 0
    outer loop
      vertex 61.03293714059227 32.75938546422963 0
      vertex 61.03293714059227 32.75938546422963 2.4
      vertex 61.14441508912858 32.797227128629636 0
    endloop
  endfacet
  facet normal -0.442288690218985 0.8968727415326962 0
    outer loop
      vertex 61.14441508912858 32.797227128629636 0
      vertex 61.14441508912858 32.797227128629636 2.4
      vertex 61.25 32.8492958444838 0
    endloop
  endfacet
  facet normal -0.5555702330196042 0.8314696123025439 0
    outer loop
      vertex 61.25 32.8492958444838 0
      vertex 61.25 32.8492958444838 2.4
      vertex 61.34788528610785 32.91470070162768 0
    endloop
  endfacet
  facet normal -0.6593458151000701 0.7518398074789762 0
    outer loop
      vertex 61.34788528610785 32.91470070162768 0
      vertex 61.34788528610785 32.91470070162768 2.4
      vertex 61.43639610306789 32.9923226048219 0
    endloop
  endfacet
  facet normal -0.7518398074789762 0.6593458151000701 0
    outer loop
      vertex 61.43639610306789 32.9923226048219 0
      vertex 61.43639610306789 32.9923226048219 2.4
      vertex 61.51401800626211 33.080833421781946 0
    endloop
  endfacet
  facet normal -0.8314696123025439 0.5555702330196042 -6.873062199386083e-19
    outer loop
      vertex 61.579422863405995 33.17871870788979 0
      vertex 61.51401800626211 33.080833421781946 0
      vertex 61.51401800626211 33.080833421781946 2.4
    endloop
  endfacet
  facet normal -0.8968727415326962 0.442288690218985 6.329142351190511e-19
    outer loop
      vertex 61.63149157926016 33.284303618761214 0
      vertex 61.579422863405995 33.17871870788979 0
      vertex 61.579422863405995 33.17871870788979 2.4
    endloop
  endfacet
  facet normal 0.6593458151000701 0.7518398074789762 0
    outer loop
      vertex 60.25211471389215 32.91470070162768 0
      vertex 60.1636038969321 32.9923226048219 2.4
      vertex 60.25211471389215 32.91470070162768 2.4
    endloop
  endfacet
  facet normal 0.5555702330195764 0.8314696123025626 0
    outer loop
      vertex 60.35 32.8492958444838 0
      vertex 60.25211471389215 32.91470070162768 2.4
      vertex 60.35 32.8492958444838 2.4
    endloop
  endfacet
  facet normal 0.44228869021900896 0.8968727415326846 0
    outer loop
      vertex 60.455584910871416 32.797227128629636 0
      vertex 60.35 32.8492958444838 2.4
      vertex 60.455584910871416 32.797227128629636 2.4
    endloop
  endfacet
  facet normal 0.8314696123025439 0.5555702330196042 0
    outer loop
      vertex 60.08598199373789 33.080833421781946 0
      vertex 60.02057713659401 33.17871870788979 2.4
      vertex 60.08598199373789 33.080833421781946 2.4
    endloop
  endfacet
  facet normal 0.7518398074790061 0.659345815100036 0
    outer loop
      vertex 60.1636038969321 32.9923226048219 0
      vertex 60.08598199373789 33.080833421781946 2.4
      vertex 60.1636038969321 32.9923226048219 2.4
    endloop
  endfacet
  facet normal 0.8968727415326724 0.4422886902190335 0
    outer loop
      vertex 60.02057713659401 33.17871870788979 0
      vertex 59.96850842073984 33.284303618761214 2.4
      vertex 60.02057713659401 33.17871870788979 2.4
    endloop
  endfacet
  facet normal 0.32143946530317896 0.9469301294950998 -1.1474413751089625e-18
    outer loop
      vertex 60.455584910871416 32.797227128629636 2.4
      vertex 60.56706285940773 32.75938546422963 2.4
      vertex 60.56706285940773 32.75938546422963 0
    endloop
  endfacet
  facet normal 0.1950903220161054 0.9807852804032351 0
    outer loop
      vertex 60.68252642700195 32.736418332653365 0
      vertex 60.56706285940773 32.75938546422963 2.4
      vertex 60.68252642700195 32.736418332653365 2.4
    endloop
  endfacet
  facet normal 0.06540312923011934 0.9978589232386051 0
    outer loop
      vertex 60.8 32.7287187078898 0
      vertex 60.68252642700195 32.736418332653365 2.4
      vertex 60.8 32.7287187078898 2.4
    endloop
  endfacet
  facet normal -0.0654031292301154 0.9978589232386053 0
    outer loop
      vertex 60.91747357299805 32.736418332653365 0
      vertex 60.8 32.7287187078898 2.4
      vertex 60.91747357299805 32.736418332653365 2.4
    endloop
  endfacet
  facet normal -0.19509032201611692 0.9807852804032327 0
    outer loop
      vertex 61.03293714059227 32.75938546422963 0
      vertex 60.91747357299805 32.736418332653365 2.4
      vertex 61.03293714059227 32.75938546422963 2.4
    endloop
  endfacet
  facet normal -0.32143946530317896 0.9469301294950998 0
    outer loop
      vertex 61.14441508912858 32.797227128629636 0
      vertex 61.03293714059227 32.75938546422963 2.4
      vertex 61.14441508912858 32.797227128629636 2.4
    endloop
  endfacet
  facet normal -0.442288690218985 0.8968727415326962 0
    outer loop
      vertex 61.25 32.8492958444838 0
      vertex 61.14441508912858 32.797227128629636 2.4
      vertex 61.25 32.8492958444838 2.4
    endloop
  endfacet
  facet normal -0.5555702330196042 0.8314696123025439 0
    outer loop
      vertex 61.34788528610785 32.91470070162768 0
      vertex 61.25 32.8492958444838 2.4
      vertex 61.34788528610785 32.91470070162768 2.4
    endloop
  endfacet
  facet normal -0.6593458151000701 0.7518398074789762 0
    outer loop
      vertex 61.43639610306789 32.9923226048219 0
      vertex 61.34788528610785 32.91470070162768 2.4
      vertex 61.43639610306789 32.9923226048219 2.4
    endloop
  endfacet
  facet normal -0.7518398074789762 0.6593458151000701 0
    outer loop
      vertex 61.51401800626211 33.080833421781946 0
      vertex 61.43639610306789 32.9923226048219 2.4
      vertex 61.51401800626211 33.080833421781946 2.4
    endloop
  endfacet
  facet normal -0.8314696123025439 0.5555702330196042 0
    outer loop
      vertex 61.579422863405995 33.17871870788979 0
      vertex 61.51401800626211 33.080833421781946 2.4
      vertex 61.579422863405995 33.17871870788979 2.4
    endloop
  endfacet
  facet normal -0.8968727415326962 0.442288690218985 0
    outer loop
      vertex 61.63149157926016 33.284303618761214 0
      vertex 61.579422863405995 33.17871870788979 2.4
      vertex 61.63149157926016 33.284303618761214 2.4
    endloop
  endfacet
  facet normal 0.9469301294951182 0.3214394653031249 -4.494961069704332e-19
    outer loop
      vertex 59.96850842073984 33.284303618761214 0
      vertex 59.93066675633984 33.395781567297526 0
      vertex 59.93066675633984 33.395781567297526 2.4
    endloop
  endfacet
  facet normal 0.9807852804032235 0.19509032201616344 8.561614760149871e-20
    outer loop
      vertex 59.93066675633984 33.395781567297526 0
      vertex 59.907699624763566 33.51124513489175 0
      vertex 59.907699624763566 33.51124513489175 2.4
    endloop
  endfacet
  facet normal 0.9978589232386051 0.06540312923011934 1.7561745598935092e-19
    outer loop
      vertex 59.907699624763566 33.51124513489175 0
      vertex 59.9 33.628718707889796 0
      vertex 59.9 33.628718707889796 2.4
    endloop
  endfacet
  facet normal 0.9978589232386051 -0.06540312923011934 -1.7561745598935092e-19
    outer loop
      vertex 59.9 33.628718707889796 0
      vertex 59.907699624763566 33.74619228088784 0
      vertex 59.907699624763566 33.74619228088784 2.4
    endloop
  endfacet
  facet normal 0.9807852804032235 -0.19509032201616344 -8.561614760149871e-20
    outer loop
      vertex 59.907699624763566 33.74619228088784 0
      vertex 59.93066675633984 33.861655848482066 0
      vertex 59.93066675633984 33.861655848482066 2.4
    endloop
  endfacet
  facet normal 0.9469301294951182 -0.3214394653031249 4.494961069704332e-19
    outer loop
      vertex 59.93066675633984 33.861655848482066 0
      vertex 59.96850842073984 33.97313379701838 0
      vertex 59.96850842073984 33.97313379701838 2.4
    endloop
  endfacet
  facet normal 0.8968727415326606 -0.4422886902190575 -1.1946643443713194e-18
    outer loop
      vertex 59.96850842073984 33.97313379701838 0
      vertex 60.02057713659401 34.07871870788979 0
      vertex 60.02057713659401 34.07871870788979 2.4
    endloop
  endfacet
  facet normal 0.8314696123025626 -0.5555702330195764 -1.3117464534896059e-18
    outer loop
      vertex 60.02057713659401 34.07871870788979 0
      vertex 60.08598199373789 34.176603993997645 0
      vertex 60.08598199373789 34.176603993997645 2.4
    endloop
  endfacet
  facet normal 0.7518398074790061 -0.659345815100036 1.2924216701476303e-18
    outer loop
      vertex 60.08598199373789 34.176603993997645 0
      vertex 60.1636038969321 34.26511481095769 0
      vertex 60.1636038969321 34.26511481095769 2.4
    endloop
  endfacet
  facet normal 0.659345815100036 -0.7518398074790061 0
    outer loop
      vertex 60.25211471389215 34.342736714151904 0
      vertex 60.25211471389215 34.342736714151904 2.4
      vertex 60.1636038969321 34.26511481095769 0
    endloop
  endfacet
  facet normal 0.5555702330195764 -0.8314696123025626 0
    outer loop
      vertex 60.35 34.408141571295786 0
      vertex 60.35 34.408141571295786 2.4
      vertex 60.25211471389215 34.342736714151904 0
    endloop
  endfacet
  facet normal 0.4422886902190575 -0.8968727415326606 0
    outer loop
      vertex 60.455584910871416 34.460210287149955 0
      vertex 60.455584910871416 34.460210287149955 2.4
      vertex 60.35 34.408141571295786 0
    endloop
  endfacet
  facet normal 0.3214394653031249 -0.9469301294951182 0
    outer loop
      vertex 60.56706285940773 34.498051951549954 0
      vertex 60.56706285940773 34.498051951549954 2.4
      vertex 60.455584910871416 34.460210287149955 0
    endloop
  endfacet
  facet normal 0.19509032201616344 -0.9807852804032235 0
    outer loop
      vertex 60.68252642700195 34.52101908312623 0
      vertex 60.68252642700195 34.52101908312623 2.4
      vertex 60.56706285940773 34.498051951549954 0
    endloop
  endfacet
  facet normal 0.06540312923011934 -0.9978589232386051 0
    outer loop
      vertex 60.8 34.528718707889794 0
      vertex 60.8 34.528718707889794 2.4
      vertex 60.68252642700195 34.52101908312623 0
    endloop
  endfacet
  facet normal -0.195090322016175 -0.9807852804032212 0
    outer loop
      vertex 61.03293714059227 34.498051951549954 0
      vertex 61.03293714059227 34.498051951549954 2.4
      vertex 60.91747357299805 34.52101908312623 0
    endloop
  endfacet
  facet normal -0.0654031292301154 -0.9978589232386053 0
    outer loop
      vertex 60.91747357299805 34.52101908312623 0
      vertex 60.91747357299805 34.52101908312623 2.4
      vertex 60.8 34.528718707889794 0
    endloop
  endfacet
  facet normal -0.9469301294950998 0.32143946530317896 1.1474413751089625e-18
    outer loop
      vertex 61.66933324366016 33.395781567297526 0
      vertex 61.63149157926016 33.284303618761214 0
      vertex 61.63149157926016 33.284303618761214 2.4
    endloop
  endfacet
  facet normal -0.9807852804032351 0.1950903220161054 2.9030080596004424e-19
    outer loop
      vertex 61.69230037523643 33.51124513489175 0
      vertex 61.66933324366016 33.395781567297526 0
      vertex 61.66933324366016 33.395781567297526 2.4
    endloop
  endfacet
  facet normal -0.9978589232386051 0.06540312923011934 -1.7561745598935092e-19
    outer loop
      vertex 61.699999999999996 33.628718707889796 0
      vertex 61.69230037523643 33.51124513489175 0
      vertex 61.69230037523643 33.51124513489175 2.4
    endloop
  endfacet
  facet normal -0.9978589232386051 -0.06540312923011934 1.7561745598935092e-19
    outer loop
      vertex 61.69230037523643 33.74619228088784 0
      vertex 61.699999999999996 33.628718707889796 0
      vertex 61.699999999999996 33.628718707889796 2.4
    endloop
  endfacet
  facet normal -0.9807852804032351 -0.1950903220161054 -2.9030080596004424e-19
    outer loop
      vertex 61.66933324366016 33.861655848482066 0
      vertex 61.69230037523643 33.74619228088784 0
      vertex 61.69230037523643 33.74619228088784 2.4
    endloop
  endfacet
  facet normal -0.9469301294950998 -0.32143946530317896 -1.1474413751089625e-18
    outer loop
      vertex 61.63149157926016 33.97313379701838 0
      vertex 61.66933324366016 33.861655848482066 0
      vertex 61.66933324366016 33.861655848482066 2.4
    endloop
  endfacet
  facet normal -0.8968727415326846 -0.44228869021900896 1.0460521877733217e-18
    outer loop
      vertex 61.579422863405995 34.07871870788979 0
      vertex 61.63149157926016 33.97313379701838 0
      vertex 61.63149157926016 33.97313379701838 2.4
    endloop
  endfacet
  facet normal -0.8314696123025626 -0.5555702330195764 1.3117464534896059e-18
    outer loop
      vertex 61.51401800626211 34.176603993997645 0
      vertex 61.579422863405995 34.07871870788979 0
      vertex 61.579422863405995 34.07871870788979 2.4
    endloop
  endfacet
  facet normal -0.7518398074789501 -0.6593458151001002 1.1573798915179748e-18
    outer loop
      vertex 61.43639610306789 34.265114810957684 0
      vertex 61.51401800626211 34.176603993997645 0
      vertex 61.51401800626211 34.176603993997645 2.4
    endloop
  endfacet
  facet normal -0.6593458151000701 -0.7518398074789762 0
    outer loop
      vertex 61.43639610306789 34.265114810957684 0
      vertex 61.43639610306789 34.265114810957684 2.4
      vertex 61.34788528610785 34.342736714151904 0
    endloop
  endfacet
  facet normal -0.4422886902190335 -0.8968727415326724 0
    outer loop
      vertex 61.25 34.408141571295786 0
      vertex 61.25 34.408141571295786 2.4
      vertex 61.14441508912858 34.460210287149955 0
    endloop
  endfacet
  facet normal -0.3214394653031249 -0.9469301294951182 0
    outer loop
      vertex 61.14441508912858 34.460210287149955 0
      vertex 61.14441508912858 34.460210287149955 2.4
      vertex 61.03293714059227 34.498051951549954 0
    endloop
  endfacet
  facet normal -0.5555702330196042 -0.8314696123025439 0
    outer loop
      vertex 61.34788528610785 34.342736714151904 0
      vertex 61.34788528610785 34.342736714151904 2.4
      vertex 61.25 34.408141571295786 0
    endloop
  endfacet
  facet normal 0.9469301294951182 0.3214394653031249 0
    outer loop
      vertex 59.96850842073984 33.284303618761214 0
      vertex 59.93066675633984 33.395781567297526 2.4
      vertex 59.96850842073984 33.284303618761214 2.4
    endloop
  endfacet
  facet normal 0.9807852804032235 0.19509032201616344 0
    outer loop
      vertex 59.93066675633984 33.395781567297526 0
      vertex 59.907699624763566 33.51124513489175 2.4
      vertex 59.93066675633984 33.395781567297526 2.4
    endloop
  endfacet
  facet normal 0.9978589232386051 0.06540312923011934 0
    outer loop
      vertex 59.907699624763566 33.51124513489175 0
      vertex 59.9 33.628718707889796 2.4
      vertex 59.907699624763566 33.51124513489175 2.4
    endloop
  endfacet
  facet normal 0.9978589232386051 -0.06540312923011934 0
    outer loop
      vertex 59.9 33.628718707889796 0
      vertex 59.907699624763566 33.74619228088784 2.4
      vertex 59.9 33.628718707889796 2.4
    endloop
  endfacet
  facet normal 0.9807852804032235 -0.19509032201616344 -8.561614760149871e-20
    outer loop
      vertex 59.93066675633984 33.861655848482066 2.4
      vertex 59.907699624763566 33.74619228088784 2.4
      vertex 59.907699624763566 33.74619228088784 0
    endloop
  endfacet
  facet normal 0.9469301294951182 -0.3214394653031249 0
    outer loop
      vertex 59.93066675633984 33.861655848482066 0
      vertex 59.96850842073984 33.97313379701838 2.4
      vertex 59.93066675633984 33.861655848482066 2.4
    endloop
  endfacet
  facet normal 0.8968727415326606 -0.4422886902190575 0
    outer loop
      vertex 59.96850842073984 33.97313379701838 0
      vertex 60.02057713659401 34.07871870788979 2.4
      vertex 59.96850842073984 33.97313379701838 2.4
    endloop
  endfacet
  facet normal 0.8314696123025626 -0.5555702330195764 0
    outer loop
      vertex 60.02057713659401 34.07871870788979 0
      vertex 60.08598199373789 34.176603993997645 2.4
      vertex 60.02057713659401 34.07871870788979 2.4
    endloop
  endfacet
  facet normal 0.7518398074790061 -0.659345815100036 0
    outer loop
      vertex 60.08598199373789 34.176603993997645 0
      vertex 60.1636038969321 34.26511481095769 2.4
      vertex 60.08598199373789 34.176603993997645 2.4
    endloop
  endfacet
  facet normal 0.659345815100036 -0.7518398074790061 0
    outer loop
      vertex 60.1636038969321 34.26511481095769 0
      vertex 60.25211471389215 34.342736714151904 2.4
      vertex 60.1636038969321 34.26511481095769 2.4
    endloop
  endfacet
  facet normal 0.5555702330195764 -0.8314696123025626 0
    outer loop
      vertex 60.25211471389215 34.342736714151904 0
      vertex 60.35 34.408141571295786 2.4
      vertex 60.25211471389215 34.342736714151904 2.4
    endloop
  endfacet
  facet normal 0.4422886902190575 -0.8968727415326606 0
    outer loop
      vertex 60.35 34.408141571295786 0
      vertex 60.455584910871416 34.460210287149955 2.4
      vertex 60.35 34.408141571295786 2.4
    endloop
  endfacet
  facet normal 0.3214394653031249 -0.9469301294951182 0
    outer loop
      vertex 60.455584910871416 34.460210287149955 0
      vertex 60.56706285940773 34.498051951549954 2.4
      vertex 60.455584910871416 34.460210287149955 2.4
    endloop
  endfacet
  facet normal 0.19509032201616344 -0.9807852804032235 0
    outer loop
      vertex 60.56706285940773 34.498051951549954 0
      vertex 60.68252642700195 34.52101908312623 2.4
      vertex 60.56706285940773 34.498051951549954 2.4
    endloop
  endfacet
  facet normal 0.06540312923011934 -0.9978589232386051 0
    outer loop
      vertex 60.68252642700195 34.52101908312623 0
      vertex 60.8 34.528718707889794 2.4
      vertex 60.68252642700195 34.52101908312623 2.4
    endloop
  endfacet
  facet normal -0.195090322016175 -0.9807852804032212 0
    outer loop
      vertex 60.91747357299805 34.52101908312623 0
      vertex 61.03293714059227 34.498051951549954 2.4
      vertex 60.91747357299805 34.52101908312623 2.4
    endloop
  endfacet
  facet normal -0.3214394653031249 -0.9469301294951182 0
    outer loop
      vertex 61.03293714059227 34.498051951549954 0
      vertex 61.14441508912858 34.460210287149955 2.4
      vertex 61.03293714059227 34.498051951549954 2.4
    endloop
  endfacet
  facet normal -0.0654031292301154 -0.9978589232386053 0
    outer loop
      vertex 60.8 34.528718707889794 0
      vertex 60.91747357299805 34.52101908312623 2.4
      vertex 60.8 34.528718707889794 2.4
    endloop
  endfacet
  facet normal -0.9469301294950998 -0.32143946530317896 0
    outer loop
      vertex 61.63149157926016 33.97313379701838 0
      vertex 61.66933324366016 33.861655848482066 2.4
      vertex 61.63149157926016 33.97313379701838 2.4
    endloop
  endfacet
  facet normal -0.9469301294950998 0.32143946530317896 0
    outer loop
      vertex 61.66933324366016 33.395781567297526 0
      vertex 61.63149157926016 33.284303618761214 2.4
      vertex 61.66933324366016 33.395781567297526 2.4
    endloop
  endfacet
  facet normal -0.9807852804032351 0.1950903220161054 0
    outer loop
      vertex 61.69230037523643 33.51124513489175 0
      vertex 61.66933324366016 33.395781567297526 2.4
      vertex 61.69230037523643 33.51124513489175 2.4
    endloop
  endfacet
  facet normal -0.9978589232386051 0.06540312923011934 0
    outer loop
      vertex 61.699999999999996 33.628718707889796 0
      vertex 61.69230037523643 33.51124513489175 2.4
      vertex 61.699999999999996 33.628718707889796 2.4
    endloop
  endfacet
  facet normal -0.9978589232386051 -0.06540312923011934 0
    outer loop
      vertex 61.69230037523643 33.74619228088784 0
      vertex 61.699999999999996 33.628718707889796 2.4
      vertex 61.69230037523643 33.74619228088784 2.4
    endloop
  endfacet
  facet normal -0.9807852804032351 -0.1950903220161054 0
    outer loop
      vertex 61.66933324366016 33.861655848482066 0
      vertex 61.69230037523643 33.74619228088784 2.4
      vertex 61.66933324366016 33.861655848482066 2.4
    endloop
  endfacet
  facet normal -0.8968727415326846 -0.44228869021900896 1.0460521877733217e-18
    outer loop
      vertex 61.63149157926016 33.97313379701838 2.4
      vertex 61.579422863405995 34.07871870788979 2.4
      vertex 61.579422863405995 34.07871870788979 0
    endloop
  endfacet
  facet normal -0.8314696123025626 -0.5555702330195764 0
    outer loop
      vertex 61.51401800626211 34.176603993997645 0
      vertex 61.579422863405995 34.07871870788979 2.4
      vertex 61.51401800626211 34.176603993997645 2.4
    endloop
  endfacet
  facet normal -0.7518398074789501 -0.6593458151001002 0
    outer loop
      vertex 61.43639610306789 34.265114810957684 0
      vertex 61.51401800626211 34.176603993997645 2.4
      vertex 61.43639610306789 34.265114810957684 2.4
    endloop
  endfacet
  facet normal -0.6593458151000701 -0.7518398074789762 0
    outer loop
      vertex 61.34788528610785 34.342736714151904 0
      vertex 61.43639610306789 34.265114810957684 2.4
      vertex 61.34788528610785 34.342736714151904 2.4
    endloop
  endfacet
  facet normal -0.4422886902190335 -0.8968727415326724 0
    outer loop
      vertex 61.14441508912858 34.460210287149955 0
      vertex 61.25 34.408141571295786 2.4
      vertex 61.14441508912858 34.460210287149955 2.4
    endloop
  endfacet
  facet normal -0.5555702330196042 -0.8314696123025439 0
    outer loop
      vertex 61.25 34.408141571295786 0
      vertex 61.34788528610785 34.342736714151904 2.4
      vertex 61.25 34.408141571295786 2.4
    endloop
  endfacet
  facet normal 0.7518398074789762 0.6593458151000701 1.5299653295695397e-18
    outer loop
      vertex 63.363603896932105 32.9923226048219 0
      vertex 63.285981993737884 33.080833421781946 0
      vertex 63.285981993737884 33.080833421781946 2.4
    endloop
  endfacet
  facet normal 0.8968727415326962 0.442288690218985 -6.329142351190511e-19
    outer loop
      vertex 63.220577136594 33.17871870788979 0
      vertex 63.16850842073984 33.284303618761214 0
      vertex 63.16850842073984 33.284303618761214 2.4
    endloop
  endfacet
  facet normal 0.8314696123025439 0.5555702330196042 6.873062199386083e-19
    outer loop
      vertex 63.285981993737884 33.080833421781946 0
      vertex 63.220577136594 33.17871870788979 0
      vertex 63.220577136594 33.17871870788979 2.4
    endloop
  endfacet
  facet normal 0.7518398074789762 0.6593458151000701 0
    outer loop
      vertex 63.363603896932105 32.9923226048219 0
      vertex 63.285981993737884 33.080833421781946 2.4
      vertex 63.363603896932105 32.9923226048219 2.4
    endloop
  endfacet
  facet normal 0.8314696123025439 0.5555702330196042 0
    outer loop
      vertex 63.285981993737884 33.080833421781946 0
      vertex 63.220577136594 33.17871870788979 2.4
      vertex 63.285981993737884 33.080833421781946 2.4
    endloop
  endfacet
  facet normal 0.8968727415326962 0.442288690218985 0
    outer loop
      vertex 63.220577136594 33.17871870788979 0
      vertex 63.16850842073984 33.284303618761214 2.4
      vertex 63.220577136594 33.17871870788979 2.4
    endloop
  endfacet
  facet normal 0.5555702330196042 0.8314696123025439 0
    outer loop
      vertex 63.45211471389215 32.91470070162768 0
      vertex 63.45211471389215 32.91470070162768 2.4
      vertex 63.55 32.8492958444838 0
    endloop
  endfacet
  facet normal 0.442288690218985 0.8968727415326962 0
    outer loop
      vertex 63.55 32.8492958444838 0
      vertex 63.55 32.8492958444838 2.4
      vertex 63.65558491087142 32.797227128629636 0
    endloop
  endfacet
  facet normal 0.19509032201611692 0.9807852804032327 0
    outer loop
      vertex 63.76706285940773 32.75938546422963 2.4
      vertex 63.88252642700195 32.736418332653365 0
      vertex 63.76706285940773 32.75938546422963 0
    endloop
  endfacet
  facet normal 0.32143946530317896 0.9469301294950998 0
    outer loop
      vertex 63.65558491087142 32.797227128629636 0
      vertex 63.65558491087142 32.797227128629636 2.4
      vertex 63.76706285940773 32.75938546422963 0
    endloop
  endfacet
  facet normal 0.6593458151000701 0.7518398074789762 0
    outer loop
      vertex 63.363603896932105 32.9923226048219 2.4
      vertex 63.45211471389215 32.91470070162768 0
      vertex 63.363603896932105 32.9923226048219 0
    endloop
  endfacet
  facet normal 0.0654031292301154 0.9978589232386053 0
    outer loop
      vertex 63.88252642700195 32.736418332653365 0
      vertex 63.88252642700195 32.736418332653365 2.4
      vertex 64 32.7287187078898 0
    endloop
  endfacet
  facet normal -0.0654031292301154 0.9978589232386053 0
    outer loop
      vertex 64 32.7287187078898 0
      vertex 64 32.7287187078898 2.4
      vertex 64.11747357299805 32.736418332653365 0
    endloop
  endfacet
  facet normal -0.19509032201611692 0.9807852804032327 0
    outer loop
      vertex 64.11747357299805 32.736418332653365 0
      vertex 64.11747357299805 32.736418332653365 2.4
      vertex 64.23293714059227 32.75938546422963 0
    endloop
  endfacet
  facet normal -0.32143946530319734 0.9469301294950937 0
    outer loop
      vertex 64.23293714059227 32.75938546422963 0
      vertex 64.23293714059227 32.75938546422963 2.4
      vertex 64.34441508912857 32.797227128629636 0
    endloop
  endfacet
  facet normal -0.44228869021896106 0.8968727415327081 0
    outer loop
      vertex 64.34441508912857 32.797227128629636 0
      vertex 64.34441508912857 32.797227128629636 2.4
      vertex 64.45 32.8492958444838 0
    endloop
  endfacet
  facet normal -0.5555702330196322 0.8314696123025254 0
    outer loop
      vertex 64.45 32.8492958444838 0
      vertex 64.45 32.8492958444838 2.4
      vertex 64.54788528610784 32.91470070162768 0
    endloop
  endfacet
  facet normal -0.6593458151000402 0.7518398074790024 0
    outer loop
      vertex 64.54788528610784 32.91470070162768 0
      vertex 64.54788528610784 32.91470070162768 2.4
      vertex 64.6363961030679 32.9923226048219 0
    endloop
  endfacet
  facet normal -0.7518398074790061 0.659345815100036 0
    outer loop
      vertex 64.6363961030679 32.9923226048219 0
      vertex 64.6363961030679 32.9923226048219 2.4
      vertex 64.71401800626211 33.080833421781946 0
    endloop
  endfacet
  facet normal -0.831469612302516 0.555570233019646 -1.0671585335425951e-18
    outer loop
      vertex 64.779422863406 33.17871870788979 0
      vertex 64.71401800626211 33.080833421781946 0
      vertex 64.71401800626211 33.080833421781946 2.4
    endloop
  endfacet
  facet normal -0.8968727415326962 0.442288690218985 6.329142351190511e-19
    outer loop
      vertex 64.83149157926016 33.284303618761214 0
      vertex 64.779422863406 33.17871870788979 0
      vertex 64.779422863406 33.17871870788979 2.4
    endloop
  endfacet
  facet normal 0.6593458151000701 0.7518398074789762 0
    outer loop
      vertex 63.45211471389215 32.91470070162768 0
      vertex 63.363603896932105 32.9923226048219 2.4
      vertex 63.45211471389215 32.91470070162768 2.4
    endloop
  endfacet
  facet normal 0.442288690218985 0.8968727415326962 0
    outer loop
      vertex 63.65558491087142 32.797227128629636 0
      vertex 63.55 32.8492958444838 2.4
      vertex 63.65558491087142 32.797227128629636 2.4
    endloop
  endfacet
  facet normal 0.5555702330196042 0.8314696123025439 0
    outer loop
      vertex 63.55 32.8492958444838 0
      vertex 63.45211471389215 32.91470070162768 2.4
      vertex 63.55 32.8492958444838 2.4
    endloop
  endfacet
  facet normal 0.32143946530317896 0.9469301294950998 0
    outer loop
      vertex 63.76706285940773 32.75938546422963 0
      vertex 63.65558491087142 32.797227128629636 2.4
      vertex 63.76706285940773 32.75938546422963 2.4
    endloop
  endfacet
  facet normal 0.19509032201611692 0.9807852804032327 0
    outer loop
      vertex 63.88252642700195 32.736418332653365 0
      vertex 63.76706285940773 32.75938546422963 2.4
      vertex 63.88252642700195 32.736418332653365 2.4
    endloop
  endfacet
  facet normal 0.0654031292301154 0.9978589232386053 0
    outer loop
      vertex 64 32.7287187078898 0
      vertex 63.88252642700195 32.736418332653365 2.4
      vertex 64 32.7287187078898 2.4
    endloop
  endfacet
  facet normal -0.0654031292301154 0.9978589232386053 0
    outer loop
      vertex 64.11747357299805 32.736418332653365 0
      vertex 64 32.7287187078898 2.4
      vertex 64.11747357299805 32.736418332653365 2.4
    endloop
  endfacet
  facet normal -0.19509032201611692 0.9807852804032327 0
    outer loop
      vertex 64.23293714059227 32.75938546422963 0
      vertex 64.11747357299805 32.736418332653365 2.4
      vertex 64.23293714059227 32.75938546422963 2.4
    endloop
  endfacet
  facet normal -0.32143946530319734 0.9469301294950937 0
    outer loop
      vertex 64.34441508912857 32.797227128629636 0
      vertex 64.23293714059227 32.75938546422963 2.4
      vertex 64.34441508912857 32.797227128629636 2.4
    endloop
  endfacet
  facet normal -0.44228869021896106 0.8968727415327081 0
    outer loop
      vertex 64.45 32.8492958444838 0
      vertex 64.34441508912857 32.797227128629636 2.4
      vertex 64.45 32.8492958444838 2.4
    endloop
  endfacet
  facet normal -0.5555702330196322 0.8314696123025254 0
    outer loop
      vertex 64.54788528610784 32.91470070162768 0
      vertex 64.45 32.8492958444838 2.4
      vertex 64.54788528610784 32.91470070162768 2.4
    endloop
  endfacet
  facet normal -0.6593458151000402 0.7518398074790024 0
    outer loop
      vertex 64.6363961030679 32.9923226048219 0
      vertex 64.54788528610784 32.91470070162768 2.4
      vertex 64.6363961030679 32.9923226048219 2.4
    endloop
  endfacet
  facet normal -0.7518398074790061 0.659345815100036 0
    outer loop
      vertex 64.71401800626211 33.080833421781946 0
      vertex 64.6363961030679 32.9923226048219 2.4
      vertex 64.71401800626211 33.080833421781946 2.4
    endloop
  endfacet
  facet normal -0.831469612302516 0.555570233019646 0
    outer loop
      vertex 64.779422863406 33.17871870788979 0
      vertex 64.71401800626211 33.080833421781946 2.4
      vertex 64.779422863406 33.17871870788979 2.4
    endloop
  endfacet
  facet normal -0.8968727415326962 0.442288690218985 0
    outer loop
      vertex 64.83149157926016 33.284303618761214 0
      vertex 64.779422863406 33.17871870788979 2.4
      vertex 64.83149157926016 33.284303618761214 2.4
    endloop
  endfacet
  facet normal 0.9469301294950998 0.32143946530317896 -1.1474413751089625e-18
    outer loop
      vertex 63.16850842073984 33.284303618761214 0
      vertex 63.130666756339835 33.395781567297526 0
      vertex 63.130666756339835 33.395781567297526 2.4
    endloop
  endfacet
  facet normal 0.9807852804032351 0.1950903220161054 -2.9030080596004424e-19
    outer loop
      vertex 63.130666756339835 33.395781567297526 0
      vertex 63.10769962476357 33.51124513489175 0
      vertex 63.10769962476357 33.51124513489175 2.4
    endloop
  endfacet
  facet normal 0.9978589232386051 0.06540312923011934 1.7561745598935092e-19
    outer loop
      vertex 63.10769962476357 33.51124513489175 0
      vertex 63.1 33.628718707889796 0
      vertex 63.1 33.628718707889796 2.4
    endloop
  endfacet
  facet normal 0.9978589232386051 -0.06540312923011934 -1.7561745598935092e-19
    outer loop
      vertex 63.1 33.628718707889796 0
      vertex 63.10769962476357 33.74619228088784 0
      vertex 63.10769962476357 33.74619228088784 2.4
    endloop
  endfacet
  facet normal 0.9807852804032351 -0.1950903220161054 2.9030080596004424e-19
    outer loop
      vertex 63.10769962476357 33.74619228088784 0
      vertex 63.130666756339835 33.861655848482066 0
      vertex 63.130666756339835 33.861655848482066 2.4
    endloop
  endfacet
  facet normal 0.9469301294950998 -0.32143946530317896 1.1474413751089625e-18
    outer loop
      vertex 63.130666756339835 33.861655848482066 0
      vertex 63.16850842073984 33.97313379701838 0
      vertex 63.16850842073984 33.97313379701838 2.4
    endloop
  endfacet
  facet normal 0.8968727415326846 -0.44228869021900896 -1.0460521877733217e-18
    outer loop
      vertex 63.16850842073984 33.97313379701838 0
      vertex 63.220577136594 34.07871870788979 0
      vertex 63.220577136594 34.07871870788979 2.4
    endloop
  endfacet
  facet normal 0.8314696123025626 -0.5555702330195764 -1.3117464534896059e-18
    outer loop
      vertex 63.220577136594 34.07871870788979 0
      vertex 63.285981993737884 34.176603993997645 0
      vertex 63.285981993737884 34.176603993997645 2.4
    endloop
  endfacet
  facet normal 0.7518398074789501 -0.6593458151001002 -1.1573798915179748e-18
    outer loop
      vertex 63.285981993737884 34.176603993997645 0
      vertex 63.363603896932105 34.265114810957684 0
      vertex 63.363603896932105 34.265114810957684 2.4
    endloop
  endfacet
  facet normal 0.9469301294950998 0.32143946530317896 0
    outer loop
      vertex 63.16850842073984 33.284303618761214 0
      vertex 63.130666756339835 33.395781567297526 2.4
      vertex 63.16850842073984 33.284303618761214 2.4
    endloop
  endfacet
  facet normal 0.9807852804032351 0.1950903220161054 0
    outer loop
      vertex 63.130666756339835 33.395781567297526 0
      vertex 63.10769962476357 33.51124513489175 2.4
      vertex 63.130666756339835 33.395781567297526 2.4
    endloop
  endfacet
  facet normal 0.9978589232386051 0.06540312923011934 0
    outer loop
      vertex 63.10769962476357 33.51124513489175 0
      vertex 63.1 33.628718707889796 2.4
      vertex 63.10769962476357 33.51124513489175 2.4
    endloop
  endfacet
  facet normal 0.9978589232386051 -0.06540312923011934 0
    outer loop
      vertex 63.1 33.628718707889796 0
      vertex 63.10769962476357 33.74619228088784 2.4
      vertex 63.1 33.628718707889796 2.4
    endloop
  endfacet
  facet normal 0.9807852804032351 -0.1950903220161054 0
    outer loop
      vertex 63.10769962476357 33.74619228088784 0
      vertex 63.130666756339835 33.861655848482066 2.4
      vertex 63.10769962476357 33.74619228088784 2.4
    endloop
  endfacet
  facet normal 0.9469301294950998 -0.32143946530317896 0
    outer loop
      vertex 63.130666756339835 33.861655848482066 0
      vertex 63.16850842073984 33.97313379701838 2.4
      vertex 63.130666756339835 33.861655848482066 2.4
    endloop
  endfacet
  facet normal 0.8968727415326846 -0.44228869021900896 -1.0460521877733217e-18
    outer loop
      vertex 63.220577136594 34.07871870788979 2.4
      vertex 63.16850842073984 33.97313379701838 2.4
      vertex 63.16850842073984 33.97313379701838 0
    endloop
  endfacet
  facet normal 0.8314696123025626 -0.5555702330195764 0
    outer loop
      vertex 63.220577136594 34.07871870788979 0
      vertex 63.285981993737884 34.176603993997645 2.4
      vertex 63.220577136594 34.07871870788979 2.4
    endloop
  endfacet
  facet normal 0.7518398074789501 -0.6593458151001002 0
    outer loop
      vertex 63.285981993737884 34.176603993997645 0
      vertex 63.363603896932105 34.265114810957684 2.4
      vertex 63.285981993737884 34.176603993997645 2.4
    endloop
  endfacet
  facet normal 0.6593458151000701 -0.7518398074789762 0
    outer loop
      vertex 63.45211471389215 34.342736714151904 0
      vertex 63.45211471389215 34.342736714151904 2.4
      vertex 63.363603896932105 34.265114810957684 0
    endloop
  endfacet
  facet normal 0.5555702330196042 -0.8314696123025439 0
    outer loop
      vertex 63.55 34.408141571295786 0
      vertex 63.55 34.408141571295786 2.4
      vertex 63.45211471389215 34.342736714151904 0
    endloop
  endfacet
  facet normal 0.4422886902190335 -0.8968727415326724 0
    outer loop
      vertex 63.65558491087142 34.460210287149955 0
      vertex 63.65558491087142 34.460210287149955 2.4
      vertex 63.55 34.408141571295786 0
    endloop
  endfacet
  facet normal 0.3214394653031249 -0.9469301294951182 0
    outer loop
      vertex 63.76706285940773 34.498051951549954 0
      vertex 63.76706285940773 34.498051951549954 2.4
      vertex 63.65558491087142 34.460210287149955 0
    endloop
  endfacet
  facet normal 0.195090322016175 -0.9807852804032212 0
    outer loop
      vertex 63.88252642700195 34.52101908312623 0
      vertex 63.88252642700195 34.52101908312623 2.4
      vertex 63.76706285940773 34.498051951549954 0
    endloop
  endfacet
  facet normal -0.195090322016175 -0.9807852804032212 0
    outer loop
      vertex 64.23293714059227 34.498051951549954 0
      vertex 64.23293714059227 34.498051951549954 2.4
      vertex 64.11747357299805 34.52101908312623 0
    endloop
  endfacet
  facet normal 0.0654031292301154 -0.9978589232386053 0
    outer loop
      vertex 64 34.528718707889794 0
      vertex 64 34.528718707889794 2.4
      vertex 63.88252642700195 34.52101908312623 0
    endloop
  endfacet
  facet normal -0.0654031292301154 -0.9978589232386053 0
    outer loop
      vertex 64.11747357299805 34.52101908312623 0
      vertex 64.11747357299805 34.52101908312623 2.4
      vertex 64 34.528718707889794 0
    endloop
  endfacet
  facet normal -0.3214394653031432 -0.9469301294951119 0
    outer loop
      vertex 64.34441508912857 34.460210287149955 0
      vertex 64.34441508912857 34.460210287149955 2.4
      vertex 64.23293714059227 34.498051951549954 0
    endloop
  endfacet
  facet normal -0.44228869021900963 -0.8968727415326841 0
    outer loop
      vertex 64.45 34.408141571295786 0
      vertex 64.45 34.408141571295786 2.4
      vertex 64.34441508912857 34.460210287149955 0
    endloop
  endfacet
  facet normal -0.9469301294950998 0.32143946530317896 1.1474413751089625e-18
    outer loop
      vertex 64.86933324366017 33.395781567297526 0
      vertex 64.83149157926016 33.284303618761214 0
      vertex 64.83149157926016 33.284303618761214 2.4
    endloop
  endfacet
  facet normal -0.9807852804032351 0.1950903220161054 2.9030080596004424e-19
    outer loop
      vertex 64.89230037523643 33.51124513489175 0
      vertex 64.86933324366017 33.395781567297526 0
      vertex 64.86933324366017 33.395781567297526 2.4
    endloop
  endfacet
  facet normal -0.997858923238601 0.06540312923017944 1.1144476620977665e-19
    outer loop
      vertex 64.9 33.628718707889796 0
      vertex 64.89230037523643 33.51124513489175 0
      vertex 64.89230037523643 33.51124513489175 2.4
    endloop
  endfacet
  facet normal -0.997858923238601 -0.06540312923017944 -1.1144476620977665e-19
    outer loop
      vertex 64.89230037523643 33.74619228088784 0
      vertex 64.9 33.628718707889796 0
      vertex 64.9 33.628718707889796 2.4
    endloop
  endfacet
  facet normal -0.9807852804032351 -0.1950903220161054 -2.9030080596004424e-19
    outer loop
      vertex 64.86933324366017 33.861655848482066 0
      vertex 64.89230037523643 33.74619228088784 0
      vertex 64.89230037523643 33.74619228088784 2.4
    endloop
  endfacet
  facet normal -0.9469301294950998 -0.32143946530317896 -1.1474413751089625e-18
    outer loop
      vertex 64.83149157926016 33.97313379701838 0
      vertex 64.86933324366017 33.861655848482066 0
      vertex 64.86933324366017 33.861655848482066 2.4
    endloop
  endfacet
  facet normal -0.8314696123025346 -0.5555702330196182 -1.3782571016535846e-18
    outer loop
      vertex 64.71401800626211 34.176603993997645 0
      vertex 64.779422863406 34.07871870788979 0
      vertex 64.779422863406 34.07871870788979 2.4
    endloop
  endfacet
  facet normal -0.6593458151000061 -0.7518398074790323 -9.198362319172667e-19
    outer loop
      vertex 64.54788528610784 34.342736714151904 0
      vertex 64.6363961030679 34.26511481095769 0
      vertex 64.6363961030679 34.26511481095769 2.4
    endloop
  endfacet
  facet normal -0.7518398074790061 -0.659345815100036 -1.2924216701476303e-18
    outer loop
      vertex 64.6363961030679 34.26511481095769 0
      vertex 64.71401800626211 34.176603993997645 0
      vertex 64.71401800626211 34.176603993997645 2.4
    endloop
  endfacet
  facet normal -0.8968727415326846 -0.44228869021900896 1.0460521877733217e-18
    outer loop
      vertex 64.779422863406 34.07871870788979 0
      vertex 64.83149157926016 33.97313379701838 0
      vertex 64.83149157926016 33.97313379701838 2.4
    endloop
  endfacet
  facet normal -0.5555702330196322 -0.8314696123025254 0
    outer loop
      vertex 64.54788528610784 34.342736714151904 0
      vertex 64.54788528610784 34.342736714151904 2.4
      vertex 64.45 34.408141571295786 0
    endloop
  endfacet
  facet normal 0.6593458151000701 -0.7518398074789762 0
    outer loop
      vertex 63.363603896932105 34.265114810957684 0
      vertex 63.45211471389215 34.342736714151904 2.4
      vertex 63.363603896932105 34.265114810957684 2.4
    endloop
  endfacet
  facet normal 0.5555702330196042 -0.8314696123025439 0
    outer loop
      vertex 63.45211471389215 34.342736714151904 0
      vertex 63.55 34.408141571295786 2.4
      vertex 63.45211471389215 34.342736714151904 2.4
    endloop
  endfacet
  facet normal 0.4422886902190335 -0.8968727415326724 0
    outer loop
      vertex 63.55 34.408141571295786 0
      vertex 63.65558491087142 34.460210287149955 2.4
      vertex 63.55 34.408141571295786 2.4
    endloop
  endfacet
  facet normal 0.3214394653031249 -0.9469301294951182 0
    outer loop
      vertex 63.65558491087142 34.460210287149955 0
      vertex 63.76706285940773 34.498051951549954 2.4
      vertex 63.65558491087142 34.460210287149955 2.4
    endloop
  endfacet
  facet normal 0.195090322016175 -0.9807852804032212 0
    outer loop
      vertex 63.76706285940773 34.498051951549954 0
      vertex 63.88252642700195 34.52101908312623 2.4
      vertex 63.76706285940773 34.498051951549954 2.4
    endloop
  endfacet
  facet normal -0.195090322016175 -0.9807852804032212 0
    outer loop
      vertex 64.11747357299805 34.52101908312623 0
      vertex 64.23293714059227 34.498051951549954 2.4
      vertex 64.11747357299805 34.52101908312623 2.4
    endloop
  endfacet
  facet normal 0.0654031292301154 -0.9978589232386053 0
    outer loop
      vertex 63.88252642700195 34.52101908312623 0
      vertex 64 34.528718707889794 2.4
      vertex 63.88252642700195 34.52101908312623 2.4
    endloop
  endfacet
  facet normal -0.0654031292301154 -0.9978589232386053 0
    outer loop
      vertex 64 34.528718707889794 0
      vertex 64.11747357299805 34.52101908312623 2.4
      vertex 64 34.528718707889794 2.4
    endloop
  endfacet
  facet normal -0.3214394653031432 -0.9469301294951119 0
    outer loop
      vertex 64.23293714059227 34.498051951549954 0
      vertex 64.34441508912857 34.460210287149955 2.4
      vertex 64.23293714059227 34.498051951549954 2.4
    endloop
  endfacet
  facet normal -0.44228869021900963 -0.8968727415326841 9.06587366797815e-19
    outer loop
      vertex 64.45 34.408141571295786 2.4
      vertex 64.34441508912857 34.460210287149955 2.4
      vertex 64.34441508912857 34.460210287149955 0
    endloop
  endfacet
  facet normal -0.9469301294950998 0.32143946530317896 0
    outer loop
      vertex 64.86933324366017 33.395781567297526 0
      vertex 64.83149157926016 33.284303618761214 2.4
      vertex 64.86933324366017 33.395781567297526 2.4
    endloop
  endfacet
  facet normal -0.9807852804032351 0.1950903220161054 2.9030080596004424e-19
    outer loop
      vertex 64.86933324366017 33.395781567297526 2.4
      vertex 64.89230037523643 33.51124513489175 2.4
      vertex 64.89230037523643 33.51124513489175 0
    endloop
  endfacet
  facet normal -0.997858923238601 0.06540312923017944 0
    outer loop
      vertex 64.9 33.628718707889796 0
      vertex 64.89230037523643 33.51124513489175 2.4
      vertex 64.9 33.628718707889796 2.4
    endloop
  endfacet
  facet normal -0.997858923238601 -0.06540312923017944 0
    outer loop
      vertex 64.89230037523643 33.74619228088784 0
      vertex 64.9 33.628718707889796 2.4
      vertex 64.89230037523643 33.74619228088784 2.4
    endloop
  endfacet
  facet normal -0.9807852804032351 -0.1950903220161054 0
    outer loop
      vertex 64.86933324366017 33.861655848482066 0
      vertex 64.89230037523643 33.74619228088784 2.4
      vertex 64.86933324366017 33.861655848482066 2.4
    endloop
  endfacet
  facet normal -0.9469301294950998 -0.32143946530317896 -1.1474413751089625e-18
    outer loop
      vertex 64.86933324366017 33.861655848482066 2.4
      vertex 64.83149157926016 33.97313379701838 2.4
      vertex 64.83149157926016 33.97313379701838 0
    endloop
  endfacet
  facet normal -0.8314696123025346 -0.5555702330196182 0
    outer loop
      vertex 64.71401800626211 34.176603993997645 0
      vertex 64.779422863406 34.07871870788979 2.4
      vertex 64.71401800626211 34.176603993997645 2.4
    endloop
  endfacet
  facet normal -0.6593458151000061 -0.7518398074790323 0
    outer loop
      vertex 64.54788528610784 34.342736714151904 0
      vertex 64.6363961030679 34.26511481095769 2.4
      vertex 64.54788528610784 34.342736714151904 2.4
    endloop
  endfacet
  facet normal -0.7518398074790061 -0.659345815100036 -1.2924216701476303e-18
    outer loop
      vertex 64.71401800626211 34.176603993997645 2.4
      vertex 64.6363961030679 34.26511481095769 2.4
      vertex 64.6363961030679 34.26511481095769 0
    endloop
  endfacet
  facet normal -0.8968727415326846 -0.44228869021900896 0
    outer loop
      vertex 64.779422863406 34.07871870788979 0
      vertex 64.83149157926016 33.97313379701838 2.4
      vertex 64.779422863406 34.07871870788979 2.4
    endloop
  endfacet
  facet normal -0.5555702330196322 -0.8314696123025254 0
    outer loop
      vertex 64.45 34.408141571295786 0
      vertex 64.54788528610784 34.342736714151904 2.4
      vertex 64.45 34.408141571295786 2.4
    endloop
  endfacet
  facet normal 0.831469612302516 0.555570233019646 1.0671585335425951e-18
    outer loop
      vertex 61.68598199373789 35.85211471389215 0
      vertex 61.620577136594 35.949999999999996 0
      vertex 61.620577136594 35.949999999999996 2.4
    endloop
  endfacet
  facet normal 0.8968727415326962 0.442288690218985 -6.329142351190511e-19
    outer loop
      vertex 61.620577136594 35.949999999999996 0
      vertex 61.56850842073984 36.05558491087142 0
      vertex 61.56850842073984 36.05558491087142 2.4
    endloop
  endfacet
  facet normal 0.555570233019646 0.831469612302516 0
    outer loop
      vertex 61.85211471389215 35.68598199373789 0
      vertex 61.85211471389215 35.68598199373789 2.4
      vertex 61.949999999999996 35.620577136594 0
    endloop
  endfacet
  facet normal 0.19509032201616344 0.9807852804032235 0
    outer loop
      vertex 62.16706285940773 35.53066675633984 0
      vertex 62.16706285940773 35.53066675633984 2.4
      vertex 62.282526427001955 35.50769962476357 0
    endloop
  endfacet
  facet normal 0.442288690218985 0.8968727415326962 0
    outer loop
      vertex 61.949999999999996 35.620577136594 0
      vertex 61.949999999999996 35.620577136594 2.4
      vertex 62.05558491087142 35.56850842073984 0
    endloop
  endfacet
  facet normal 0.3214394653031249 0.9469301294951182 0
    outer loop
      vertex 62.05558491087142 35.56850842073984 0
      vertex 62.05558491087142 35.56850842073984 2.4
      vertex 62.16706285940773 35.53066675633984 0
    endloop
  endfacet
  facet normal 0.659345815100036 0.7518398074790061 0
    outer loop
      vertex 61.7636038969321 35.7636038969321 2.4
      vertex 61.85211471389215 35.68598199373789 0
      vertex 61.7636038969321 35.7636038969321 0
    endloop
  endfacet
  facet normal 0.7518398074790061 0.659345815100036 -1.2924216701476303e-18
    outer loop
      vertex 61.7636038969321 35.7636038969321 0
      vertex 61.68598199373789 35.85211471389215 0
      vertex 61.68598199373789 35.85211471389215 2.4
    endloop
  endfacet
  facet normal 0.06540312923011934 0.9978589232386051 0
    outer loop
      vertex 62.282526427001955 35.50769962476357 0
      vertex 62.282526427001955 35.50769962476357 2.4
      vertex 62.4 35.5 0
    endloop
  endfacet
  facet normal -0.06540312923011934 0.9978589232386051 0
    outer loop
      vertex 62.4 35.5 0
      vertex 62.4 35.5 2.4
      vertex 62.51747357299804 35.50769962476357 0
    endloop
  endfacet
  facet normal -0.19509032201616344 0.9807852804032235 0
    outer loop
      vertex 62.51747357299804 35.50769962476357 0
      vertex 62.51747357299804 35.50769962476357 2.4
      vertex 62.63293714059227 35.53066675633984 0
    endloop
  endfacet
  facet normal -0.3214394653031249 0.9469301294951182 0
    outer loop
      vertex 62.63293714059227 35.53066675633984 0
      vertex 62.63293714059227 35.53066675633984 2.4
      vertex 62.74441508912858 35.56850842073984 0
    endloop
  endfacet
  facet normal -0.442288690218985 0.8968727415326962 0
    outer loop
      vertex 62.74441508912858 35.56850842073984 0
      vertex 62.74441508912858 35.56850842073984 2.4
      vertex 62.85 35.620577136594 0
    endloop
  endfacet
  facet normal -0.555570233019646 0.831469612302516 0
    outer loop
      vertex 62.85 35.620577136594 0
      vertex 62.85 35.620577136594 2.4
      vertex 62.94788528610785 35.68598199373789 0
    endloop
  endfacet
  facet normal -0.659345815100036 0.7518398074790061 0
    outer loop
      vertex 62.94788528610785 35.68598199373789 0
      vertex 62.94788528610785 35.68598199373789 2.4
      vertex 63.036396103067894 35.7636038969321 0
    endloop
  endfacet
  facet normal -0.7518398074790061 0.659345815100036 0
    outer loop
      vertex 63.036396103067894 35.7636038969321 0
      vertex 63.036396103067894 35.7636038969321 2.4
      vertex 63.11401800626211 35.85211471389215 0
    endloop
  endfacet
  facet normal -0.831469612302516 0.555570233019646 -1.0671585335425951e-18
    outer loop
      vertex 63.179422863405996 35.949999999999996 0
      vertex 63.11401800626211 35.85211471389215 0
      vertex 63.11401800626211 35.85211471389215 2.4
    endloop
  endfacet
  facet normal -0.8968727415326962 0.442288690218985 6.329142351190511e-19
    outer loop
      vertex 63.23149157926016 36.05558491087142 0
      vertex 63.179422863405996 35.949999999999996 0
      vertex 63.179422863405996 35.949999999999996 2.4
    endloop
  endfacet
  facet normal 0.9469301294951182 0.3214394653031249 -9.521014838475795e-16
    outer loop
      vertex 61.56850842073984 36.05558491087142 0
      vertex 61.53066675633984 36.16706285940773 0
      vertex 61.53066675633984 36.167062859407736 2.4
    endloop
  endfacet
  facet normal 0.9807852804032235 0.19509032201616344 8.561614760149871e-20
    outer loop
      vertex 61.53066675633984 36.16706285940773 0
      vertex 61.50769962476357 36.282526427001955 0
      vertex 61.50769962476357 36.282526427001955 2.4
    endloop
  endfacet
  facet normal 0.9978589232386051 0.06540312923011934 1.7561745598935092e-19
    outer loop
      vertex 61.50769962476357 36.282526427001955 0
      vertex 61.5 36.4 0
      vertex 61.5 36.4 2.4
    endloop
  endfacet
  facet normal 0.9978589232386051 -0.06540312923011934 -1.7561745598935092e-19
    outer loop
      vertex 61.5 36.4 0
      vertex 61.50769962476357 36.51747357299804 0
      vertex 61.50769962476357 36.51747357299804 2.4
    endloop
  endfacet
  facet normal 0.9807852804032235 -0.19509032201616344 -8.561614760149871e-20
    outer loop
      vertex 61.50769962476357 36.51747357299804 0
      vertex 61.53066675633984 36.63293714059227 0
      vertex 61.53066675633984 36.63293714059227 2.4
    endloop
  endfacet
  facet normal 0.9469301294951182 -0.3214394653031249 4.494961069704332e-19
    outer loop
      vertex 61.53066675633984 36.63293714059227 0
      vertex 61.56850842073984 36.74441508912858 0
      vertex 61.56850842073984 36.74441508912858 2.4
    endloop
  endfacet
  facet normal 0.8968727415326962 -0.442288690218985 6.329142351190511e-19
    outer loop
      vertex 61.56850842073984 36.74441508912858 0
      vertex 61.620577136594 36.85 0
      vertex 61.620577136594 36.85 2.4
    endloop
  endfacet
  facet normal 0.831469612302516 -0.555570233019646 -1.0671585335425951e-18
    outer loop
      vertex 61.620577136594 36.85 0
      vertex 61.68598199373789 36.94788528610785 0
      vertex 61.68598199373789 36.94788528610785 2.4
    endloop
  endfacet
  facet normal 0.7518398074790061 -0.659345815100036 1.2924216701476303e-18
    outer loop
      vertex 61.68598199373789 36.94788528610785 0
      vertex 61.7636038969321 37.036396103067894 0
      vertex 61.7636038969321 37.036396103067894 2.4
    endloop
  endfacet
  facet normal 0.659345815100036 -0.7518398074790061 0
    outer loop
      vertex 61.85211471389215 37.11401800626211 0
      vertex 61.85211471389215 37.11401800626211 2.4
      vertex 61.7636038969321 37.036396103067894 0
    endloop
  endfacet
  facet normal 0.555570233019646 -0.831469612302516 0
    outer loop
      vertex 61.949999999999996 37.179422863405996 0
      vertex 61.949999999999996 37.179422863405996 2.4
      vertex 61.85211471389215 37.11401800626211 0
    endloop
  endfacet
  facet normal 0.442288690218985 -0.8968727415326962 0
    outer loop
      vertex 62.05558491087142 37.23149157926016 0
      vertex 62.05558491087142 37.23149157926016 2.4
      vertex 61.949999999999996 37.179422863405996 0
    endloop
  endfacet
  facet normal 0.3214394653031249 -0.9469301294951182 0
    outer loop
      vertex 62.16706285940773 37.26933324366016 0
      vertex 62.16706285940773 37.26933324366016 2.4
      vertex 62.05558491087142 37.23149157926016 0
    endloop
  endfacet
  facet normal -0.9469301294951182 0.3214394653031249 4.494961069704332e-19
    outer loop
      vertex 63.26933324366016 36.16706285940773 0
      vertex 63.23149157926016 36.05558491087142 0
      vertex 63.23149157926016 36.05558491087142 2.4
    endloop
  endfacet
  facet normal -0.9807852804032235 0.19509032201616344 -8.561614760149871e-20
    outer loop
      vertex 63.29230037523643 36.282526427001955 0
      vertex 63.26933324366016 36.16706285940773 0
      vertex 63.26933324366016 36.16706285940773 2.4
    endloop
  endfacet
  facet normal -0.9978589232386051 0.06540312923011934 -1.7561745598935092e-19
    outer loop
      vertex 63.3 36.4 0
      vertex 63.29230037523643 36.282526427001955 0
      vertex 63.29230037523643 36.282526427001955 2.4
    endloop
  endfacet
  facet normal -0.9978589232386051 -0.06540312923011934 1.7561745598935092e-19
    outer loop
      vertex 63.29230037523643 36.51747357299804 0
      vertex 63.3 36.4 0
      vertex 63.3 36.4 2.4
    endloop
  endfacet
  facet normal -0.9807852804032235 -0.19509032201616344 8.561614760149871e-20
    outer loop
      vertex 63.26933324366016 36.63293714059227 0
      vertex 63.29230037523643 36.51747357299804 0
      vertex 63.29230037523643 36.51747357299804 2.4
    endloop
  endfacet
  facet normal -0.9469301294951182 -0.3214394653031249 -4.494961069704332e-19
    outer loop
      vertex 63.23149157926016 36.74441508912858 0
      vertex 63.26933324366016 36.63293714059227 0
      vertex 63.26933324366016 36.63293714059227 2.4
    endloop
  endfacet
  facet normal 0.19509032201616344 -0.9807852804032235 0
    outer loop
      vertex 62.282526427001955 37.29230037523643 0
      vertex 62.282526427001955 37.29230037523643 2.4
      vertex 62.16706285940773 37.26933324366016 0
    endloop
  endfacet
  facet normal 0.06540312923011934 -0.9978589232386051 0
    outer loop
      vertex 62.4 37.3 0
      vertex 62.4 37.3 2.4
      vertex 62.282526427001955 37.29230037523643 0
    endloop
  endfacet
  facet normal -0.06540312923011934 -0.9978589232386051 0
    outer loop
      vertex 62.51747357299804 37.29230037523643 0
      vertex 62.51747357299804 37.29230037523643 2.4
      vertex 62.4 37.3 0
    endloop
  endfacet
  facet normal -0.19509032201616344 -0.9807852804032235 0
    outer loop
      vertex 62.63293714059227 37.26933324366016 0
      vertex 62.63293714059227 37.26933324366016 2.4
      vertex 62.51747357299804 37.29230037523643 0
    endloop
  endfacet
  facet normal -0.3214394653031249 -0.9469301294951182 0
    outer loop
      vertex 62.74441508912858 37.23149157926016 0
      vertex 62.74441508912858 37.23149157926016 2.4
      vertex 62.63293714059227 37.26933324366016 0
    endloop
  endfacet
  facet normal -0.659345815100036 -0.7518398074790061 0
    outer loop
      vertex 63.036396103067894 37.036396103067894 2.4
      vertex 62.94788528610785 37.11401800626211 0
      vertex 63.036396103067894 37.036396103067894 0
    endloop
  endfacet
  facet normal -0.831469612302516 -0.555570233019646 1.0671585335425951e-18
    outer loop
      vertex 63.11401800626211 36.94788528610785 0
      vertex 63.179422863405996 36.85 0
      vertex 63.179422863405996 36.85 2.4
    endloop
  endfacet
  facet normal -0.8968727415326962 -0.442288690218985 -6.329142351190511e-19
    outer loop
      vertex 63.179422863405996 36.85 0
      vertex 63.23149157926016 36.74441508912858 0
      vertex 63.23149157926016 36.74441508912858 2.4
    endloop
  endfacet
  facet normal -0.7518398074790061 -0.659345815100036 -1.2924216701476303e-18
    outer loop
      vertex 63.036396103067894 37.036396103067894 0
      vertex 63.11401800626211 36.94788528610785 0
      vertex 63.11401800626211 36.94788528610785 2.4
    endloop
  endfacet
  facet normal -0.442288690218985 -0.8968727415326962 0
    outer loop
      vertex 62.85 37.179422863405996 0
      vertex 62.85 37.179422863405996 2.4
      vertex 62.74441508912858 37.23149157926016 0
    endloop
  endfacet
  facet normal -0.555570233019646 -0.831469612302516 0
    outer loop
      vertex 62.94788528610785 37.11401800626211 0
      vertex 62.94788528610785 37.11401800626211 2.4
      vertex 62.85 37.179422863405996 0
    endloop
  endfacet
  facet normal 0.8968727415326962 0.442288690218985 0
    outer loop
      vertex 61.620577136594 35.949999999999996 0
      vertex 61.56850842073984 36.05558491087142 2.4
      vertex 61.620577136594 35.949999999999996 2.4
    endloop
  endfacet
  facet normal 0.659345815100036 0.7518398074790061 0
    outer loop
      vertex 61.85211471389215 35.68598199373789 0
      vertex 61.7636038969321 35.7636038969321 2.4
      vertex 61.85211471389215 35.68598199373789 2.4
    endloop
  endfacet
  facet normal 0.555570233019646 0.831469612302516 0
    outer loop
      vertex 61.949999999999996 35.620577136594 0
      vertex 61.85211471389215 35.68598199373789 2.4
      vertex 61.949999999999996 35.620577136594 2.4
    endloop
  endfacet
  facet normal 0.3214394653031249 0.9469301294951182 0
    outer loop
      vertex 62.16706285940773 35.53066675633984 0
      vertex 62.05558491087142 35.56850842073984 2.4
      vertex 62.16706285940773 35.53066675633984 2.4
    endloop
  endfacet
  facet normal 0.442288690218985 0.8968727415326962 0
    outer loop
      vertex 62.05558491087142 35.56850842073984 0
      vertex 61.949999999999996 35.620577136594 2.4
      vertex 62.05558491087142 35.56850842073984 2.4
    endloop
  endfacet
  facet normal 0.7518398074790061 0.659345815100036 0
    outer loop
      vertex 61.7636038969321 35.7636038969321 0
      vertex 61.68598199373789 35.85211471389215 2.4
      vertex 61.7636038969321 35.7636038969321 2.4
    endloop
  endfacet
  facet normal 0.831469612302516 0.555570233019646 0
    outer loop
      vertex 61.68598199373789 35.85211471389215 0
      vertex 61.620577136594 35.949999999999996 2.4
      vertex 61.68598199373789 35.85211471389215 2.4
    endloop
  endfacet
  facet normal 0.19509032201616344 0.9807852804032235 0
    outer loop
      vertex 62.282526427001955 35.50769962476357 0
      vertex 62.16706285940773 35.53066675633984 2.4
      vertex 62.282526427001955 35.50769962476357 2.4
    endloop
  endfacet
  facet normal 0.06540312923011934 0.9978589232386051 0
    outer loop
      vertex 62.4 35.5 0
      vertex 62.282526427001955 35.50769962476357 2.4
      vertex 62.4 35.5 2.4
    endloop
  endfacet
  facet normal -0.06540312923011934 0.9978589232386051 0
    outer loop
      vertex 62.51747357299804 35.50769962476357 0
      vertex 62.4 35.5 2.4
      vertex 62.51747357299804 35.50769962476357 2.4
    endloop
  endfacet
  facet normal -0.19509032201616344 0.9807852804032235 0
    outer loop
      vertex 62.63293714059227 35.53066675633984 0
      vertex 62.51747357299804 35.50769962476357 2.4
      vertex 62.63293714059227 35.53066675633984 2.4
    endloop
  endfacet
  facet normal -0.3214394653031249 0.9469301294951182 0
    outer loop
      vertex 62.74441508912858 35.56850842073984 0
      vertex 62.63293714059227 35.53066675633984 2.4
      vertex 62.74441508912858 35.56850842073984 2.4
    endloop
  endfacet
  facet normal -0.442288690218985 0.8968727415326962 0
    outer loop
      vertex 62.85 35.620577136594 0
      vertex 62.74441508912858 35.56850842073984 2.4
      vertex 62.85 35.620577136594 2.4
    endloop
  endfacet
  facet normal -0.555570233019646 0.831469612302516 0
    outer loop
      vertex 62.94788528610785 35.68598199373789 0
      vertex 62.85 35.620577136594 2.4
      vertex 62.94788528610785 35.68598199373789 2.4
    endloop
  endfacet
  facet normal -0.659345815100036 0.7518398074790061 0
    outer loop
      vertex 63.036396103067894 35.7636038969321 0
      vertex 62.94788528610785 35.68598199373789 2.4
      vertex 63.036396103067894 35.7636038969321 2.4
    endloop
  endfacet
  facet normal -0.7518398074790061 0.659345815100036 1.2924216701476303e-18
    outer loop
      vertex 63.036396103067894 35.7636038969321 2.4
      vertex 63.11401800626211 35.85211471389215 2.4
      vertex 63.11401800626211 35.85211471389215 0
    endloop
  endfacet
  facet normal -0.831469612302516 0.555570233019646 0
    outer loop
      vertex 63.179422863405996 35.949999999999996 0
      vertex 63.11401800626211 35.85211471389215 2.4
      vertex 63.179422863405996 35.949999999999996 2.4
    endloop
  endfacet
  facet normal -0.8968727415326962 0.442288690218985 0
    outer loop
      vertex 63.23149157926016 36.05558491087142 0
      vertex 63.179422863405996 35.949999999999996 2.4
      vertex 63.23149157926016 36.05558491087142 2.4
    endloop
  endfacet
  facet normal 0.9469301294951245 0.3214394653031065 0
    outer loop
      vertex 61.56850842073984 36.05558491087142 0
      vertex 61.53066675633984 36.167062859407736 2.4
      vertex 61.56850842073984 36.05558491087142 2.4
    endloop
  endfacet
  facet normal 0.9807852804032212 0.195090322016175 -5.775833796903829e-16
    outer loop
      vertex 61.53066675633984 36.16706285940773 0
      vertex 61.50769962476357 36.282526427001955 2.4
      vertex 61.53066675633984 36.167062859407736 2.4
    endloop
  endfacet
  facet normal 0.9978589232386051 0.06540312923011934 0
    outer loop
      vertex 61.50769962476357 36.282526427001955 0
      vertex 61.5 36.4 2.4
      vertex 61.50769962476357 36.282526427001955 2.4
    endloop
  endfacet
  facet normal 0.9978589232386051 -0.06540312923011934 0
    outer loop
      vertex 61.5 36.4 0
      vertex 61.50769962476357 36.51747357299804 2.4
      vertex 61.5 36.4 2.4
    endloop
  endfacet
  facet normal 0.9807852804032235 -0.19509032201616344 -8.561614760149871e-20
    outer loop
      vertex 61.53066675633984 36.63293714059227 2.4
      vertex 61.50769962476357 36.51747357299804 2.4
      vertex 61.50769962476357 36.51747357299804 0
    endloop
  endfacet
  facet normal 0.9469301294951182 -0.3214394653031249 0
    outer loop
      vertex 61.53066675633984 36.63293714059227 0
      vertex 61.56850842073984 36.74441508912858 2.4
      vertex 61.53066675633984 36.63293714059227 2.4
    endloop
  endfacet
  facet normal 0.8968727415326962 -0.442288690218985 0
    outer loop
      vertex 61.56850842073984 36.74441508912858 0
      vertex 61.620577136594 36.85 2.4
      vertex 61.56850842073984 36.74441508912858 2.4
    endloop
  endfacet
  facet normal 0.831469612302516 -0.555570233019646 0
    outer loop
      vertex 61.620577136594 36.85 0
      vertex 61.68598199373789 36.94788528610785 2.4
      vertex 61.620577136594 36.85 2.4
    endloop
  endfacet
  facet normal 0.7518398074790061 -0.659345815100036 1.2924216701476303e-18
    outer loop
      vertex 61.7636038969321 37.036396103067894 2.4
      vertex 61.68598199373789 36.94788528610785 2.4
      vertex 61.68598199373789 36.94788528610785 0
    endloop
  endfacet
  facet normal 0.659345815100036 -0.7518398074790061 0
    outer loop
      vertex 61.7636038969321 37.036396103067894 0
      vertex 61.85211471389215 37.11401800626211 2.4
      vertex 61.7636038969321 37.036396103067894 2.4
    endloop
  endfacet
  facet normal 0.555570233019646 -0.831469612302516 0
    outer loop
      vertex 61.85211471389215 37.11401800626211 0
      vertex 61.949999999999996 37.179422863405996 2.4
      vertex 61.85211471389215 37.11401800626211 2.4
    endloop
  endfacet
  facet normal 0.442288690218985 -0.8968727415326962 0
    outer loop
      vertex 61.949999999999996 37.179422863405996 0
      vertex 62.05558491087142 37.23149157926016 2.4
      vertex 61.949999999999996 37.179422863405996 2.4
    endloop
  endfacet
  facet normal 0.3214394653031249 -0.9469301294951182 0
    outer loop
      vertex 62.05558491087142 37.23149157926016 0
      vertex 62.16706285940773 37.26933324366016 2.4
      vertex 62.05558491087142 37.23149157926016 2.4
    endloop
  endfacet
  facet normal 0.19509032201616344 -0.9807852804032235 0
    outer loop
      vertex 62.16706285940773 37.26933324366016 0
      vertex 62.282526427001955 37.29230037523643 2.4
      vertex 62.16706285940773 37.26933324366016 2.4
    endloop
  endfacet
  facet normal -0.9469301294951182 0.3214394653031249 0
    outer loop
      vertex 63.26933324366016 36.16706285940773 0
      vertex 63.23149157926016 36.05558491087142 2.4
      vertex 63.26933324366016 36.16706285940773 2.4
    endloop
  endfacet
  facet normal -0.9807852804032235 0.19509032201616344 -8.561614760149871e-20
    outer loop
      vertex 63.26933324366016 36.16706285940773 2.4
      vertex 63.29230037523643 36.282526427001955 2.4
      vertex 63.29230037523643 36.282526427001955 0
    endloop
  endfacet
  facet normal -0.9978589232386051 0.06540312923011934 0
    outer loop
      vertex 63.3 36.4 0
      vertex 63.29230037523643 36.282526427001955 2.4
      vertex 63.3 36.4 2.4
    endloop
  endfacet
  facet normal -0.9978589232386051 -0.06540312923011934 0
    outer loop
      vertex 63.29230037523643 36.51747357299804 0
      vertex 63.3 36.4 2.4
      vertex 63.29230037523643 36.51747357299804 2.4
    endloop
  endfacet
  facet normal -0.9807852804032235 -0.19509032201616344 0
    outer loop
      vertex 63.26933324366016 36.63293714059227 0
      vertex 63.29230037523643 36.51747357299804 2.4
      vertex 63.26933324366016 36.63293714059227 2.4
    endloop
  endfacet
  facet normal -0.9469301294951182 -0.3214394653031249 0
    outer loop
      vertex 63.23149157926016 36.74441508912858 0
      vertex 63.26933324366016 36.63293714059227 2.4
      vertex 63.23149157926016 36.74441508912858 2.4
    endloop
  endfacet
  facet normal 0.06540312923011934 -0.9978589232386051 0
    outer loop
      vertex 62.282526427001955 37.29230037523643 0
      vertex 62.4 37.3 2.4
      vertex 62.282526427001955 37.29230037523643 2.4
    endloop
  endfacet
  facet normal -0.06540312923011934 -0.9978589232386051 0
    outer loop
      vertex 62.4 37.3 0
      vertex 62.51747357299804 37.29230037523643 2.4
      vertex 62.4 37.3 2.4
    endloop
  endfacet
  facet normal -0.19509032201616344 -0.9807852804032235 0
    outer loop
      vertex 62.51747357299804 37.29230037523643 0
      vertex 62.63293714059227 37.26933324366016 2.4
      vertex 62.51747357299804 37.29230037523643 2.4
    endloop
  endfacet
  facet normal -0.3214394653031249 -0.9469301294951182 0
    outer loop
      vertex 62.63293714059227 37.26933324366016 0
      vertex 62.74441508912858 37.23149157926016 2.4
      vertex 62.63293714059227 37.26933324366016 2.4
    endloop
  endfacet
  facet normal -0.442288690218985 -0.8968727415326962 0
    outer loop
      vertex 62.74441508912858 37.23149157926016 0
      vertex 62.85 37.179422863405996 2.4
      vertex 62.74441508912858 37.23149157926016 2.4
    endloop
  endfacet
  facet normal -0.7518398074790061 -0.659345815100036 0
    outer loop
      vertex 63.036396103067894 37.036396103067894 0
      vertex 63.11401800626211 36.94788528610785 2.4
      vertex 63.036396103067894 37.036396103067894 2.4
    endloop
  endfacet
  facet normal -0.659345815100036 -0.7518398074790061 0
    outer loop
      vertex 62.94788528610785 37.11401800626211 0
      vertex 63.036396103067894 37.036396103067894 2.4
      vertex 62.94788528610785 37.11401800626211 2.4
    endloop
  endfacet
  facet normal -0.8968727415326962 -0.442288690218985 0
    outer loop
      vertex 63.179422863405996 36.85 0
      vertex 63.23149157926016 36.74441508912858 2.4
      vertex 63.179422863405996 36.85 2.4
    endloop
  endfacet
  facet normal -0.831469612302516 -0.555570233019646 0
    outer loop
      vertex 63.11401800626211 36.94788528610785 0
      vertex 63.179422863405996 36.85 2.4
      vertex 63.11401800626211 36.94788528610785 2.4
    endloop
  endfacet
  facet normal -0.555570233019646 -0.831469612302516 0
    outer loop
      vertex 62.85 37.179422863405996 0
      vertex 62.94788528610785 37.11401800626211 2.4
      vertex 62.85 37.179422863405996 2.4
    endloop
  endfacet
endsolid OpenSCAD_Model
